acquisition,configuration,fppi_budget,n_seeds,recall_mean,recall_sd
mterie,historical_additive,0.01,5,0.09468926553672316,0.04200328452035936
mterie,historical_additive,0.010232929922807542,5,0.09468926553672316,0.04200328452035936
mterie,historical_additive,0.010471285480508996,5,0.09468926553672316,0.04200328452035936
mterie,historical_additive,0.010715193052376065,5,0.09468926553672316,0.04200328452035936
mterie,historical_additive,0.01096478196143185,5,0.09468926553672316,0.04200328452035936
mterie,historical_additive,0.011220184543019636,5,0.09468926553672316,0.04200328452035936
mterie,historical_additive,0.01148153621496883,5,0.09740112994350283,0.040298766133528646
mterie,historical_additive,0.011748975549395297,5,0.09740112994350283,0.040298766133528646
mterie,historical_additive,0.012022644346174132,5,0.09740112994350283,0.040298766133528646
mterie,historical_additive,0.012302687708123818,5,0.09740112994350283,0.040298766133528646
mterie,historical_additive,0.012589254117941675,5,0.09740112994350283,0.040298766133528646
mterie,historical_additive,0.012882495516931342,5,0.0976271186440678,0.0398823639686506
mterie,historical_additive,0.013182567385564075,5,0.0976271186440678,0.0398823639686506
mterie,historical_additive,0.013489628825916533,5,0.0976271186440678,0.0398823639686506
mterie,historical_additive,0.013803842646028852,5,0.0976271186440678,0.0398823639686506
mterie,historical_additive,0.01412537544622754,5,0.09943502824858756,0.04055025463636554
mterie,historical_additive,0.014454397707459272,5,0.09943502824858756,0.04055025463636554
mterie,historical_additive,0.014791083881682071,5,0.09943502824858756,0.04055025463636554
mterie,historical_additive,0.01513561248436208,5,0.09943502824858756,0.04055025463636554
mterie,historical_additive,0.01548816618912481,5,0.09943502824858756,0.04055025463636554
mterie,historical_additive,0.015848931924611134,5,0.1014689265536723,0.03920879532316195
mterie,historical_additive,0.0162181009735893,5,0.1014689265536723,0.03920879532316195
mterie,historical_additive,0.016595869074375606,5,0.1014689265536723,0.03920879532316195
mterie,historical_additive,0.016982436524617443,5,0.10361581920903955,0.04111038213666834
mterie,historical_additive,0.017378008287493755,5,0.10361581920903955,0.04111038213666834
mterie,historical_additive,0.01778279410038923,5,0.10361581920903955,0.04111038213666834
mterie,historical_additive,0.018197008586099836,5,0.10361581920903955,0.04111038213666834
mterie,historical_additive,0.018620871366628676,5,0.10485875706214691,0.040308665750488075
mterie,historical_additive,0.019054607179632473,5,0.10485875706214691,0.040308665750488075
mterie,historical_additive,0.019498445997580455,5,0.10485875706214691,0.040308665750488075
mterie,historical_additive,0.0199526231496888,5,0.10632768361581921,0.040312229017464105
mterie,historical_additive,0.020417379446695295,5,0.10632768361581921,0.040312229017464105
mterie,historical_additive,0.020892961308540396,5,0.10632768361581921,0.040312229017464105
mterie,historical_additive,0.021379620895022326,5,0.10768361581920902,0.04075949143736262
mterie,historical_additive,0.02187761623949553,5,0.10768361581920902,0.04075949143736262
mterie,historical_additive,0.0223872113856834,5,0.10768361581920902,0.04075949143736262
mterie,historical_additive,0.022908676527677724,5,0.10971751412429379,0.041108052782574886
mterie,historical_additive,0.023442288153199226,5,0.10971751412429379,0.041108052782574886
mterie,historical_additive,0.023988329190194897,5,0.10971751412429379,0.041108052782574886
mterie,historical_additive,0.02454708915685031,5,0.11050847457627118,0.04183576717335207
mterie,historical_additive,0.025118864315095794,5,0.11050847457627118,0.04183576717335207
mterie,historical_additive,0.025703957827688646,5,0.112090395480226,0.041485241329569475
mterie,historical_additive,0.026302679918953815,5,0.112090395480226,0.041485241329569475
mterie,historical_additive,0.026915348039269153,5,0.11389830508474574,0.04100932210297622
mterie,historical_additive,0.02754228703338166,5,0.11389830508474574,0.04100932210297622
mterie,historical_additive,0.028183829312644536,5,0.11389830508474574,0.04100932210297622
mterie,historical_additive,0.028840315031266057,5,0.11627118644067795,0.04003413909107941
mterie,historical_additive,0.029512092266663854,5,0.11627118644067795,0.04003413909107941
mterie,historical_additive,0.03019951720402016,5,0.11807909604519773,0.03902192444811583
mterie,historical_additive,0.030902954325135904,5,0.11807909604519773,0.03902192444811583
mterie,historical_additive,0.03162277660168379,5,0.11943502824858757,0.03999465315855285
mterie,historical_additive,0.03235936569296283,5,0.11943502824858757,0.03999465315855285
mterie,historical_additive,0.03311311214825911,5,0.12067796610169493,0.04003852401315233
mterie,historical_additive,0.033884415613920256,5,0.12067796610169493,0.04003852401315233
mterie,historical_additive,0.034673685045253165,5,0.12135593220338983,0.0398823639686506
mterie,historical_additive,0.03548133892335755,5,0.12305084745762714,0.038990010023226294
mterie,historical_additive,0.03630780547701014,5,0.12305084745762714,0.038990010023226294
mterie,historical_additive,0.03715352290971726,5,0.12463276836158192,0.03966206317933722
mterie,historical_additive,0.038018939632056124,5,0.12463276836158192,0.03966206317933722
mterie,historical_additive,0.03890451449942805,5,0.1263276836158192,0.04048447389604877
mterie,historical_additive,0.039810717055349734,5,0.12745762711864408,0.04126730957015016
mterie,historical_additive,0.04073802778041126,5,0.12745762711864408,0.04126730957015016
mterie,historical_additive,0.04168693834703355,5,0.12836158192090397,0.042075036063065445
mterie,historical_additive,0.04265795188015926,5,0.12903954802259887,0.04227219676301122
mterie,historical_additive,0.04365158322401661,5,0.12903954802259887,0.04227219676301122
mterie,historical_additive,0.0446683592150963,5,0.1303954802259887,0.042608385096284306
mterie,historical_additive,0.04570881896148752,5,0.1309604519774011,0.0430110140910653
mterie,historical_additive,0.046773514128719815,5,0.13152542372881357,0.04275421629066693
mterie,historical_additive,0.04786300923226385,5,0.13152542372881357,0.04275421629066693
mterie,historical_additive,0.04897788193684462,5,0.1327683615819209,0.04355232344284586
mterie,historical_additive,0.05011872336272725,5,0.13502824858757062,0.04398260634270957
mterie,historical_additive,0.05128613839913648,5,0.13661016949152543,0.04518961791427343
mterie,historical_additive,0.05248074602497726,5,0.1383050847457627,0.04588182865271494
mterie,historical_additive,0.05370317963702527,5,0.13898305084745763,0.04570862396141848
mterie,historical_additive,0.054954087385762455,5,0.13898305084745763,0.04570862396141848
mterie,historical_additive,0.05623413251903491,5,0.13966101694915253,0.04448125610118391
mterie,historical_additive,0.057543993733715694,5,0.14124293785310735,0.04497295799420478
mterie,historical_additive,0.0588843655355589,5,0.14192090395480225,0.044941718387767955
mterie,historical_additive,0.06025595860743578,5,0.14248587570621468,0.04524432627386974
mterie,historical_additive,0.06165950018614822,5,0.14259887005649716,0.045037852791963436
mterie,historical_additive,0.06309573444801933,5,0.14418079096045197,0.04528134922145394
mterie,historical_additive,0.06456542290346556,5,0.14418079096045197,0.04528134922145394
mterie,historical_additive,0.06606934480075961,5,0.14451977401129942,0.04499495469320811
mterie,historical_additive,0.06760829753919818,5,0.14519774011299436,0.04508637409800346
mterie,historical_additive,0.06918309709189363,5,0.14587570621468926,0.045401025891841515
mterie,historical_additive,0.0707945784384138,5,0.14757062146892655,0.04504104192714099
mterie,historical_additive,0.07244359600749899,5,0.147909604519774,0.04500914040684877
mterie,historical_additive,0.07413102413009177,5,0.14881355932203388,0.04493674644801945
mterie,historical_additive,0.07585775750291836,5,0.14915254237288134,0.04499601877686313
mterie,historical_additive,0.07762471166286919,5,0.15005649717514125,0.04393649859266327
mterie,historical_additive,0.07943282347242814,5,0.15084745762711865,0.04394993655261301
mterie,historical_additive,0.08128305161640995,5,0.15141242937853108,0.04411666130447583
mterie,historical_additive,0.08317637711026708,5,0.15231638418079096,0.04440800159328578
mterie,historical_additive,0.08511380382023767,5,0.15480225988700563,0.0470709970585327
mterie,historical_additive,0.08709635899560805,5,0.15480225988700563,0.0470709970585327
mterie,historical_additive,0.08912509381337459,5,0.15706214689265535,0.04870567697684137
mterie,historical_additive,0.09120108393559097,5,0.15728813559322033,0.04872795381211584
mterie,historical_additive,0.0933254300796991,5,0.15853107344632766,0.049174616771879134
mterie,historical_additive,0.09549925860214359,5,0.15898305084745762,0.04899416004716335
mterie,historical_additive,0.09772372209558107,5,0.16033898305084743,0.04923591863539436
mterie,historical_additive,0.1,5,0.16101694915254236,0.04933888956808618
mterie,historical_additive,0.10232929922807542,5,0.16192090395480227,0.04985311502783823
mterie,historical_additive,0.10471285480508996,5,0.16519774011299435,0.04963012350303225
mterie,historical_additive,0.10715193052376065,5,0.16576271186440678,0.049837105780526615
mterie,historical_additive,0.1096478196143185,5,0.16723163841807911,0.05144811575773428
mterie,historical_additive,0.11220184543019636,5,0.16813559322033897,0.051535830052326
mterie,historical_additive,0.1148153621496883,5,0.17039548022598872,0.05244295314235186
mterie,historical_additive,0.11748975549395298,5,0.17175141242937855,0.053138889537536614
mterie,historical_additive,0.12022644346174131,5,0.17389830508474574,0.05304630462550414
mterie,historical_additive,0.12302687708123818,5,0.17536723163841808,0.053404924180988286
mterie,historical_additive,0.12589254117941676,5,0.17672316384180792,0.052901693418896036
mterie,historical_additive,0.12882495516931342,5,0.17875706214689266,0.051722847567741446
mterie,historical_additive,0.13182567385564073,5,0.17988700564971752,0.05165491954071894
mterie,historical_additive,0.1348962882591654,5,0.1807909604519774,0.05223774152865
mterie,historical_additive,0.13803842646028852,5,0.1822598870056497,0.05204582820846153
mterie,historical_additive,0.14125375446227548,5,0.1846327683615819,0.05286849763997492
mterie,historical_additive,0.1445439770745927,5,0.18677966101694915,0.05439096636742006
mterie,historical_additive,0.1479108388168207,5,0.1880225988700565,0.05546716451356214
mterie,historical_additive,0.1513561248436208,5,0.1905084745762712,0.05394134182971341
mterie,historical_additive,0.1548816618912481,5,0.19209039548022597,0.053848951097466104
mterie,historical_additive,0.15848931924611134,5,0.1935593220338983,0.0538883549782315
mterie,historical_additive,0.16218100973589297,5,0.1951412429378531,0.05393424046928115
mterie,historical_additive,0.16595869074375605,5,0.19898305084745763,0.054862509835740425
mterie,historical_additive,0.16982436524617442,5,0.20067796610169492,0.054277586253424256
mterie,historical_additive,0.17378008287493754,5,0.20248587570621468,0.05575587110799996
mterie,historical_additive,0.1778279410038923,5,0.20372881355932204,0.05660244430075723
mterie,historical_additive,0.18197008586099836,5,0.20542372881355933,0.05708815204262608
mterie,historical_additive,0.18620871366628675,5,0.20779661016949152,0.057073892621184806
mterie,historical_additive,0.19054607179632474,5,0.21062146892655367,0.05831181803191452
mterie,historical_additive,0.19498445997580455,5,0.21220338983050852,0.058087229310269134
mterie,historical_additive,0.19952623149688797,5,0.21423728813559323,0.0587073344546637
mterie,historical_additive,0.20417379446695297,5,0.21672316384180795,0.05851972928480657
mterie,historical_additive,0.20892961308540398,5,0.21841807909604521,0.05910857479168358
mterie,historical_additive,0.21379620895022325,5,0.22158192090395482,0.05962446449181505
mterie,historical_additive,0.2187761623949553,5,0.22214689265536722,0.05972074779180097
mterie,historical_additive,0.223872113856834,5,0.22587570621468928,0.0612446056436867
mterie,historical_additive,0.22908676527677735,5,0.22858757062146892,0.06201655567319995
mterie,historical_additive,0.23442288153199228,5,0.22983050847457628,0.061928738833781555
mterie,historical_additive,0.2398832919019491,5,0.23412429378531074,0.06463262020448429
mterie,historical_additive,0.2454708915685031,5,0.23570621468926553,0.06406814535721501
mterie,historical_additive,0.25118864315095807,5,0.23751412429378532,0.06390752080286057
mterie,historical_additive,0.25703957827688634,5,0.239774011299435,0.06404721717328646
mterie,historical_additive,0.26302679918953814,5,0.24282485875706214,0.06523087604917872
mterie,historical_additive,0.26915348039269155,5,0.24531073446327678,0.065328668387922
mterie,historical_additive,0.2754228703338166,5,0.24870056497175144,0.06657611393003086
mterie,historical_additive,0.28183829312644537,5,0.2526553672316384,0.06957231994212223
mterie,historical_additive,0.28840315031266056,5,0.25661016949152543,0.06888995972186647
mterie,historical_additive,0.29512092266663853,5,0.2590960451977401,0.06902095970647167
mterie,historical_additive,0.3019951720402016,5,0.2614689265536723,0.06961933036353371
mterie,historical_additive,0.30902954325135906,5,0.2627118644067797,0.06907689448242316
mterie,historical_additive,0.31622776601683794,5,0.26463276836158195,0.06817760180103728
mterie,historical_additive,0.32359365692962827,5,0.2677966101694915,0.071366689564033
mterie,historical_additive,0.3311311214825911,5,0.2705084745762712,0.06928037370700647
mterie,historical_additive,0.33884415613920255,5,0.2748022598870057,0.06965851966509935
mterie,historical_additive,0.34673685045253166,5,0.27728813559322035,0.06949542959038794
mterie,historical_additive,0.35481338923357547,5,0.2805649717514124,0.06924143136830915
mterie,historical_additive,0.3630780547701014,5,0.2828248587570622,0.06944052145068542
mterie,historical_additive,0.37153522909717257,5,0.2848587570621469,0.0702457803764593
mterie,historical_additive,0.38018939632056126,5,0.28711864406779664,0.07108143991407706
mterie,historical_additive,0.38904514499428067,5,0.2896045197740113,0.07176875985854814
mterie,historical_additive,0.3981071705534973,5,0.29265536723163843,0.07277287946111356
mterie,historical_additive,0.40738027780411284,5,0.296045197740113,0.07347131256910994
mterie,historical_additive,0.41686938347033553,5,0.3012429378531073,0.0764231589112682
mterie,historical_additive,0.4265795188015928,5,0.30418079096045203,0.07620482570307485
mterie,historical_additive,0.4365158322401661,5,0.3067796610169492,0.0761371494341326
mterie,historical_additive,0.44668359215096326,5,0.3099435028248588,0.07625088660595158
mterie,historical_additive,0.4570881896148752,5,0.31310734463276835,0.077233312237244
mterie,historical_additive,0.4677351412871981,5,0.3175141242937853,0.07619267773593885
mterie,historical_additive,0.47863009232263826,5,0.32022598870056496,0.07539399316503158
mterie,historical_additive,0.48977881936844614,5,0.32361581920903953,0.07396535426440996
mterie,historical_additive,0.5011872336272722,5,0.32655367231638416,0.07393147029584449
mterie,historical_additive,0.5128613839913648,5,0.3282485875706215,0.07407380807936326
mterie,historical_additive,0.5248074602497725,5,0.33220338983050846,0.07194133856095336
mterie,historical_additive,0.5370317963702527,5,0.33627118644067794,0.07206590625969923
mterie,historical_additive,0.5495408738576245,5,0.33954802259887007,0.07177254015199525
mterie,historical_additive,0.5623413251903491,5,0.34440677966101696,0.07286887292912607
mterie,historical_additive,0.5754399373371569,5,0.34768361581920904,0.07160066908976447
mterie,historical_additive,0.588843655355589,5,0.35276836158192093,0.06844394347529023
mterie,historical_additive,0.6025595860743578,5,0.35649717514124296,0.06856904598168936
mterie,historical_additive,0.6165950018614822,5,0.35920903954802264,0.06758842801485591
mterie,historical_additive,0.6309573444801934,5,0.3624858757062147,0.0682454539633061
mterie,historical_additive,0.6456542290346556,5,0.3655367231638419,0.06730637255413481
mterie,historical_additive,0.6606934480075961,5,0.36881355932203386,0.06741228164857836
mterie,historical_additive,0.6760829753919819,5,0.3728813559322034,0.06851432718389287
mterie,historical_additive,0.6918309709189366,5,0.3763841807909604,0.06871134319258025
mterie,historical_additive,0.707945784384138,5,0.38011299435028245,0.06677598047348764
mterie,historical_additive,0.7244359600749902,5,0.38248587570621473,0.06730992925279175
mterie,historical_additive,0.7413102413009177,5,0.38519774011299435,0.06704312935076742
mterie,historical_additive,0.758577575029184,5,0.38858757062146887,0.06891196474299205
mterie,historical_additive,0.776247116628692,5,0.391638418079096,0.06864162651723606
mterie,historical_additive,0.7943282347242817,5,0.3944632768361582,0.06864046397273098
mterie,historical_additive,0.8128305161640995,5,0.3972881355932203,0.06896289678150888
mterie,historical_additive,0.8317637711026709,5,0.4011299435028248,0.06818743284708963
mterie,historical_additive,0.8511380382023763,5,0.40485875706214697,0.06770073258187327
mterie,historical_additive,0.8709635899560805,5,0.4088135593220339,0.06743382218215341
mterie,historical_additive,0.8912509381337455,5,0.41197740112994347,0.06742175086266172
mterie,historical_additive,0.9120108393559097,5,0.41491525423728814,0.0678149692656214
mterie,historical_additive,0.933254300796991,5,0.4187570621468926,0.0678688409951632
mterie,historical_additive,0.9549925860214359,5,0.42248587570621465,0.06645734638525447
mterie,historical_additive,0.9772372209558107,5,0.4264406779661017,0.06540313679232705
mterie,historical_additive,1.0,5,0.4296045197740114,0.06615792673165387
mterie,historical_additive,1.0232929922807548,5,0.4334463276836158,0.06815629633653641
mterie,historical_additive,1.0471285480508996,5,0.43728813559322033,0.06830319213427079
mterie,historical_additive,1.071519305237607,5,0.4415819209039548,0.06954960597040119
mterie,historical_additive,1.096478196143185,5,0.44440677966101705,0.07044792235485953
mterie,historical_additive,1.122018454301963,5,0.44700564971751405,0.07152350476268353
mterie,historical_additive,1.1481536214968828,5,0.4494915254237288,0.07115571931477498
mterie,historical_additive,1.174897554939529,5,0.45265536723163846,0.07180633157796155
mterie,historical_additive,1.2022644346174132,5,0.4551412429378532,0.07178321284710835
mterie,historical_additive,1.2302687708123812,5,0.4593220338983051,0.07111690622433511
mterie,historical_additive,1.2589254117941675,5,0.46293785310734464,0.07169199906808014
mterie,historical_additive,1.2882495516931336,5,0.4666666666666667,0.07148846342021405
mterie,historical_additive,1.3182567385564075,5,0.4698305084745763,0.0722728947622125
mterie,historical_additive,1.3489628825916533,5,0.4729943502824859,0.07152573611377594
mterie,historical_additive,1.3803842646028852,5,0.47615819209039545,0.07297042689246244
mterie,historical_additive,1.412537544622754,5,0.47932203389830513,0.07287653818438933
mterie,historical_additive,1.4454397707459279,5,0.4823728813559322,0.07412054730782848
mterie,historical_additive,1.4791083881682072,5,0.4859887005649718,0.07344132968652811
mterie,historical_additive,1.5135612484362087,5,0.4898305084745763,0.074412377689882
mterie,historical_additive,1.5488166189124812,5,0.4928813559322033,0.07406368095026629
mterie,historical_additive,1.584893192461114,5,0.4955932203389831,0.07363773407605455
mterie,historical_additive,1.6218100973589298,5,0.4986440677966102,0.07385868597066228
mterie,historical_additive,1.6595869074375613,5,0.5019209039548023,0.07427885394843033
mterie,historical_additive,1.6982436524617444,5,0.5053107344632768,0.0749078828253815
mterie,historical_additive,1.7378008287493762,5,0.5076836158192091,0.07511851319275824
mterie,historical_additive,1.7782794100389228,5,0.5102824858757062,0.07579933559542909
mterie,historical_additive,1.8197008586099843,5,0.5135593220338983,0.07580417812226603
mterie,historical_additive,1.8620871366628675,5,0.5164971751412428,0.07612813536211101
mterie,historical_additive,1.9054607179632483,5,0.5190960451977401,0.07565707993185858
mterie,historical_additive,1.9498445997580456,5,0.5236158192090394,0.07577722447655097
mterie,historical_additive,1.9952623149688808,5,0.5277966101694915,0.07707713955255233
mterie,historical_additive,2.0417379446695296,5,0.5297175141242938,0.07695404714930804
mterie,historical_additive,2.0892961308540388,5,0.5329943502824859,0.07758709977596433
mterie,historical_additive,2.1379620895022327,5,0.536045197740113,0.07692894862398163
mterie,historical_additive,2.1877616239495516,5,0.5385310734463277,0.07800130213320827
mterie,historical_additive,2.23872113856834,5,0.5411299435028248,0.07789995556495066
mterie,historical_additive,2.2908676527677723,5,0.5432768361581921,0.07749962803620379
mterie,historical_additive,2.344228815319923,5,0.5461016949152542,0.07674429536837656
mterie,historical_additive,2.39883291901949,5,0.5490395480225989,0.07728598800994214
mterie,historical_additive,2.454708915685031,5,0.5516384180790961,0.07656836851035534
mterie,historical_additive,2.5118864315095797,5,0.5550282485875706,0.07530418593133664
mterie,historical_additive,2.570395782768865,5,0.5577401129943503,0.07537599793163426
mterie,historical_additive,2.6302679918953813,5,0.5603389830508474,0.07620880478847451
mterie,historical_additive,2.691534803926917,5,0.5631638418079096,0.07631971672197298
mterie,historical_additive,2.7542287033381663,5,0.5654237288135593,0.07612079753872965
mterie,historical_additive,2.818382931264455,5,0.5687005649717515,0.07618492715870394
mterie,historical_additive,2.8840315031266055,5,0.5714124293785311,0.07666835282026409
mterie,historical_additive,2.951209226666387,5,0.5737853107344633,0.07601295477499687
mterie,historical_additive,3.019951720402016,5,0.575819209039548,0.07597599288867227
mterie,historical_additive,3.090295432513592,5,0.5780790960451978,0.07526581577339901
mterie,historical_additive,3.1622776601683795,5,0.58045197740113,0.07463360234247507
mterie,historical_additive,3.2359365692962845,5,0.5836158192090396,0.07450775829077759
mterie,historical_additive,3.311311214825911,5,0.5854237288135593,0.07412270047894864
mterie,historical_additive,3.3884415613920273,5,0.5877966101694916,0.07408199495884231
mterie,historical_additive,3.4673685045253166,5,0.5899435028248587,0.07277880052857064
mterie,historical_additive,3.548133892335757,5,0.592090395480226,0.07323960477514296
mterie,historical_additive,3.630780547701014,5,0.5944632768361582,0.07351517850649426
mterie,historical_additive,3.715352290971724,5,0.5974011299435029,0.07407660895574392
mterie,historical_additive,3.801893963205613,5,0.5998870056497175,0.07339676728567471
mterie,historical_additive,3.890451449942805,5,0.6020338983050848,0.07424769251790775
mterie,historical_additive,3.981071705534973,5,0.604180790960452,0.07403350682484469
mterie,historical_additive,4.073802778041126,5,0.6059887005649717,0.07316504154503545
mterie,historical_additive,4.168693834703355,5,0.608361581920904,0.07293651834389853
mterie,historical_additive,4.265795188015925,5,0.6098305084745763,0.07251759613485596
mterie,historical_additive,4.365158322401661,5,0.6120903954802259,0.07219114331657145
mterie,historical_additive,4.46683592150963,5,0.6141242937853107,0.07124918766298055
mterie,historical_additive,4.570881896148752,5,0.6161581920903956,0.07134946806118368
mterie,historical_additive,4.677351412871981,5,0.6171751412429378,0.0708297493615388
mterie,historical_additive,4.786300923226385,5,0.6190960451977402,0.07072579864261196
mterie,historical_additive,4.897788193684462,5,0.6212429378531074,0.06978556138534066
mterie,historical_additive,5.011872336272725,5,0.6233898305084746,0.06960007139648448
mterie,historical_additive,5.1286138399136485,5,0.6256497175141243,0.06975582461578766
mterie,historical_additive,5.248074602497728,5,0.6277966101694916,0.0691431716999501
mterie,historical_additive,5.370317963702527,5,0.6293785310734463,0.06881184304818438
mterie,historical_additive,5.4954087385762485,5,0.6303954802259886,0.06902766502449638
mterie,historical_additive,5.623413251903491,5,0.6324293785310735,0.06810148025002279
mterie,historical_additive,5.754399373371572,5,0.6345762711864407,0.06680346015450385
mterie,historical_additive,5.88843655355589,5,0.6363841807909605,0.06549116866005691
mterie,historical_additive,6.025595860743581,5,0.6384180790960452,0.06455034054857219
mterie,historical_additive,6.165950018614822,5,0.6399999999999999,0.06377852971216508
mterie,historical_additive,6.309573444801936,5,0.6422598870056497,0.0627060108226521
mterie,historical_additive,6.456542290346556,5,0.643728813559322,0.06219387027738184
mterie,historical_additive,6.6069344800759575,5,0.6453107344632769,0.06186298788456168
mterie,historical_additive,6.760829753919819,5,0.6480225988700564,0.061889554520357784
mterie,historical_additive,6.918309709189363,5,0.6501694915254237,0.061588917863010566
mterie,historical_additive,7.07945784384138,5,0.652316384180791,0.061625444630957156
mterie,historical_additive,7.244359600749899,5,0.6536723163841808,0.060533763778435605
mterie,historical_additive,7.413102413009177,5,0.6557062146892655,0.06096147300213626
mterie,historical_additive,7.585775750291836,5,0.6574011299435027,0.06148933069459068
mterie,historical_additive,7.76247116628692,5,0.6603389830508475,0.060120268452461205
mterie,historical_additive,7.943282347242813,5,0.6628248587570622,0.0584785336688656
mterie,historical_additive,8.128305161640995,5,0.6647457627118645,0.05824225800874999
mterie,historical_additive,8.317637711026709,5,0.6665536723163841,0.05869781889467542
mterie,historical_additive,8.511380382023768,5,0.668135593220339,0.05945451980018368
mterie,historical_additive,8.709635899560805,5,0.6694915254237288,0.05853254584453461
mterie,historical_additive,8.91250938133746,5,0.6712994350282486,0.05838976900934008
mterie,historical_additive,9.120108393559097,5,0.6724293785310735,0.05791360052355988
mterie,historical_additive,9.332543007969914,5,0.6738983050847458,0.058004469631563575
mterie,historical_additive,9.549925860214358,5,0.6751412429378532,0.05800804640946666
mterie,historical_additive,9.772372209558112,5,0.6763841807909605,0.05775078124050556
mterie,historical_additive,10.0,5,0.6784180790960451,0.05675702952856599
mterie,historical_fam,0.01,5,0.1309604519774011,0.012393373634527697
mterie,historical_fam,0.010232929922807542,5,0.1309604519774011,0.012393373634527697
mterie,historical_fam,0.010471285480508996,5,0.1309604519774011,0.012393373634527697
mterie,historical_fam,0.010715193052376065,5,0.1309604519774011,0.012393373634527697
mterie,historical_fam,0.01096478196143185,5,0.1309604519774011,0.012393373634527697
mterie,historical_fam,0.011220184543019636,5,0.1309604519774011,0.012393373634527697
mterie,historical_fam,0.01148153621496883,5,0.13401129943502826,0.010489320980858172
mterie,historical_fam,0.011748975549395297,5,0.13401129943502826,0.010489320980858172
mterie,historical_fam,0.012022644346174132,5,0.13401129943502826,0.010489320980858172
mterie,historical_fam,0.012302687708123818,5,0.13401129943502826,0.010489320980858172
mterie,historical_fam,0.012589254117941675,5,0.13401129943502826,0.010489320980858172
mterie,historical_fam,0.012882495516931342,5,0.13864406779661018,0.010475618400245731
mterie,historical_fam,0.013182567385564075,5,0.13864406779661018,0.010475618400245731
mterie,historical_fam,0.013489628825916533,5,0.13864406779661018,0.010475618400245731
mterie,historical_fam,0.013803842646028852,5,0.13864406779661018,0.010475618400245731
mterie,historical_fam,0.01412537544622754,5,0.14056497175141242,0.011421655385831297
mterie,historical_fam,0.014454397707459272,5,0.14056497175141242,0.011421655385831297
mterie,historical_fam,0.014791083881682071,5,0.14056497175141242,0.011421655385831297
mterie,historical_fam,0.01513561248436208,5,0.14056497175141242,0.011421655385831297
mterie,historical_fam,0.01548816618912481,5,0.14056497175141242,0.011421655385831297
mterie,historical_fam,0.015848931924611134,5,0.14067796610169492,0.011271151041389827
mterie,historical_fam,0.0162181009735893,5,0.14067796610169492,0.011271151041389827
mterie,historical_fam,0.016595869074375606,5,0.14067796610169492,0.011271151041389827
mterie,historical_fam,0.016982436524617443,5,0.14305084745762714,0.0123740422023349
mterie,historical_fam,0.017378008287493755,5,0.14305084745762714,0.0123740422023349
mterie,historical_fam,0.01778279410038923,5,0.14305084745762714,0.0123740422023349
mterie,historical_fam,0.018197008586099836,5,0.14305084745762714,0.0123740422023349
mterie,historical_fam,0.018620871366628676,5,0.1448587570621469,0.013217199878416056
mterie,historical_fam,0.019054607179632473,5,0.1448587570621469,0.013217199878416056
mterie,historical_fam,0.019498445997580455,5,0.1448587570621469,0.013217199878416056
mterie,historical_fam,0.0199526231496888,5,0.14666666666666667,0.015131331607230942
mterie,historical_fam,0.020417379446695295,5,0.14666666666666667,0.015131331607230942
mterie,historical_fam,0.020892961308540396,5,0.14666666666666667,0.015131331607230942
mterie,historical_fam,0.021379620895022326,5,0.14858757062146893,0.0160047632477009
mterie,historical_fam,0.02187761623949553,5,0.14858757062146893,0.0160047632477009
mterie,historical_fam,0.0223872113856834,5,0.14858757062146893,0.0160047632477009
mterie,historical_fam,0.022908676527677724,5,0.1503954802259887,0.01583131094801661
mterie,historical_fam,0.023442288153199226,5,0.1503954802259887,0.01583131094801661
mterie,historical_fam,0.023988329190194897,5,0.1503954802259887,0.01583131094801661
mterie,historical_fam,0.02454708915685031,5,0.15209039548022601,0.015203934637430368
mterie,historical_fam,0.025118864315095794,5,0.15209039548022601,0.015203934637430368
mterie,historical_fam,0.025703957827688646,5,0.15581920903954805,0.018239052274324888
mterie,historical_fam,0.026302679918953815,5,0.15581920903954805,0.018239052274324888
mterie,historical_fam,0.026915348039269153,5,0.15649717514124295,0.019008591911029063
mterie,historical_fam,0.02754228703338166,5,0.15649717514124295,0.019008591911029063
mterie,historical_fam,0.028183829312644536,5,0.15649717514124295,0.019008591911029063
mterie,historical_fam,0.028840315031266057,5,0.15774011299435028,0.01950339440481356
mterie,historical_fam,0.029512092266663854,5,0.15774011299435028,0.01950339440481356
mterie,historical_fam,0.03019951720402016,5,0.15920903954802262,0.02162225945919581
mterie,historical_fam,0.030902954325135904,5,0.15920903954802262,0.02162225945919581
mterie,historical_fam,0.03162277660168379,5,0.15954802259887005,0.021359369585559732
mterie,historical_fam,0.03235936569296283,5,0.15954802259887005,0.021359369585559732
mterie,historical_fam,0.03311311214825911,5,0.16418079096045196,0.023364843773129664
mterie,historical_fam,0.033884415613920256,5,0.16418079096045196,0.023364843773129664
mterie,historical_fam,0.034673685045253165,5,0.16553672316384183,0.022820243422170282
mterie,historical_fam,0.03548133892335755,5,0.1670056497175141,0.023921733917799788
mterie,historical_fam,0.03630780547701014,5,0.1670056497175141,0.023921733917799788
mterie,historical_fam,0.03715352290971726,5,0.1696045197740113,0.023907719426290653
mterie,historical_fam,0.038018939632056124,5,0.1696045197740113,0.023907719426290653
mterie,historical_fam,0.03890451449942805,5,0.17129943502824857,0.02416996431155929
mterie,historical_fam,0.039810717055349734,5,0.17242937853107346,0.024202957261903347
mterie,historical_fam,0.04073802778041126,5,0.17242937853107346,0.024202957261903347
mterie,historical_fam,0.04168693834703355,5,0.1731073446327684,0.0250429743316521
mterie,historical_fam,0.04265795188015926,5,0.17435028248587572,0.024358080731186907
mterie,historical_fam,0.04365158322401661,5,0.17435028248587572,0.024358080731186907
mterie,historical_fam,0.0446683592150963,5,0.1753672316384181,0.025625688737397546
mterie,historical_fam,0.04570881896148752,5,0.1764971751412429,0.025033413146351914
mterie,historical_fam,0.046773514128719815,5,0.17785310734463278,0.024711944489522755
mterie,historical_fam,0.04786300923226385,5,0.17785310734463278,0.024711944489522755
mterie,historical_fam,0.04897788193684462,5,0.17887005649717513,0.024390819221717194
mterie,historical_fam,0.05011872336272725,5,0.18045197740112995,0.02458958013556264
mterie,historical_fam,0.05128613839913648,5,0.1807909604519774,0.02451612876129619
mterie,historical_fam,0.05248074602497726,5,0.18237288135593221,0.026237448721387713
mterie,historical_fam,0.05370317963702527,5,0.1833898305084746,0.025690999408447913
mterie,historical_fam,0.054954087385762455,5,0.1833898305084746,0.025690999408447913
mterie,historical_fam,0.05623413251903491,5,0.18361581920903952,0.02587792653242664
mterie,historical_fam,0.057543993733715694,5,0.18610169491525425,0.02560076465550214
mterie,historical_fam,0.0588843655355589,5,0.18666666666666668,0.025959821832598567
mterie,historical_fam,0.06025595860743578,5,0.18757062146892653,0.025442554235475038
mterie,historical_fam,0.06165950018614822,5,0.18983050847457628,0.024092584248836608
mterie,historical_fam,0.06309573444801933,5,0.1903954802259887,0.023943073559793325
mterie,historical_fam,0.06456542290346556,5,0.1919774011299435,0.0247989779432908
mterie,historical_fam,0.06606934480075961,5,0.19548022598870057,0.027247809156581912
mterie,historical_fam,0.06760829753919818,5,0.1968361581920904,0.029865050194966734
mterie,historical_fam,0.06918309709189363,5,0.19807909604519774,0.030268463740662967
mterie,historical_fam,0.0707945784384138,5,0.1998870056497175,0.03079847521422259
mterie,historical_fam,0.07244359600749899,5,0.20135593220338982,0.030972099751316866
mterie,historical_fam,0.07413102413009177,5,0.20214689265536726,0.03153585069450041
mterie,historical_fam,0.07585775750291836,5,0.20248587570621468,0.031531295648195595
mterie,historical_fam,0.07762471166286919,5,0.20372881355932204,0.03176076023002435
mterie,historical_fam,0.07943282347242814,5,0.20519774011299435,0.0318856362344937
mterie,historical_fam,0.08128305161640995,5,0.2063276836158192,0.03176025773008002
mterie,historical_fam,0.08317637711026708,5,0.20711864406779662,0.0313714523609803
mterie,historical_fam,0.08511380382023767,5,0.21005649717514124,0.03187061685689148
mterie,historical_fam,0.08709635899560805,5,0.21152542372881356,0.03249594538113044
mterie,historical_fam,0.08912509381337459,5,0.2143502824858757,0.03104672708457343
mterie,historical_fam,0.09120108393559097,5,0.21480225988700563,0.030676457392332202
mterie,historical_fam,0.0933254300796991,5,0.2166101694915254,0.030930848975842393
mterie,historical_fam,0.09549925860214359,5,0.21706214689265538,0.03082955131039775
mterie,historical_fam,0.09772372209558107,5,0.22101694915254236,0.03241923895107758
mterie,historical_fam,0.1,5,0.22169491525423726,0.03376763893590187
mterie,historical_fam,0.10232929922807542,5,0.2230508474576271,0.03374589087782279
mterie,historical_fam,0.10471285480508996,5,0.2244067796610169,0.03425751299855803
mterie,historical_fam,0.10715193052376065,5,0.22598870056497175,0.034911871556468375
mterie,historical_fam,0.1096478196143185,5,0.2272316384180791,0.03500181251377217
mterie,historical_fam,0.11220184543019636,5,0.22971751412429375,0.03662002029708311
mterie,historical_fam,0.1148153621496883,5,0.23152542372881352,0.037308246588306546
mterie,historical_fam,0.11748975549395298,5,0.23446327683615817,0.040715221483244246
mterie,historical_fam,0.12022644346174131,5,0.236271186440678,0.04207693259077002
mterie,historical_fam,0.12302687708123818,5,0.2390960451977401,0.04178767261018802
mterie,historical_fam,0.12589254117941676,5,0.2418079096045198,0.04342938992311325
mterie,historical_fam,0.12882495516931342,5,0.24395480225988703,0.044551166195701826
mterie,historical_fam,0.13182567385564073,5,0.24576271186440674,0.045414381926161464
mterie,historical_fam,0.1348962882591654,5,0.24847457627118646,0.04861285638194298
mterie,historical_fam,0.13803842646028852,5,0.252090395480226,0.04992157659658398
mterie,historical_fam,0.14125375446227548,5,0.2536723163841808,0.05033482960792502
mterie,historical_fam,0.1445439770745927,5,0.2555932203389831,0.05097066053310925
mterie,historical_fam,0.1479108388168207,5,0.2570621468926554,0.050439354112590984
mterie,historical_fam,0.1513561248436208,5,0.2607909604519774,0.05318932247194673
mterie,historical_fam,0.1548816618912481,5,0.26225988700564973,0.053130479394212275
mterie,historical_fam,0.15848931924611134,5,0.2655367231638418,0.05589795219042143
mterie,historical_fam,0.16218100973589297,5,0.2677966101694916,0.05753565356873042
mterie,historical_fam,0.16595869074375605,5,0.27107344632768365,0.0583118180319145
mterie,historical_fam,0.16982436524617442,5,0.27514124293785314,0.05986568216474398
mterie,historical_fam,0.17378008287493754,5,0.2781920903954802,0.061582698383108495
mterie,historical_fam,0.1778279410038923,5,0.28214689265536724,0.0635079516196591
mterie,historical_fam,0.18197008586099836,5,0.28508474576271187,0.06558492285606457
mterie,historical_fam,0.18620871366628675,5,0.28790960451977404,0.06574411952995493
mterie,historical_fam,0.19054607179632474,5,0.292090395480226,0.06583193785892351
mterie,historical_fam,0.19498445997580455,5,0.295819209039548,0.06677382941260519
mterie,historical_fam,0.19952623149688797,5,0.29717514124293787,0.06779072479162816
mterie,historical_fam,0.20417379446695297,5,0.3010169491525424,0.06912354918224095
mterie,historical_fam,0.20892961308540398,5,0.30338983050847457,0.0690584086603266
mterie,historical_fam,0.21379620895022325,5,0.30689265536723165,0.0712149077687547
mterie,historical_fam,0.2187761623949553,5,0.30892655367231636,0.07237197721906652
mterie,historical_fam,0.223872113856834,5,0.31389830508474575,0.0745597910227648
mterie,historical_fam,0.22908676527677735,5,0.3184180790960452,0.07417995188874899
mterie,historical_fam,0.23442288153199228,5,0.31999999999999995,0.07393427656445416
mterie,historical_fam,0.2398832919019491,5,0.3222598870056497,0.07391484636654634
mterie,historical_fam,0.2454708915685031,5,0.32406779661016943,0.07462611756506614
mterie,historical_fam,0.25118864315095807,5,0.3263276836158192,0.07473297181853385
mterie,historical_fam,0.25703957827688634,5,0.3308474576271186,0.07697374686811675
mterie,historical_fam,0.26302679918953814,5,0.3353672316384181,0.07791142764876471
mterie,historical_fam,0.26915348039269155,5,0.3392090395480226,0.07976572835153971
mterie,historical_fam,0.2754228703338166,5,0.34169491525423734,0.08131217435907692
mterie,historical_fam,0.28183829312644537,5,0.34440677966101696,0.08148784816743801
mterie,historical_fam,0.28840315031266056,5,0.3458757062146892,0.08130628585639146
mterie,historical_fam,0.29512092266663853,5,0.3492655367231638,0.08063415702738747
mterie,historical_fam,0.3019951720402016,5,0.35423728813559324,0.08156654314589512
mterie,historical_fam,0.30902954325135906,5,0.36033898305084744,0.0808476352909962
mterie,historical_fam,0.31622776601683794,5,0.36271186440677966,0.08001085182870274
mterie,historical_fam,0.32359365692962827,5,0.36768361581920905,0.0800611021406023
mterie,historical_fam,0.3311311214825911,5,0.3712994350282486,0.0800541248168283
mterie,historical_fam,0.33884415613920255,5,0.37502824858757067,0.07982553033046794
mterie,historical_fam,0.34673685045253166,5,0.3784180790960452,0.08156497781711985
mterie,historical_fam,0.35481338923357547,5,0.38180790960451977,0.08263897254291529
mterie,historical_fam,0.3630780547701014,5,0.38610169491525426,0.08330852833929919
mterie,historical_fam,0.37153522909717257,5,0.38983050847457623,0.08352510730734691
mterie,historical_fam,0.38018939632056126,5,0.39525423728813563,0.08383560212767943
mterie,historical_fam,0.38904514499428067,5,0.3985310734463277,0.0845049308698206
mterie,historical_fam,0.3981071705534973,5,0.4028248587570621,0.08412104959349145
mterie,historical_fam,0.40738027780411284,5,0.4055367231638418,0.08424086886636413
mterie,historical_fam,0.41686938347033553,5,0.40779661016949154,0.08572541115104775
mterie,historical_fam,0.4265795188015928,5,0.41073446327683616,0.08663524500552947
mterie,historical_fam,0.4365158322401661,5,0.41389830508474573,0.08761489677158471
mterie,historical_fam,0.44668359215096326,5,0.4183050847457627,0.0881470005655575
mterie,historical_fam,0.4570881896148752,5,0.4216949152542372,0.09013787446765403
mterie,historical_fam,0.4677351412871981,5,0.42564971751412434,0.09109422734690169
mterie,historical_fam,0.47863009232263826,5,0.4306214689265537,0.09161378868865482
mterie,historical_fam,0.48977881936844614,5,0.43378531073446325,0.09087215421686902
mterie,historical_fam,0.5011872336272722,5,0.43672316384180787,0.0884609379708467
mterie,historical_fam,0.5128613839913648,5,0.4406779661016949,0.08889377639855615
mterie,historical_fam,0.5248074602497725,5,0.44463276836158194,0.08809484064349879
mterie,historical_fam,0.5370317963702527,5,0.44892655367231643,0.0872479932562162
mterie,historical_fam,0.5495408738576245,5,0.451864406779661,0.08709493547708504
mterie,historical_fam,0.5623413251903491,5,0.45480225988700573,0.08740553054998072
mterie,historical_fam,0.5754399373371569,5,0.45819209039548026,0.08797246964312527
mterie,historical_fam,0.588843655355589,5,0.4611299435028249,0.08723774897364867
mterie,historical_fam,0.6025595860743578,5,0.4636158192090395,0.08737411887824353
mterie,historical_fam,0.6165950018614822,5,0.46587570621468927,0.08759850112060363
mterie,historical_fam,0.6309573444801934,5,0.46994350282485875,0.08708760539501606
mterie,historical_fam,0.6456542290346556,5,0.47344632768361583,0.08557410612404191
mterie,historical_fam,0.6606934480075961,5,0.47762711864406776,0.08514088678371481
mterie,historical_fam,0.6760829753919819,5,0.4815819209039548,0.08431585872968239
mterie,historical_fam,0.6918309709189366,5,0.4855367231638418,0.08440477538669701
mterie,historical_fam,0.707945784384138,5,0.4902824858757063,0.08412332623242216
mterie,historical_fam,0.7244359600749902,5,0.49344632768361574,0.08331714867252323
mterie,historical_fam,0.7413102413009177,5,0.4967231638418079,0.08189109139979489
mterie,historical_fam,0.758577575029184,5,0.4998870056497175,0.08193785135434671
mterie,historical_fam,0.776247116628692,5,0.5024858757062148,0.08108929154790381
mterie,historical_fam,0.7943282347242817,5,0.5051977401129943,0.08058862102480609
mterie,historical_fam,0.8128305161640995,5,0.5077966101694915,0.08062327032301507
mterie,historical_fam,0.8317637711026709,5,0.511638418079096,0.07938466309226085
mterie,historical_fam,0.8511380382023763,5,0.5144632768361582,0.07937762630925753
mterie,historical_fam,0.8709635899560805,5,0.5180790960451978,0.07977613191592504
mterie,historical_fam,0.8912509381337455,5,0.520225988700565,0.07887721949568469
mterie,historical_fam,0.9120108393559097,5,0.5244067796610169,0.07866042267761952
mterie,historical_fam,0.933254300796991,5,0.5288135593220339,0.07834693690822958
mterie,historical_fam,0.9549925860214359,5,0.5317514124293785,0.07878206446022726
mterie,historical_fam,0.9772372209558107,5,0.5338983050847458,0.07838970326248136
mterie,historical_fam,1.0,5,0.5368361581920903,0.07775846419849482
mterie,historical_fam,1.0232929922807548,5,0.53954802259887,0.07770877866737559
mterie,historical_fam,1.0471285480508996,5,0.5419209039548022,0.07609248787727799
mterie,historical_fam,1.071519305237607,5,0.5456497175141243,0.07610087702302303
mterie,historical_fam,1.096478196143185,5,0.5475706214689265,0.0763855597776102
mterie,historical_fam,1.122018454301963,5,0.5493785310734464,0.07690218167035685
mterie,historical_fam,1.1481536214968828,5,0.5517514124293785,0.07707216993319885
mterie,historical_fam,1.174897554939529,5,0.5534463276836158,0.07677652222083899
mterie,historical_fam,1.2022644346174132,5,0.555593220338983,0.07778124322544239
mterie,historical_fam,1.2302687708123812,5,0.5586440677966101,0.07704814558758119
mterie,historical_fam,1.2589254117941675,5,0.5605649717514124,0.07742525089120324
mterie,historical_fam,1.2882495516931336,5,0.5629378531073448,0.07713426716193458
mterie,historical_fam,1.3182567385564075,5,0.5659887005649717,0.07703364451280915
mterie,historical_fam,1.3489628825916533,5,0.5689265536723164,0.07711295275040239
mterie,historical_fam,1.3803842646028852,5,0.5711864406779661,0.07707983129592001
mterie,historical_fam,1.412537544622754,5,0.572542372881356,0.0770411025493111
mterie,historical_fam,1.4454397707459279,5,0.5749152542372882,0.07739968657155584
mterie,historical_fam,1.4791083881682072,5,0.5769491525423729,0.07730869981154617
mterie,historical_fam,1.5135612484362087,5,0.5796610169491525,0.07733305596505614
mterie,historical_fam,1.5488166189124812,5,0.5812429378531074,0.07725294074269677
mterie,historical_fam,1.584893192461114,5,0.584406779661017,0.07653813922927
mterie,historical_fam,1.6218100973589298,5,0.5873446327683616,0.0764160582698775
mterie,historical_fam,1.6595869074375613,5,0.5893785310734463,0.07678358952796242
mterie,historical_fam,1.6982436524617444,5,0.5919774011299435,0.07701603239421485
mterie,historical_fam,1.7378008287493762,5,0.5954802259887005,0.07665731929078301
mterie,historical_fam,1.7782794100389228,5,0.5977401129943504,0.07520811772848804
mterie,historical_fam,1.8197008586099843,5,0.5998870056497174,0.07633958013233495
mterie,historical_fam,1.8620871366628675,5,0.6024858757062146,0.07657149499622831
mterie,historical_fam,1.9054607179632483,5,0.604632768361582,0.07614490487452887
mterie,historical_fam,1.9498445997580456,5,0.6072316384180791,0.07665669470388796
mterie,historical_fam,1.9952623149688808,5,0.6091525423728814,0.07696835586726007
mterie,historical_fam,2.0417379446695296,5,0.6115254237288135,0.0770328157975151
mterie,historical_fam,2.0892961308540388,5,0.6138983050847457,0.07609584364655884
mterie,historical_fam,2.1379620895022327,5,0.6157062146892656,0.07570558225555891
mterie,historical_fam,2.1877616239495516,5,0.6177401129943503,0.07579849338526803
mterie,historical_fam,2.23872113856834,5,0.6198870056497175,0.07569504091586005
mterie,historical_fam,2.2908676527677723,5,0.6215819209039548,0.07518201179390868
mterie,historical_fam,2.344228815319923,5,0.6232768361581921,0.07498220287421133
mterie,historical_fam,2.39883291901949,5,0.6249717514124293,0.07426037357437107
mterie,historical_fam,2.454708915685031,5,0.6273446327683615,0.07393103855275779
mterie,historical_fam,2.5118864315095797,5,0.6291525423728814,0.07369752783411938
mterie,historical_fam,2.570395782768865,5,0.6306214689265537,0.07397182714182036
mterie,historical_fam,2.6302679918953813,5,0.6328813559322034,0.07372978764211396
mterie,historical_fam,2.691534803926917,5,0.6344632768361581,0.074412377689882
mterie,historical_fam,2.7542287033381663,5,0.6366101694915255,0.07376874040668796
mterie,historical_fam,2.818382931264455,5,0.6380790960451976,0.07354252717746636
mterie,historical_fam,2.8840315031266055,5,0.6389830508474577,0.07263458419395295
mterie,historical_fam,2.951209226666387,5,0.6407909604519774,0.0719839197395896
mterie,historical_fam,3.019951720402016,5,0.6424858757062147,0.07169288951918146
mterie,historical_fam,3.090295432513592,5,0.643728813559322,0.07100416085209506
mterie,historical_fam,3.1622776601683795,5,0.6449717514124294,0.070695554360686
mterie,historical_fam,3.2359365692962845,5,0.6471186440677966,0.07025623067646929
mterie,historical_fam,3.311311214825911,5,0.6485875706214689,0.06948348674280186
mterie,historical_fam,3.3884415613920273,5,0.6502824858757063,0.06875847804344126
mterie,historical_fam,3.4673685045253166,5,0.652542372881356,0.06807030442330674
mterie,historical_fam,3.548133892335757,5,0.6543502824858758,0.0671299615712676
mterie,historical_fam,3.630780547701014,5,0.656497175141243,0.06771770361063315
mterie,historical_fam,3.715352290971724,5,0.6579661016949153,0.06749414639531037
mterie,historical_fam,3.801893963205613,5,0.659774011299435,0.0671679896218293
mterie,historical_fam,3.890451449942805,5,0.6622598870056497,0.066232426617176
mterie,historical_fam,3.981071705534973,5,0.663728813559322,0.06639127261073256
mterie,historical_fam,4.073802778041126,5,0.6653107344632768,0.06619048553991311
mterie,historical_fam,4.168693834703355,5,0.6672316384180791,0.06615237807779192
mterie,historical_fam,4.265795188015925,5,0.6693785310734464,0.06514763714385136
mterie,historical_fam,4.365158322401661,5,0.6709604519774011,0.06416049651286448
mterie,historical_fam,4.46683592150963,5,0.6729943502824859,0.061919718327549694
mterie,historical_fam,4.570881896148752,5,0.6748022598870056,0.0611666399875117
mterie,historical_fam,4.677351412871981,5,0.6754802259887005,0.0610726362333057
mterie,historical_fam,4.786300923226385,5,0.676271186440678,0.06052717219963032
mterie,historical_fam,4.897788193684462,5,0.6780790960451978,0.06093240638119725
mterie,historical_fam,5.011872336272725,5,0.6803389830508474,0.0596940180086159
mterie,historical_fam,5.1286138399136485,5,0.6815819209039548,0.05980646967240665
mterie,historical_fam,5.248074602497728,5,0.6830508474576271,0.05912666240825147
mterie,historical_fam,5.370317963702527,5,0.6842937853107344,0.05940725651352957
mterie,historical_fam,5.4954087385762485,5,0.6861016949152543,0.0582888231165804
mterie,historical_fam,5.623413251903491,5,0.6876836158192091,0.058045726745707904
mterie,historical_fam,5.754399373371572,5,0.6893785310734464,0.057096258752861284
mterie,historical_fam,5.88843655355589,5,0.6911864406779661,0.0561651259232693
mterie,historical_fam,6.025595860743581,5,0.6933333333333332,0.0553231116729696
mterie,historical_fam,6.165950018614822,5,0.6949152542372882,0.05464915417486782
mterie,historical_fam,6.309573444801936,5,0.6969491525423729,0.053069165264105836
mterie,historical_fam,6.456542290346556,5,0.6985310734463277,0.052894452480341664
mterie,historical_fam,6.6069344800759575,5,0.7003389830508475,0.051289042975382684
mterie,historical_fam,6.760829753919819,5,0.7022598870056498,0.0512989994754899
mterie,historical_fam,6.918309709189363,5,0.7047457627118645,0.05122677100630852
mterie,historical_fam,7.07945784384138,5,0.7067796610169491,0.05083647087831726
mterie,historical_fam,7.244359600749899,5,0.7082485875706215,0.0509456052132302
mterie,historical_fam,7.413102413009177,5,0.7096045197740113,0.05007415739787873
mterie,historical_fam,7.585775750291836,5,0.7123163841807909,0.04890580319616405
mterie,historical_fam,7.76247116628692,5,0.7138983050847457,0.04773192187276345
mterie,historical_fam,7.943282347242813,5,0.7154802259887005,0.04701943246435461
mterie,historical_fam,8.128305161640995,5,0.7172881355932204,0.04690898905512089
mterie,historical_fam,8.317637711026709,5,0.7189830508474577,0.04593432285365151
mterie,historical_fam,8.511380382023768,5,0.7201129943502826,0.04575852669709598
mterie,historical_fam,8.709635899560805,5,0.7216949152542372,0.04552599725075653
mterie,historical_fam,8.91250938133746,5,0.7225988700564971,0.04491436590813966
mterie,historical_fam,9.120108393559097,5,0.723954802259887,0.04465529003401458
mterie,historical_fam,9.332543007969914,5,0.7258757062146893,0.043921603078161155
mterie,historical_fam,9.549925860214358,5,0.727231638418079,0.042585905203880524
mterie,historical_fam,9.772372209558112,5,0.7287005649717513,0.04219056824273676
mterie,historical_fam,10.0,5,0.7296045197740113,0.041742199085883336
carnation_0025_0026,historical_additive,0.01,5,0.04814814814814815,0.015396242963795466
carnation_0025_0026,historical_additive,0.010232929922807542,5,0.04814814814814815,0.015396242963795466
carnation_0025_0026,historical_additive,0.010471285480508996,5,0.04814814814814815,0.015396242963795466
carnation_0025_0026,historical_additive,0.010715193052376065,5,0.05177548682703322,0.015946285310455298
carnation_0025_0026,historical_additive,0.01096478196143185,5,0.05177548682703322,0.015946285310455298
carnation_0025_0026,historical_additive,0.011220184543019636,5,0.05177548682703322,0.015946285310455298
carnation_0025_0026,historical_additive,0.01148153621496883,5,0.054944635357006485,0.01784874205088095
carnation_0025_0026,historical_additive,0.011748975549395297,5,0.054944635357006485,0.01784874205088095
carnation_0025_0026,historical_additive,0.012022644346174132,5,0.054944635357006485,0.01784874205088095
carnation_0025_0026,historical_additive,0.012302687708123818,5,0.056242840778923255,0.017676482673122298
carnation_0025_0026,historical_additive,0.012589254117941675,5,0.056242840778923255,0.017676482673122298
carnation_0025_0026,historical_additive,0.012882495516931342,5,0.056242840778923255,0.017676482673122298
carnation_0025_0026,historical_additive,0.013182567385564075,5,0.05735013363879343,0.017723843533081745
carnation_0025_0026,historical_additive,0.013489628825916533,5,0.05735013363879343,0.017723843533081745
carnation_0025_0026,historical_additive,0.013803842646028852,5,0.05998472699503628,0.019426889340376938
carnation_0025_0026,historical_additive,0.01412537544622754,5,0.05998472699503628,0.019426889340376938
carnation_0025_0026,historical_additive,0.014454397707459272,5,0.05998472699503628,0.019426889340376938
carnation_0025_0026,historical_additive,0.014791083881682071,5,0.06101565483008782,0.019896899522838008
carnation_0025_0026,historical_additive,0.01513561248436208,5,0.06101565483008782,0.019896899522838008
carnation_0025_0026,historical_additive,0.01548816618912481,5,0.06200840015273005,0.020264808665148116
carnation_0025_0026,historical_additive,0.015848931924611134,5,0.06200840015273005,0.020264808665148116
carnation_0025_0026,historical_additive,0.0162181009735893,5,0.06345933562428407,0.019777011857042587
carnation_0025_0026,historical_additive,0.016595869074375606,5,0.06345933562428407,0.019777011857042587
carnation_0025_0026,historical_additive,0.016982436524617443,5,0.06429935089728904,0.019925181094736365
carnation_0025_0026,historical_additive,0.017378008287493755,5,0.06429935089728904,0.019925181094736365
carnation_0025_0026,historical_additive,0.01778279410038923,5,0.06643757159221075,0.020088955206263574
carnation_0025_0026,historical_additive,0.018197008586099836,5,0.06643757159221075,0.020088955206263574
carnation_0025_0026,historical_additive,0.018620871366628676,5,0.06827033218785797,0.021096313222557894
carnation_0025_0026,historical_additive,0.019054607179632473,5,0.06922489499809088,0.02194149363007831
carnation_0025_0026,historical_additive,0.019498445997580455,5,0.06922489499809088,0.02194149363007831
carnation_0025_0026,historical_additive,0.0199526231496888,5,0.07033218785796105,0.021066922247173804
carnation_0025_0026,historical_additive,0.020417379446695295,5,0.07033218785796105,0.021066922247173804
carnation_0025_0026,historical_additive,0.020892961308540396,5,0.07273768613974799,0.02372967117894633
carnation_0025_0026,historical_additive,0.021379620895022326,5,0.07437953417334861,0.024894002514662176
carnation_0025_0026,historical_additive,0.02187761623949553,5,0.07437953417334861,0.024894002514662176
carnation_0025_0026,historical_additive,0.0223872113856834,5,0.07705231004200078,0.026994590717054397
carnation_0025_0026,historical_additive,0.022908676527677724,5,0.07869415807560137,0.027382612134266297
carnation_0025_0026,historical_additive,0.023442288153199226,5,0.07869415807560137,0.027382612134266297
carnation_0025_0026,historical_additive,0.023988329190194897,5,0.08071783123329515,0.028140472789622763
carnation_0025_0026,historical_additive,0.02454708915685031,5,0.08144329896907217,0.028924229748986164
carnation_0025_0026,historical_additive,0.025118864315095794,5,0.08144329896907217,0.028924229748986164
carnation_0025_0026,historical_additive,0.025703957827688646,5,0.08449789996181747,0.031643893936402046
carnation_0025_0026,historical_additive,0.026302679918953815,5,0.08533791523482245,0.031091211226650213
carnation_0025_0026,historical_additive,0.026915348039269153,5,0.08701794578083237,0.031055846871039357
carnation_0025_0026,historical_additive,0.02754228703338166,5,0.08793432607865599,0.031112773702351854
carnation_0025_0026,historical_additive,0.028183829312644536,5,0.08961435662466591,0.03125944715836961
carnation_0025_0026,historical_additive,0.028840315031266057,5,0.08961435662466591,0.03125944715836961
carnation_0025_0026,historical_additive,0.029512092266663854,5,0.09087437953417335,0.03214425597733594
carnation_0025_0026,historical_additive,0.03019951720402016,5,0.09228713249331806,0.03288731410181747
carnation_0025_0026,historical_additive,0.030902954325135904,5,0.09358533791523482,0.033221912665042506
carnation_0025_0026,historical_additive,0.03162277660168379,5,0.09415807560137457,0.03386624192690236
carnation_0025_0026,historical_additive,0.03235936569296283,5,0.09545628102329132,0.03347563449362405
carnation_0025_0026,historical_additive,0.03311311214825911,5,0.09782359679266897,0.03403136238771341
carnation_0025_0026,historical_additive,0.033884415613920256,5,0.09835815196639938,0.03377436935561172
carnation_0025_0026,historical_additive,0.034673685045253165,5,0.09870179457808323,0.03385537033622976
carnation_0025_0026,historical_additive,0.03548133892335755,5,0.09957999236349753,0.034305770934778664
carnation_0025_0026,historical_additive,0.03630780547701014,5,0.10126002290950745,0.03436309446070015
carnation_0025_0026,historical_additive,0.03715352290971726,5,0.10309278350515463,0.03303725199941666
carnation_0025_0026,historical_additive,0.038018939632056124,5,0.10351279114165712,0.033387163075657735
carnation_0025_0026,historical_additive,0.03890451449942805,5,0.10630011454753722,0.032128207623159925
carnation_0025_0026,historical_additive,0.039810717055349734,5,0.1074074074074074,0.03231405899175401
carnation_0025_0026,historical_additive,0.04073802778041126,5,0.10836197021764031,0.03202713998951056
carnation_0025_0026,historical_additive,0.04168693834703355,5,0.1101183657884689,0.03375574888741629
carnation_0025_0026,historical_additive,0.04265795188015926,5,0.11195112638411608,0.03363546692553398
carnation_0025_0026,historical_additive,0.04365158322401661,5,0.11439480717831234,0.032229297584803876
carnation_0025_0026,historical_additive,0.0446683592150963,5,0.11496754486445208,0.03223523418057469
carnation_0025_0026,historical_additive,0.04570881896148752,5,0.11870943108056511,0.03391517469259261
carnation_0025_0026,historical_additive,0.046773514128719815,5,0.11951126384116076,0.03402986295397182
carnation_0025_0026,historical_additive,0.04786300923226385,5,0.12111492936235205,0.034048226467230436
carnation_0025_0026,historical_additive,0.04897788193684462,5,0.1219931271477663,0.034090323439112974
carnation_0025_0026,historical_additive,0.05011872336272725,5,0.12229858724704087,0.03419216804290683
carnation_0025_0026,historical_additive,0.05128613839913648,5,0.12313860252004583,0.0338801223506533
carnation_0025_0026,historical_additive,0.05248074602497726,5,0.12397861779305078,0.03366552357310011
carnation_0025_0026,historical_additive,0.05370317963702527,5,0.12825505918289423,0.03609772380690601
carnation_0025_0026,historical_additive,0.054954087385762455,5,0.12959144711722032,0.03541914279296417
carnation_0025_0026,historical_additive,0.05623413251903491,5,0.13108056510118365,0.03636836703806059
carnation_0025_0026,historical_additive,0.057543993733715694,5,0.132569683085147,0.03602196785085769
carnation_0025_0026,historical_additive,0.0588843655355589,5,0.13486063382970598,0.03758738186299848
carnation_0025_0026,historical_additive,0.06025595860743578,5,0.13661702940053455,0.037631476286381076
carnation_0025_0026,historical_additive,0.06165950018614822,5,0.13711340206185565,0.037921357757159595
carnation_0025_0026,historical_additive,0.06309573444801933,5,0.1385643375334097,0.03769916481330101
carnation_0025_0026,historical_additive,0.06456542290346556,5,0.13928980526918672,0.03823821824181878
carnation_0025_0026,historical_additive,0.06606934480075961,5,0.1399389079801451,0.03777657447304993
carnation_0025_0026,historical_additive,0.06760829753919818,5,0.1418098510882016,0.03804753730027476
carnation_0025_0026,historical_additive,0.06918309709189363,5,0.14326078655975563,0.03735612986508075
carnation_0025_0026,historical_additive,0.0707945784384138,5,0.1459717449408171,0.038506311276100595
carnation_0025_0026,historical_additive,0.07244359600749899,5,0.14841542573501337,0.03917119179047173
carnation_0025_0026,historical_additive,0.07413102413009177,5,0.15032455135547917,0.04001078230006501
carnation_0025_0026,historical_additive,0.07585775750291836,5,0.151508209240168,0.04043891304500271
carnation_0025_0026,historical_additive,0.07762471166286919,5,0.15402825505918288,0.042196297598142835
carnation_0025_0026,historical_additive,0.07943282347242814,5,0.1565483008781978,0.04313694581735537
carnation_0025_0026,historical_additive,0.08128305161640995,5,0.15841924398625432,0.04327411300111833
carnation_0025_0026,historical_additive,0.08317637711026708,5,0.1612447499045437,0.04513489528117061
carnation_0025_0026,historical_additive,0.08511380382023767,5,0.16277205040091638,0.04566754586864678
carnation_0025_0026,historical_additive,0.08709635899560805,5,0.1652920962199313,0.04520989252433785
carnation_0025_0026,historical_additive,0.08912509381337459,5,0.1672012218403971,0.046540277348968595
carnation_0025_0026,historical_additive,0.09120108393559097,5,0.16891943489881636,0.04725527495843982
carnation_0025_0026,historical_additive,0.0933254300796991,5,0.1715540282550592,0.04706441902990913
carnation_0025_0026,historical_additive,0.09549925860214359,5,0.17395952653684613,0.04796246411647533
carnation_0025_0026,historical_additive,0.09772372209558107,5,0.17754868270332186,0.04871544691657285
carnation_0025_0026,historical_additive,0.1,5,0.1796869033982436,0.04956422505122259
carnation_0025_0026,historical_additive,0.10232929922807542,5,0.18407789232531502,0.05058415583674638
carnation_0025_0026,historical_additive,0.10471285480508996,5,0.18598701794578085,0.05166141198319545
carnation_0025_0026,historical_additive,0.10715193052376065,5,0.18816342115311185,0.052457130517073174
carnation_0025_0026,historical_additive,0.1096478196143185,5,0.18938526155021,0.052533920019443126
carnation_0025_0026,historical_additive,0.11220184543019636,5,0.1917525773195876,0.05349736539007461
carnation_0025_0026,historical_additive,0.1148153621496883,5,0.193127147766323,0.05349293677483636
carnation_0025_0026,historical_additive,0.11748975549395298,5,0.19442535318823978,0.05423590349883616
carnation_0025_0026,historical_additive,0.12022644346174131,5,0.19629629629629627,0.054008249385475667
carnation_0025_0026,historical_additive,0.12302687708123818,5,0.19938907980145093,0.05443060778477136
carnation_0025_0026,historical_additive,0.12589254117941676,5,0.20232913325696827,0.0558485977808897
carnation_0025_0026,historical_additive,0.12882495516931342,5,0.20446735395189003,0.05636659042991776
carnation_0025_0026,historical_additive,0.13182567385564073,5,0.2081328751431844,0.05760964894951969
carnation_0025_0026,historical_additive,0.1348962882591654,5,0.2111111111111111,0.05738905921923839
carnation_0025_0026,historical_additive,0.13803842646028852,5,0.21355479190530735,0.05890009909184949
carnation_0025_0026,historical_additive,0.14125375446227548,5,0.2153875525009546,0.05883660653851377
carnation_0025_0026,historical_additive,0.1445439770745927,5,0.21764032073310427,0.05852505472257483
carnation_0025_0026,historical_additive,0.1479108388168207,5,0.2209621993127148,0.06043077735921188
carnation_0025_0026,historical_additive,0.1513561248436208,5,0.22229858724704082,0.06029930281250714
carnation_0025_0026,historical_additive,0.1548816618912481,5,0.2251240931653303,0.061700122374884904
carnation_0025_0026,historical_additive,0.15848931924611134,5,0.22768232149675444,0.062474746730072
carnation_0025_0026,historical_additive,0.16218100973589297,5,0.22943871706758304,0.062370786321533644
carnation_0025_0026,historical_additive,0.16595869074375605,5,0.23192058037418867,0.06211357149762363
carnation_0025_0026,historical_additive,0.16982436524617442,5,0.23512791141657124,0.061653910625710295
carnation_0025_0026,historical_additive,0.17378008287493754,5,0.23894616265750285,0.0630269712302267
carnation_0025_0026,historical_additive,0.1778279410038923,5,0.2412371134020618,0.06308000664410661
carnation_0025_0026,historical_additive,0.18197008586099836,5,0.24345169912180217,0.06333729613841095
carnation_0025_0026,historical_additive,0.18620871366628675,5,0.2456281023291333,0.06398883870591501
carnation_0025_0026,historical_additive,0.19054607179632474,5,0.24914089347079038,0.06401252939682743
carnation_0025_0026,historical_additive,0.19498445997580455,5,0.2514700267277587,0.06401258633504009
carnation_0025_0026,historical_additive,0.19952623149688797,5,0.2537609774723177,0.06420914832864585
carnation_0025_0026,historical_additive,0.20417379446695297,5,0.2575028636884307,0.06531308206469874
carnation_0025_0026,historical_additive,0.20892961308540398,5,0.26082474226804125,0.06602972536806198
carnation_0025_0026,historical_additive,0.21379620895022325,5,0.26342115311187475,0.06549363891022586
carnation_0025_0026,historical_additive,0.2187761623949553,5,0.265864833906071,0.06585564732764834
carnation_0025_0026,historical_additive,0.223872113856834,5,0.26788850706376477,0.06676733912804796
carnation_0025_0026,historical_additive,0.22908676527677735,5,0.27109583810614735,0.06703953808956704
carnation_0025_0026,historical_additive,0.23442288153199228,5,0.27392134402443685,0.06709950561653445
carnation_0025_0026,historical_additive,0.2398832919019491,5,0.2757159221076747,0.06725725192924722
carnation_0025_0026,historical_additive,0.2454708915685031,5,0.27819778541428025,0.06791436338317787
carnation_0025_0026,historical_additive,0.25118864315095807,5,0.28121420389461627,0.06880775840625583
carnation_0025_0026,historical_additive,0.25703957827688634,5,0.2835433371515846,0.06927777327192404
carnation_0025_0026,historical_additive,0.26302679918953814,5,0.28678885070637644,0.06983570037761812
carnation_0025_0026,historical_additive,0.26915348039269155,5,0.2889270714012982,0.06982476561025111
carnation_0025_0026,historical_additive,0.2754228703338166,5,0.2920198549064529,0.07000553054958075
carnation_0025_0026,historical_additive,0.28183829312644537,5,0.2957999236349752,0.0707338900413356
carnation_0025_0026,historical_additive,0.28840315031266056,5,0.29820542191676214,0.07078313346209913
carnation_0025_0026,historical_additive,0.29512092266663853,5,0.30064910271095835,0.0712554635920405
carnation_0025_0026,historical_additive,0.3019951720402016,5,0.30412371134020616,0.07138253628411552
carnation_0025_0026,historical_additive,0.30902954325135906,5,0.3065292096219931,0.07110289700915372
carnation_0025_0026,historical_additive,0.31622776601683794,5,0.30966017563955706,0.07177766485059198
carnation_0025_0026,historical_additive,0.32359365692962827,5,0.3122947689957999,0.072113843570759
carnation_0025_0026,historical_additive,0.3311311214825911,5,0.31508209240168006,0.07294666318993828
carnation_0025_0026,historical_additive,0.33884415613920255,5,0.3190912562046583,0.07382277985648593
carnation_0025_0026,historical_additive,0.34673685045253166,5,0.32275677739595265,0.07378450682057425
carnation_0025_0026,historical_additive,0.35481338923357547,5,0.3245131729667812,0.07352964550068992
carnation_0025_0026,historical_additive,0.3630780547701014,5,0.32737686139747996,0.07408224153238169
carnation_0025_0026,historical_additive,0.37153522909717257,5,0.3292478045055365,0.07407746909080387
carnation_0025_0026,historical_additive,0.38018939632056126,5,0.33153875525009546,0.07388718191266873
carnation_0025_0026,historical_additive,0.38904514499428067,5,0.3348224513172967,0.07286352445960338
carnation_0025_0026,historical_additive,0.3981071705534973,5,0.3384116074837724,0.07479236884490824
carnation_0025_0026,historical_additive,0.40738027780411284,5,0.3408552882779687,0.0742011089734624
carnation_0025_0026,historical_additive,0.41686938347033553,5,0.34390988927071403,0.07470911309783589
carnation_0025_0026,historical_additive,0.4265795188015928,5,0.34692630775105,0.07455452099159934
carnation_0025_0026,historical_additive,0.4365158322401661,5,0.34967544864452077,0.07491446397069071
carnation_0025_0026,historical_additive,0.44668359215096326,5,0.3526918671248568,0.07509050008366208
carnation_0025_0026,historical_additive,0.4570881896148752,5,0.3560137457044673,0.07544373145407358
carnation_0025_0026,historical_additive,0.4677351412871981,5,0.35987017945780825,0.07511602685846862
carnation_0025_0026,historical_additive,0.47863009232263826,5,0.36338297059946545,0.0745343767500864
carnation_0025_0026,historical_additive,0.48977881936844614,5,0.365979381443299,0.07436528296899823
carnation_0025_0026,historical_additive,0.5011872336272722,5,0.3690721649484536,0.07463428665003226
carnation_0025_0026,historical_additive,0.5128613839913648,5,0.37174494081710574,0.0746027814665137
carnation_0025_0026,historical_additive,0.5248074602497725,5,0.37583046964490263,0.07442426952726902
carnation_0025_0026,historical_additive,0.5370317963702527,5,0.3781214203894616,0.07452031655970644
carnation_0025_0026,historical_additive,0.5495408738576245,5,0.38098510882016035,0.07461306485306454
carnation_0025_0026,historical_additive,0.5623413251903491,5,0.38354333715158456,0.07453552590056402
carnation_0025_0026,historical_additive,0.5754399373371569,5,0.3861779305078274,0.07480148112109934
carnation_0025_0026,historical_additive,0.588843655355589,5,0.3891943489881634,0.07458436064632999
carnation_0025_0026,historical_additive,0.6025595860743578,5,0.3910271095838106,0.07502407038889496
carnation_0025_0026,historical_additive,0.6165950018614822,5,0.39423444062619317,0.07574646869501687
carnation_0025_0026,historical_additive,0.6309573444801934,5,0.39767086674303165,0.07594781506984989
carnation_0025_0026,historical_additive,0.6456542290346556,5,0.3997327224131348,0.07609505065181678
carnation_0025_0026,historical_additive,0.6606934480075961,5,0.4027491408934708,0.07661406984663563
carnation_0025_0026,historical_additive,0.6760829753919819,5,0.4059564719358534,0.07641221336989211
carnation_0025_0026,historical_additive,0.6918309709189366,5,0.40893470790378006,0.07598739677690905
carnation_0025_0026,historical_additive,0.707945784384138,5,0.4117220313096602,0.07516654526718851
carnation_0025_0026,historical_additive,0.7244359600749902,5,0.41492936235204275,0.07538213396327058
carnation_0025_0026,historical_additive,0.7413102413009177,5,0.4175257731958763,0.07526556758650266
carnation_0025_0026,historical_additive,0.758577575029184,5,0.4198930889652539,0.07491227458540284
carnation_0025_0026,historical_additive,0.776247116628692,5,0.422680412371134,0.07513446285882773
carnation_0025_0026,historical_additive,0.7943282347242817,5,0.4245895379915998,0.07553903713114327
carnation_0025_0026,historical_additive,0.8128305161640995,5,0.4275677739595266,0.07554188382913905
carnation_0025_0026,historical_additive,0.8317637711026709,5,0.4298969072164948,0.07557791664794294
carnation_0025_0026,historical_additive,0.8511380382023763,5,0.4321878579610538,0.07571354890121634
carnation_0025_0026,historical_additive,0.8709635899560805,5,0.43558610156548294,0.07616856171421241
carnation_0025_0026,historical_additive,0.8912509381337455,5,0.43810614738449793,0.07657026638413013
carnation_0025_0026,historical_additive,0.9120108393559097,5,0.440168003054601,0.07641447902293265
carnation_0025_0026,historical_additive,0.933254300796991,5,0.44318442153493703,0.07618518820776722
carnation_0025_0026,historical_additive,0.9549925860214359,5,0.44551355479190524,0.07602966645941843
carnation_0025_0026,historical_additive,0.9772372209558107,5,0.44860633829705987,0.07608163817733632
carnation_0025_0026,historical_additive,1.0,5,0.4507445589919817,0.07574743104680555
carnation_0025_0026,historical_additive,1.0232929922807548,5,0.4535318823978619,0.07494583813151137
carnation_0025_0026,historical_additive,1.0471285480508996,5,0.45620465826651396,0.07492322087206618
carnation_0025_0026,historical_additive,1.071519305237607,5,0.45918289423444064,0.07498750411210263
carnation_0025_0026,historical_additive,1.096478196143185,5,0.4618938526155022,0.07492905823775414
carnation_0025_0026,historical_additive,1.122018454301963,5,0.4646048109965636,0.07480174911241827
carnation_0025_0026,historical_additive,1.1481536214968828,5,0.4674684994272623,0.07442157597765425
carnation_0025_0026,historical_additive,1.174897554939529,5,0.46945399007254685,0.07466817040426378
carnation_0025_0026,historical_additive,1.2022644346174132,5,0.4720885834287897,0.07500779391564986
carnation_0025_0026,historical_additive,1.2302687708123812,5,0.47460862924780445,0.07417720822998167
carnation_0025_0026,historical_additive,1.2589254117941675,5,0.4777395952653684,0.07410784510618885
carnation_0025_0026,historical_additive,1.2882495516931336,5,0.4801832760595647,0.07362289923146767
carnation_0025_0026,historical_additive,1.3182567385564075,5,0.4823596792668957,0.07356076798684427
carnation_0025_0026,historical_additive,1.3489628825916533,5,0.48552882779686907,0.07350485702878694
carnation_0025_0026,historical_additive,1.3803842646028852,5,0.48720885834287897,0.07375256450629142
carnation_0025_0026,historical_additive,1.412537544622754,5,0.4897289041618939,0.07420918877834783
carnation_0025_0026,historical_additive,1.4454397707459279,5,0.49285987017945787,0.07359668124130786
carnation_0025_0026,historical_additive,1.4791083881682072,5,0.49511263841160746,0.07394992607711763
carnation_0025_0026,historical_additive,1.5135612484362087,5,0.49744177166857584,0.07407390185893388
carnation_0025_0026,historical_additive,1.5488166189124812,5,0.499389079801451,0.07386544941226995
carnation_0025_0026,historical_additive,1.584893192461114,5,0.500954562810233,0.0741630803259216
carnation_0025_0026,historical_additive,1.6218100973589298,5,0.5033982436044292,0.07392167930400237
carnation_0025_0026,historical_additive,1.6595869074375613,5,0.5061855670103093,0.07440626986753918
carnation_0025_0026,historical_additive,1.6982436524617444,5,0.5084765177548682,0.07442781996645892
carnation_0025_0026,historical_additive,1.7378008287493762,5,0.5110729285987018,0.0744053391545052
carnation_0025_0026,historical_additive,1.7782794100389228,5,0.513516609392898,0.07474018333476222
carnation_0025_0026,historical_additive,1.8197008586099843,5,0.5162275677739596,0.07432250805611713
carnation_0025_0026,historical_additive,1.8620871366628675,5,0.5189767086674303,0.07475910204895728
carnation_0025_0026,historical_additive,1.9054607179632483,5,0.5213822069492172,0.07523662788270022
carnation_0025_0026,historical_additive,1.9498445997580456,5,0.5237877052310042,0.0752077497368677
carnation_0025_0026,historical_additive,1.9952623149688808,5,0.526422298587247,0.07502057245973577
carnation_0025_0026,historical_additive,2.0417379446695296,5,0.5288659793814434,0.0749383970770691
carnation_0025_0026,historical_additive,2.0892961308540388,5,0.5318823978617793,0.07484661194313552
carnation_0025_0026,historical_additive,2.1379620895022327,5,0.5343260786559756,0.07478942051785131
carnation_0025_0026,historical_additive,2.1877616239495516,5,0.5368461244749905,0.07508630140861015
carnation_0025_0026,historical_additive,2.23872113856834,5,0.5394043528064146,0.07467166043614498
carnation_0025_0026,historical_additive,2.2908676527677723,5,0.5421153111874761,0.07471289391907943
carnation_0025_0026,historical_additive,2.344228815319923,5,0.5456662848415426,0.07504435030598806
carnation_0025_0026,historical_additive,2.39883291901949,5,0.5491790759831997,0.07540026320466334
carnation_0025_0026,historical_additive,2.454708915685031,5,0.5520427644138984,0.07563952335271389
carnation_0025_0026,historical_additive,2.5118864315095797,5,0.5547919053073691,0.0757060388733874
carnation_0025_0026,historical_additive,2.570395782768865,5,0.5575792287132494,0.07545498707289103
carnation_0025_0026,historical_additive,2.6302679918953813,5,0.5602901870943109,0.07567900141853126
carnation_0025_0026,historical_additive,2.691534803926917,5,0.562962962962963,0.07654551027380076
carnation_0025_0026,historical_additive,2.7542287033381663,5,0.565864833906071,0.07646626069349033
carnation_0025_0026,historical_additive,2.818382931264455,5,0.5685757922871325,0.07715364560118924
carnation_0025_0026,historical_additive,2.8840315031266055,5,0.5713249331806033,0.0784799954947874
carnation_0025_0026,historical_additive,2.951209226666387,5,0.5736158839251623,0.07915928726504487
carnation_0025_0026,historical_additive,3.019951720402016,5,0.5761741122565864,0.07894840397388339
carnation_0025_0026,historical_additive,3.090295432513592,5,0.5791523482245131,0.07924695135037167
carnation_0025_0026,historical_additive,3.1622776601683795,5,0.5820160366552118,0.07899197299790554
carnation_0025_0026,historical_additive,3.2359365692962845,5,0.5849560901107294,0.07920731895320379
carnation_0025_0026,historical_additive,3.311311214825911,5,0.5875906834669722,0.07913243942536975
carnation_0025_0026,historical_additive,3.3884415613920273,5,0.5907216494845361,0.07976529267370437
carnation_0025_0026,historical_additive,3.4673685045253166,5,0.5933562428407789,0.08003700362184431
carnation_0025_0026,historical_additive,3.548133892335757,5,0.596143566246659,0.08049501664728884
carnation_0025_0026,historical_additive,3.630780547701014,5,0.59889270714013,0.08108807404085598
carnation_0025_0026,historical_additive,3.715352290971724,5,0.6028255059182894,0.08052410336329689
carnation_0025_0026,historical_additive,3.801893963205613,5,0.6065673921344025,0.08092862094634042
carnation_0025_0026,historical_additive,3.890451449942805,5,0.6095074455899198,0.08034897151025981
carnation_0025_0026,historical_additive,3.981071705534973,5,0.6124856815578466,0.08004353812185772
carnation_0025_0026,historical_additive,4.073802778041126,5,0.6148911798396334,0.08064088768348604
carnation_0025_0026,historical_additive,4.168693834703355,5,0.6172966781214203,0.08077119957016593
carnation_0025_0026,historical_additive,4.265795188015925,5,0.620504009163803,0.08113103311303832
carnation_0025_0026,historical_additive,4.365158322401661,5,0.623291332569683,0.0821240737361538
carnation_0025_0026,historical_additive,4.46683592150963,5,0.6266132111492937,0.08207190932060517
carnation_0025_0026,historical_additive,4.570881896148752,5,0.6289805269186713,0.08246600654804331
carnation_0025_0026,historical_additive,4.677351412871981,5,0.6322260404734632,0.08206093947656269
carnation_0025_0026,historical_additive,4.786300923226385,5,0.6356242840778923,0.08191279178581133
carnation_0025_0026,historical_additive,4.897788193684462,5,0.6384497899961817,0.08140013305643642
carnation_0025_0026,historical_additive,5.011872336272725,5,0.6412371134020618,0.08131736758565333
carnation_0025_0026,historical_additive,5.1286138399136485,5,0.6435662466590302,0.08085423111167782
carnation_0025_0026,historical_additive,5.248074602497728,5,0.6461244749904544,0.08039307359587067
carnation_0025_0026,historical_additive,5.370317963702527,5,0.6497518136693394,0.08042582272695907
carnation_0025_0026,historical_additive,5.4954087385762485,5,0.6524245895379917,0.08062588074135472
carnation_0025_0026,historical_additive,5.623413251903491,5,0.6555937380679648,0.0796410922549027
carnation_0025_0026,historical_additive,5.754399373371572,5,0.6590301641848033,0.07876872778005589
carnation_0025_0026,historical_additive,5.88843655355589,5,0.6626193203512791,0.07863180658267654
carnation_0025_0026,historical_additive,6.025595860743581,5,0.6654830087819779,0.0780862018666867
carnation_0025_0026,historical_additive,6.165950018614822,5,0.6683466972126766,0.07786160011369721
carnation_0025_0026,historical_additive,6.309573444801936,5,0.6712485681557847,0.07739673909265549
carnation_0025_0026,historical_additive,6.456542290346556,5,0.6745704467353952,0.07689660818279517
carnation_0025_0026,historical_additive,6.6069344800759575,5,0.6776632302405499,0.07681053227855075
carnation_0025_0026,historical_additive,6.760829753919819,5,0.6802978235967926,0.07599382385945262
carnation_0025_0026,historical_additive,6.918309709189363,5,0.6830087819778542,0.07572741161126846
carnation_0025_0026,historical_additive,7.07945784384138,5,0.685757922871325,0.07518816831051592
carnation_0025_0026,historical_additive,7.244359600749899,5,0.6886216113020237,0.07514525552266768
carnation_0025_0026,historical_additive,7.413102413009177,5,0.6916762122947689,0.07428682303765642
carnation_0025_0026,historical_additive,7.585775750291836,5,0.6948453608247422,0.07334404953825542
carnation_0025_0026,historical_additive,7.76247116628692,5,0.6980145093547154,0.07353534566725796
carnation_0025_0026,historical_additive,7.943282347242813,5,0.7011454753722794,0.07271094845597358
carnation_0025_0026,historical_additive,8.128305161640995,5,0.7038946162657503,0.07206576232734006
carnation_0025_0026,historical_additive,8.317637711026709,5,0.7065673921344026,0.07122983252514796
carnation_0025_0026,historical_additive,8.511380382023768,5,0.7094692630775106,0.06992163137058412
carnation_0025_0026,historical_additive,8.709635899560805,5,0.7124474990454372,0.06925567320142767
carnation_0025_0026,historical_additive,8.91250938133746,5,0.7151202749140892,0.06806607156972434
carnation_0025_0026,historical_additive,9.120108393559097,5,0.7175639557082856,0.06694781202102304
carnation_0025_0026,historical_additive,9.332543007969914,5,0.720733104238259,0.06641252331157604
carnation_0025_0026,historical_additive,9.549925860214358,5,0.7235204276441392,0.06575481512005477
carnation_0025_0026,historical_additive,9.772372209558112,5,0.726536846124475,0.06483422650650665
carnation_0025_0026,historical_additive,10.0,5,0.728942344406262,0.06422461462426976
carnation_0025_0026,historical_fam,0.01,5,0.08430698739977091,0.0289428103500572
carnation_0025_0026,historical_fam,0.010232929922807542,5,0.08430698739977091,0.0289428103500572
carnation_0025_0026,historical_fam,0.010471285480508996,5,0.08430698739977091,0.0289428103500572
carnation_0025_0026,historical_fam,0.010715193052376065,5,0.08911798396334478,0.026828276050883507
carnation_0025_0026,historical_fam,0.01096478196143185,5,0.08911798396334478,0.026828276050883507
carnation_0025_0026,historical_fam,0.011220184543019636,5,0.08911798396334478,0.026828276050883507
carnation_0025_0026,historical_fam,0.01148153621496883,5,0.09389079801450936,0.02607735617243381
carnation_0025_0026,historical_fam,0.011748975549395297,5,0.09389079801450936,0.02607735617243381
carnation_0025_0026,historical_fam,0.012022644346174132,5,0.09389079801450936,0.02607735617243381
carnation_0025_0026,historical_fam,0.012302687708123818,5,0.09667812142038945,0.024960165655989294
carnation_0025_0026,historical_fam,0.012589254117941675,5,0.09667812142038945,0.024960165655989294
carnation_0025_0026,historical_fam,0.012882495516931342,5,0.09667812142038945,0.024960165655989294
carnation_0025_0026,historical_fam,0.013182567385564075,5,0.09778541428025964,0.025978282634651673
carnation_0025_0026,historical_fam,0.013489628825916533,5,0.09778541428025964,0.025978282634651673
carnation_0025_0026,historical_fam,0.013803842646028852,5,0.09946544482626957,0.02601004123820976
carnation_0025_0026,historical_fam,0.01412537544622754,5,0.09946544482626957,0.02601004123820976
carnation_0025_0026,historical_fam,0.014454397707459272,5,0.09946544482626957,0.02601004123820976
carnation_0025_0026,historical_fam,0.014791083881682071,5,0.10183276059564719,0.025941146664518872
carnation_0025_0026,historical_fam,0.01513561248436208,5,0.10183276059564719,0.025941146664518872
carnation_0025_0026,historical_fam,0.01548816618912481,5,0.10435280641466209,0.02679265834682734
carnation_0025_0026,historical_fam,0.015848931924611134,5,0.10435280641466209,0.02679265834682734
carnation_0025_0026,historical_fam,0.0162181009735893,5,0.10721649484536082,0.026328150557773114
carnation_0025_0026,historical_fam,0.016595869074375606,5,0.10721649484536082,0.026328150557773114
carnation_0025_0026,historical_fam,0.016982436524617443,5,0.10939289805269188,0.025064500130729615
carnation_0025_0026,historical_fam,0.017378008287493755,5,0.10939289805269188,0.025064500130729615
carnation_0025_0026,historical_fam,0.01778279410038923,5,0.11500572737686139,0.026754541209566163
carnation_0025_0026,historical_fam,0.018197008586099836,5,0.11500572737686139,0.026754541209566163
carnation_0025_0026,historical_fam,0.018620871366628676,5,0.11634211531118747,0.0261851733789419
carnation_0025_0026,historical_fam,0.019054607179632473,5,0.11909125620465826,0.026622344351043884
carnation_0025_0026,historical_fam,0.019498445997580455,5,0.11909125620465826,0.026622344351043884
carnation_0025_0026,historical_fam,0.0199526231496888,5,0.12038946162657502,0.025840493078933886
carnation_0025_0026,historical_fam,0.020417379446695295,5,0.12038946162657502,0.025840493078933886
carnation_0025_0026,historical_fam,0.020892961308540396,5,0.12233676975945018,0.025927373896823282
carnation_0025_0026,historical_fam,0.021379620895022326,5,0.1244749904543719,0.025942692131003704
carnation_0025_0026,historical_fam,0.02187761623949553,5,0.1244749904543719,0.025942692131003704
carnation_0025_0026,historical_fam,0.0223872113856834,5,0.125811378388698,0.026860047353633947
carnation_0025_0026,historical_fam,0.022908676527677724,5,0.12836960672012218,0.02734571721319507
carnation_0025_0026,historical_fam,0.023442288153199226,5,0.12836960672012218,0.02734571721319507
carnation_0025_0026,historical_fam,0.023988329190194897,5,0.131004200076365,0.02876210372666518
carnation_0025_0026,historical_fam,0.02454708915685031,5,0.13424971363115695,0.03201655463084135
carnation_0025_0026,historical_fam,0.025118864315095794,5,0.13424971363115695,0.03201655463084135
carnation_0025_0026,historical_fam,0.025703957827688646,5,0.13493699885452462,0.03277485535872982
carnation_0025_0026,historical_fam,0.026302679918953815,5,0.13631156930126004,0.032274388325673205
carnation_0025_0026,historical_fam,0.026915348039269153,5,0.13734249713631158,0.03182707667824704
carnation_0025_0026,historical_fam,0.02754228703338166,5,0.13963344788087056,0.030864899503779634
carnation_0025_0026,historical_fam,0.028183829312644536,5,0.1415425735013364,0.03188885622546711
carnation_0025_0026,historical_fam,0.028840315031266057,5,0.1415425735013364,0.03188885622546711
carnation_0025_0026,historical_fam,0.029512092266663854,5,0.14348988163421153,0.03204847080822619
carnation_0025_0026,historical_fam,0.03019951720402016,5,0.14490263459335623,0.03325524763987814
carnation_0025_0026,historical_fam,0.030902954325135904,5,0.14700267277586862,0.03546685796708533
carnation_0025_0026,historical_fam,0.03162277660168379,5,0.14921725849560902,0.03564767495330787
carnation_0025_0026,historical_fam,0.03235936569296283,5,0.14994272623138602,0.03604295691964844
carnation_0025_0026,historical_fam,0.03311311214825911,5,0.15211912943871705,0.036660779773129634
carnation_0025_0026,historical_fam,0.033884415613920256,5,0.1533791523482245,0.03700395699565551
carnation_0025_0026,historical_fam,0.034673685045253165,5,0.15479190530736925,0.03625866343741308
carnation_0025_0026,historical_fam,0.03548133892335755,5,0.15597556319205802,0.03548689153342323
carnation_0025_0026,historical_fam,0.03630780547701014,5,0.15723558610156546,0.036129061161256734
carnation_0025_0026,historical_fam,0.03715352290971726,5,0.1591828942344406,0.03787182687292399
carnation_0025_0026,historical_fam,0.038018939632056124,5,0.16082474226804125,0.038158545360757426
carnation_0025_0026,historical_fam,0.03890451449942805,5,0.16571210385643376,0.037448315390918016
carnation_0025_0026,historical_fam,0.039810717055349734,5,0.1664375715922108,0.03746009019865367
carnation_0025_0026,historical_fam,0.04073802778041126,5,0.16758304696449028,0.037851611210437876
carnation_0025_0026,historical_fam,0.04168693834703355,5,0.16853760977472318,0.03759193906696661
carnation_0025_0026,historical_fam,0.04265795188015926,5,0.17071401298205421,0.03653405066179428
carnation_0025_0026,historical_fam,0.04365158322401661,5,0.17373043146239023,0.03919128478220788
carnation_0025_0026,historical_fam,0.0446683592150963,5,0.175754104620084,0.03843715204805452
carnation_0025_0026,historical_fam,0.04570881896148752,5,0.17922871324933182,0.03674766801695952
carnation_0025_0026,historical_fam,0.046773514128719815,5,0.18025964108438336,0.036682396928908755
carnation_0025_0026,historical_fam,0.04786300923226385,5,0.1812523864070256,0.03659166846499741
carnation_0025_0026,historical_fam,0.04897788193684462,5,0.18342878961435666,0.0359307382883388
carnation_0025_0026,historical_fam,0.05011872336272725,5,0.18468881252386407,0.035743145244418795
carnation_0025_0026,historical_fam,0.05128613839913648,5,0.1871324933180603,0.03672410439184566
carnation_0025_0026,historical_fam,0.05248074602497726,5,0.18808705612829324,0.03641964244614497
carnation_0025_0026,historical_fam,0.05370317963702527,5,0.1912180221458572,0.034865097928545204
carnation_0025_0026,historical_fam,0.054954087385762455,5,0.19579992363497517,0.034170042139438035
carnation_0025_0026,historical_fam,0.05623413251903491,5,0.1985872470408553,0.03787158627374293
carnation_0025_0026,historical_fam,0.057543993733715694,5,0.20175639557082858,0.03651059873872562
carnation_0025_0026,historical_fam,0.0588843655355589,5,0.20400916380297823,0.03678514025696405
carnation_0025_0026,historical_fam,0.06025595860743578,5,0.2059946544482627,0.0373306071298716
carnation_0025_0026,historical_fam,0.06165950018614822,5,0.20687285223367696,0.03746913774253854
carnation_0025_0026,historical_fam,0.06309573444801933,5,0.20996563573883162,0.040090592542596476
carnation_0025_0026,historical_fam,0.06456542290346556,5,0.21370752195494463,0.0410341227334791
carnation_0025_0026,historical_fam,0.06606934480075961,5,0.21508209240168003,0.04044251808569871
carnation_0025_0026,historical_fam,0.06760829753919818,5,0.21695303550973652,0.04102546160840188
carnation_0025_0026,historical_fam,0.06918309709189363,5,0.21886216113020235,0.04267026024476291
carnation_0025_0026,historical_fam,0.0707945784384138,5,0.22195494463535698,0.04412695158034596
carnation_0025_0026,historical_fam,0.07244359600749899,5,0.2265750286368843,0.04677268157263915
carnation_0025_0026,historical_fam,0.07413102413009177,5,0.22962962962962963,0.04880820693466212
carnation_0025_0026,historical_fam,0.07585775750291836,5,0.23218785796105385,0.04897296097013388
carnation_0025_0026,historical_fam,0.07762471166286919,5,0.23413516609392895,0.048853774848130124
carnation_0025_0026,historical_fam,0.07943282347242814,5,0.23772432226040477,0.049896779532233516
carnation_0025_0026,historical_fam,0.08128305161640995,5,0.23875525009545626,0.05018361029706177
carnation_0025_0026,historical_fam,0.08317637711026708,5,0.24161893852615504,0.050648098844907334
carnation_0025_0026,historical_fam,0.08511380382023767,5,0.24578083237877052,0.05453496783715873
carnation_0025_0026,historical_fam,0.08709635899560805,5,0.24944635357006498,0.057152187358878954
carnation_0025_0026,historical_fam,0.08912509381337459,5,0.2527300496372661,0.05678588174780977
carnation_0025_0026,historical_fam,0.09120108393559097,5,0.2544482626956854,0.05756423734034938
carnation_0025_0026,historical_fam,0.0933254300796991,5,0.2567010309278351,0.05926637499937868
carnation_0025_0026,historical_fam,0.09549925860214359,5,0.2596792668957617,0.0583439222242894
carnation_0025_0026,historical_fam,0.09772372209558107,5,0.26349751813669336,0.058238095313681126
carnation_0025_0026,historical_fam,0.1,5,0.26701030927835046,0.057914923430739645
carnation_0025_0026,historical_fam,0.10232929922807542,5,0.2701412752959145,0.05877704517095047
carnation_0025_0026,historical_fam,0.10471285480508996,5,0.27304314623902254,0.05737778514411239
carnation_0025_0026,historical_fam,0.10715193052376065,5,0.27632684230622373,0.05692470311020694
carnation_0025_0026,historical_fam,0.1096478196143185,5,0.27751050019091256,0.057050219190433224
carnation_0025_0026,historical_fam,0.11220184543019636,5,0.2807941962581138,0.05600337924720715
carnation_0025_0026,historical_fam,0.1148153621496883,5,0.2834669721267659,0.054772677637348055
carnation_0025_0026,historical_fam,0.11748975549395298,5,0.28751431844215347,0.0537043179051991
carnation_0025_0026,historical_fam,0.12022644346174131,5,0.28969072164948456,0.053300448729976226
carnation_0025_0026,historical_fam,0.12302687708123818,5,0.2930507827415044,0.05255074177894243
carnation_0025_0026,historical_fam,0.12589254117941676,5,0.29644902634593356,0.053290156331782086
carnation_0025_0026,historical_fam,0.12882495516931342,5,0.2992363497518137,0.05307173501573201
carnation_0025_0026,historical_fam,0.13182567385564073,5,0.30175639557082856,0.0535994625493886
carnation_0025_0026,historical_fam,0.1348962882591654,5,0.3061855670103093,0.05553757668694767
carnation_0025_0026,historical_fam,0.13803842646028852,5,0.3084765177548683,0.05452206745341684
carnation_0025_0026,historical_fam,0.14125375446227548,5,0.3118747613592975,0.05499716758357818
carnation_0025_0026,historical_fam,0.1445439770745927,5,0.3151202749140893,0.05389106908423595
carnation_0025_0026,historical_fam,0.1479108388168207,5,0.3175257731958763,0.05357630356408574
carnation_0025_0026,historical_fam,0.1513561248436208,5,0.3203512791141657,0.05405000661747892
carnation_0025_0026,historical_fam,0.1548816618912481,5,0.3232913325696831,0.05494710960239637
carnation_0025_0026,historical_fam,0.15848931924611134,5,0.32573501336387933,0.05531728959381484
carnation_0025_0026,historical_fam,0.16218100973589297,5,0.3284841542573501,0.055666416970321285
carnation_0025_0026,historical_fam,0.16595869074375605,5,0.3313478426880489,0.054811957435166016
carnation_0025_0026,historical_fam,0.16982436524617442,5,0.3341733486063383,0.05426680760943112
carnation_0025_0026,historical_fam,0.17378008287493754,5,0.33959526536846124,0.05336431291081254
carnation_0025_0026,historical_fam,0.1778279410038923,5,0.3416571210385643,0.0532191838373097
carnation_0025_0026,historical_fam,0.18197008586099836,5,0.3445589919816724,0.053545000922654996
carnation_0025_0026,historical_fam,0.18620871366628675,5,0.34845360824742266,0.05364768681801646
carnation_0025_0026,historical_fam,0.19054607179632474,5,0.352233676975945,0.053441708520243394
carnation_0025_0026,historical_fam,0.19498445997580455,5,0.3550973654066437,0.05386543045851185
carnation_0025_0026,historical_fam,0.19952623149688797,5,0.3571210385643376,0.054722947135334175
carnation_0025_0026,historical_fam,0.20417379446695297,5,0.3615120274914089,0.05417084655519875
carnation_0025_0026,historical_fam,0.20892961308540398,5,0.3646811760213822,0.0545489676502304
carnation_0025_0026,historical_fam,0.21379620895022325,5,0.36804123711340203,0.054307560684766165
carnation_0025_0026,historical_fam,0.2187761623949553,5,0.37082856051928215,0.054453035300567734
carnation_0025_0026,historical_fam,0.223872113856834,5,0.37506681939671627,0.05635359192561677
carnation_0025_0026,historical_fam,0.22908676527677735,5,0.37861779305078275,0.05644564860082002
carnation_0025_0026,historical_fam,0.23442288153199228,5,0.38094692630775107,0.0563770323303658
carnation_0025_0026,historical_fam,0.2398832919019491,5,0.3841924398625429,0.05772755194891804
carnation_0025_0026,historical_fam,0.2454708915685031,5,0.38816342115311187,0.05723595544422298
carnation_0025_0026,historical_fam,0.25118864315095807,5,0.39049255441008024,0.05721879122832781
carnation_0025_0026,historical_fam,0.25703957827688634,5,0.39251622756777393,0.05694973245768197
carnation_0025_0026,historical_fam,0.26302679918953814,5,0.39473081328751436,0.05704878171747327
carnation_0025_0026,historical_fam,0.26915348039269155,5,0.3973272241313478,0.05664112215711149
carnation_0025_0026,historical_fam,0.2754228703338166,5,0.39927453226422294,0.05641839299369978
carnation_0025_0026,historical_fam,0.28183829312644537,5,0.4019091256204659,0.05549112620915589
carnation_0025_0026,historical_fam,0.28840315031266056,5,0.40446735395189004,0.05567591004103787
carnation_0025_0026,historical_fam,0.29512092266663853,5,0.4070637647957235,0.05579391454297182
carnation_0025_0026,historical_fam,0.3019951720402016,5,0.40862924780450555,0.05560991607814909
carnation_0025_0026,historical_fam,0.30902954325135906,5,0.41095838106147387,0.05598551163933446
carnation_0025_0026,historical_fam,0.31622776601683794,5,0.41302023673157695,0.05620399032796993
carnation_0025_0026,historical_fam,0.32359365692962827,5,0.4150439098892707,0.056451233729273444
carnation_0025_0026,historical_fam,0.3311311214825911,5,0.41764032073310425,0.05709284775804956
carnation_0025_0026,historical_fam,0.33884415613920255,5,0.4200458190148912,0.05606874758706761
carnation_0025_0026,historical_fam,0.34673685045253166,5,0.42275677739595263,0.05675156488377848
carnation_0025_0026,historical_fam,0.35481338923357547,5,0.4257350133638793,0.05583711058380595
carnation_0025_0026,historical_fam,0.3630780547701014,5,0.42859870179457804,0.05586272509864188
carnation_0025_0026,historical_fam,0.37153522909717257,5,0.4312332951508209,0.055338205166132935
carnation_0025_0026,historical_fam,0.38018939632056126,5,0.4335624284077892,0.055820136535287376
carnation_0025_0026,historical_fam,0.38904514499428067,5,0.43596792668957624,0.055421328172214755
carnation_0025_0026,historical_fam,0.3981071705534973,5,0.43928980526918665,0.05492627735409667
carnation_0025_0026,historical_fam,0.40738027780411284,5,0.4423825887743414,0.05441349640608727
carnation_0025_0026,historical_fam,0.41686938347033553,5,0.44524627720504,0.053779157192945244
carnation_0025_0026,historical_fam,0.4265795188015928,5,0.44841542573501336,0.0528157800046568
carnation_0025_0026,historical_fam,0.4365158322401661,5,0.45066819396716296,0.052562808507707906
carnation_0025_0026,historical_fam,0.44668359215096326,5,0.45410462008400154,0.0531263044732953
carnation_0025_0026,historical_fam,0.4570881896148752,5,0.45620465826651396,0.05347061778753726
carnation_0025_0026,historical_fam,0.4677351412871981,5,0.45922107674685,0.05340804088165179
carnation_0025_0026,historical_fam,0.47863009232263826,5,0.4620847651775487,0.0532669312932029
carnation_0025_0026,historical_fam,0.48977881936844614,5,0.46510118365788466,0.05356864971649233
carnation_0025_0026,historical_fam,0.5011872336272722,5,0.46712485681557847,0.05308543413285163
carnation_0025_0026,historical_fam,0.5128613839913648,5,0.4700649102710958,0.05281802274736872
carnation_0025_0026,historical_fam,0.5248074602497725,5,0.47315769377625055,0.05337066439460138
carnation_0025_0026,historical_fam,0.5370317963702527,5,0.4758304696449026,0.05307276514747573
carnation_0025_0026,historical_fam,0.5495408738576245,5,0.478655975563192,0.05314873376143953
carnation_0025_0026,historical_fam,0.5623413251903491,5,0.4811760213822069,0.053553713060156834
carnation_0025_0026,historical_fam,0.5754399373371569,5,0.4830087819778542,0.05337073268601849
carnation_0025_0026,historical_fam,0.588843655355589,5,0.4856051928216877,0.05231101745731417
carnation_0025_0026,historical_fam,0.6025595860743578,5,0.4881252386407026,0.05266927788008011
carnation_0025_0026,historical_fam,0.6165950018614822,5,0.4902634593356243,0.052164040975228886
carnation_0025_0026,historical_fam,0.6309573444801934,5,0.4930507827415044,0.05220797141954316
carnation_0025_0026,historical_fam,0.6456542290346556,5,0.49602901870943106,0.05330554290269817
carnation_0025_0026,historical_fam,0.6606934480075961,5,0.49843451699121805,0.05302274633508685
carnation_0025_0026,historical_fam,0.6760829753919819,5,0.5014127529591448,0.0527840608752017
carnation_0025_0026,historical_fam,0.6918309709189366,5,0.5038182512409317,0.05229993798789428
carnation_0025_0026,historical_fam,0.707945784384138,5,0.5065673921344024,0.05287461185808492
carnation_0025_0026,historical_fam,0.7244359600749902,5,0.5088583428789615,0.05330489333728507
carnation_0025_0026,historical_fam,0.7413102413009177,5,0.5115693012600229,0.05329822628733125
carnation_0025_0026,historical_fam,0.758577575029184,5,0.514471172203131,0.0547055940730552
carnation_0025_0026,historical_fam,0.776247116628692,5,0.517373043146239,0.05406989572880644
carnation_0025_0026,historical_fam,0.7943282347242817,5,0.5205421916762123,0.053788847821133356
carnation_0025_0026,historical_fam,0.8128305161640995,5,0.5238258877434135,0.05327442324393388
carnation_0025_0026,historical_fam,0.8317637711026709,5,0.5264604810996565,0.05292025970253867
carnation_0025_0026,historical_fam,0.8511380382023763,5,0.5292478045055364,0.05282026539485405
carnation_0025_0026,historical_fam,0.8709635899560805,5,0.5313860252004583,0.052722397372881494
carnation_0025_0026,historical_fam,0.8912509381337455,5,0.534020618556701,0.05275018077973136
carnation_0025_0026,historical_fam,0.9120108393559097,5,0.536540664375716,0.05342373461962537
carnation_0025_0026,historical_fam,0.933254300796991,5,0.538602520045819,0.0540888341490248
carnation_0025_0026,historical_fam,0.9549925860214359,5,0.5411989308896524,0.054266774027561075
carnation_0025_0026,historical_fam,0.9772372209558107,5,0.5441008018327607,0.05435143507249621
carnation_0025_0026,historical_fam,1.0,5,0.5466972126765941,0.05416966909521112
carnation_0025_0026,historical_fam,1.0232929922807548,5,0.5490263459335625,0.05356099477516678
carnation_0025_0026,historical_fam,1.0471285480508996,5,0.5519282168766704,0.05318397046457585
carnation_0025_0026,historical_fam,1.071519305237607,5,0.5549828178694158,0.0536703735875573
carnation_0025_0026,historical_fam,1.096478196143185,5,0.5581519663993891,0.05333274916612338
carnation_0025_0026,historical_fam,1.122018454301963,5,0.5605956471935853,0.053159053541193074
carnation_0025_0026,historical_fam,1.1481536214968828,5,0.562848415425735,0.053079254517740544
carnation_0025_0026,historical_fam,1.174897554939529,5,0.5652920962199313,0.05246432128157798
carnation_0025_0026,historical_fam,1.2022644346174132,5,0.5678885070637648,0.05232129348369238
carnation_0025_0026,historical_fam,1.2302687708123812,5,0.5702176403207331,0.05269781551385918
carnation_0025_0026,historical_fam,1.2589254117941675,5,0.5722413134784269,0.05287805835322063
carnation_0025_0026,historical_fam,1.2882495516931336,5,0.5754104620084002,0.05327059187565604
carnation_0025_0026,historical_fam,1.3182567385564075,5,0.5778923253150057,0.053013396929666
carnation_0025_0026,historical_fam,1.3489628825916533,5,0.580106911034746,0.05276748617635988
carnation_0025_0026,historical_fam,1.3803842646028852,5,0.5826651393661703,0.052643251917143065
carnation_0025_0026,historical_fam,1.412537544622754,5,0.5855288277968691,0.052593725525999196
carnation_0025_0026,historical_fam,1.4454397707459279,5,0.5886597938144331,0.051887245757794916
carnation_0025_0026,historical_fam,1.4791083881682072,5,0.5904925544100801,0.0514223260528487
carnation_0025_0026,historical_fam,1.5135612484362087,5,0.5925925925925926,0.05164687644684765
carnation_0025_0026,historical_fam,1.5488166189124812,5,0.5951508209240168,0.0514893692772305
carnation_0025_0026,historical_fam,1.584893192461114,5,0.5974417716685758,0.05156152112051997
carnation_0025_0026,historical_fam,1.6218100973589298,5,0.6003436426116838,0.05135842441140223
carnation_0025_0026,historical_fam,1.6595869074375613,5,0.6029782359679267,0.051080724361227826
carnation_0025_0026,historical_fam,1.6982436524617444,5,0.6058419243986256,0.05100896423563167
carnation_0025_0026,historical_fam,1.7378008287493762,5,0.6080183276059564,0.050956025570014093
carnation_0025_0026,historical_fam,1.7782794100389228,5,0.6108056510118366,0.05029062324449543
carnation_0025_0026,historical_fam,1.8197008586099843,5,0.613020236731577,0.050295225130427605
carnation_0025_0026,historical_fam,1.8620871366628675,5,0.6153111874761359,0.05021435904903072
carnation_0025_0026,historical_fam,1.9054607179632483,5,0.6178312332951508,0.05016831966709813
carnation_0025_0026,historical_fam,1.9498445997580456,5,0.6202749140893471,0.05014335796158944
carnation_0025_0026,historical_fam,1.9952623149688808,5,0.6222604047346316,0.04967701143222551
carnation_0025_0026,historical_fam,2.0417379446695296,5,0.624360442917144,0.049638110545876586
carnation_0025_0026,historical_fam,2.0892961308540388,5,0.627262313860252,0.04883120146717454
carnation_0025_0026,historical_fam,2.1379620895022327,5,0.6295914471172204,0.04815093378615559
carnation_0025_0026,historical_fam,2.1877616239495516,5,0.6320351279114165,0.04756244625363364
carnation_0025_0026,historical_fam,2.23872113856834,5,0.6343260786559756,0.04731312499836026
carnation_0025_0026,historical_fam,2.2908676527677723,5,0.6373806796487209,0.04718700488307064
carnation_0025_0026,historical_fam,2.344228815319923,5,0.6397479954180986,0.04674005858836978
carnation_0025_0026,historical_fam,2.39883291901949,5,0.6424207712867507,0.0464196347168511
carnation_0025_0026,historical_fam,2.454708915685031,5,0.6449789996181747,0.045863658726609996
carnation_0025_0026,historical_fam,2.5118864315095797,5,0.647766323024055,0.046227457550089064
carnation_0025_0026,historical_fam,2.570395782768865,5,0.6500954562810233,0.0462255652538162
carnation_0025_0026,historical_fam,2.6302679918953813,5,0.6528445971744941,0.046229743971409776
carnation_0025_0026,historical_fam,2.691534803926917,5,0.6550973654066437,0.045782528109488685
carnation_0025_0026,historical_fam,2.7542287033381663,5,0.65754104620084,0.04559382104554592
carnation_0025_0026,historical_fam,2.818382931264455,5,0.6595647193585339,0.04574147059159476
carnation_0025_0026,historical_fam,2.8840315031266055,5,0.6622756777395953,0.04532314081931704
carnation_0025_0026,historical_fam,2.951209226666387,5,0.665139366170294,0.04530645117490704
carnation_0025_0026,historical_fam,3.019951720402016,5,0.6676975945017183,0.045761028281206435
carnation_0025_0026,historical_fam,3.090295432513592,5,0.6704467353951891,0.04486229918550703
carnation_0025_0026,historical_fam,3.1622776601683795,5,0.672508591065292,0.04422224839196215
carnation_0025_0026,historical_fam,3.2359365692962845,5,0.6751431844215349,0.04364400634213611
carnation_0025_0026,historical_fam,3.311311214825911,5,0.6777777777777778,0.04315709264156026
carnation_0025_0026,historical_fam,3.3884415613920273,5,0.6804123711340205,0.04218282074106713
carnation_0025_0026,historical_fam,3.4673685045253166,5,0.6827415043909889,0.04149558208265559
carnation_0025_0026,historical_fam,3.548133892335757,5,0.6851470026727758,0.04138476211818685
carnation_0025_0026,historical_fam,3.630780547701014,5,0.6882397861779305,0.04059732177393938
carnation_0025_0026,historical_fam,3.715352290971724,5,0.6911798396334479,0.04012017384794952
carnation_0025_0026,historical_fam,3.801893963205613,5,0.6938526155021,0.039354993563706815
carnation_0025_0026,historical_fam,3.890451449942805,5,0.6967163039327988,0.03880919472457555
carnation_0025_0026,historical_fam,3.981071705534973,5,0.6988545246277206,0.038618784786714655
carnation_0025_0026,historical_fam,4.073802778041126,5,0.7016418480336006,0.03769384703039229
carnation_0025_0026,historical_fam,4.168693834703355,5,0.7035891561664757,0.03807368033067405
carnation_0025_0026,historical_fam,4.265795188015925,5,0.7063764795723559,0.037872693017319894
carnation_0025_0026,historical_fam,4.365158322401661,5,0.7087437953417335,0.03788245983028293
carnation_0025_0026,historical_fam,4.46683592150963,5,0.7109965635738832,0.03721115529588139
carnation_0025_0026,historical_fam,4.570881896148752,5,0.7138984345169912,0.03627554705088351
carnation_0025_0026,historical_fam,4.677351412871981,5,0.7166857579228714,0.034795614830667135
carnation_0025_0026,historical_fam,4.786300923226385,5,0.7193585337915234,0.03453064172362215
carnation_0025_0026,historical_fam,4.897788193684462,5,0.7221076746849943,0.03414896922837142
carnation_0025_0026,historical_fam,5.011872336272725,5,0.7245513554791906,0.03381400485650588
carnation_0025_0026,historical_fam,5.1286138399136485,5,0.727147766323024,0.0340941721552091
carnation_0025_0026,historical_fam,5.248074602497728,5,0.7298205421916762,0.03373954882270793
carnation_0025_0026,historical_fam,5.370317963702527,5,0.7326460481099656,0.03294516965648958
carnation_0025_0026,historical_fam,5.4954087385762485,5,0.7347460862924781,0.031971898256000206
carnation_0025_0026,historical_fam,5.623413251903491,5,0.737037037037037,0.03166231745879277
carnation_0025_0026,historical_fam,5.754399373371572,5,0.7394043528064146,0.03134311021068257
carnation_0025_0026,historical_fam,5.88843655355589,5,0.7418862161130202,0.030733957865751425
carnation_0025_0026,historical_fam,6.025595860743581,5,0.7441389843451699,0.030336300466349744
carnation_0025_0026,historical_fam,6.165950018614822,5,0.7460099274532264,0.030445795422416683
carnation_0025_0026,historical_fam,6.309573444801936,5,0.7483390607101947,0.02981642298698421
carnation_0025_0026,historical_fam,6.456542290346556,5,0.7510500190912561,0.028830957499778296
carnation_0025_0026,historical_fam,6.6069344800759575,5,0.7536082474226804,0.02866537973891389
carnation_0025_0026,historical_fam,6.760829753919819,5,0.7555555555555555,0.02815445750002293
carnation_0025_0026,historical_fam,6.918309709189363,5,0.7574264986636121,0.028093547339628766
carnation_0025_0026,historical_fam,7.07945784384138,5,0.759717449408171,0.028103924349199286
carnation_0025_0026,historical_fam,7.244359600749899,5,0.7617793050782742,0.027421185394942458
carnation_0025_0026,historical_fam,7.413102413009177,5,0.7641084383352424,0.026977032642902958
carnation_0025_0026,historical_fam,7.585775750291836,5,0.7664375715922107,0.026693167492134157
carnation_0025_0026,historical_fam,7.76247116628692,5,0.7690721649484537,0.026381394532539442
carnation_0025_0026,historical_fam,7.943282347242813,5,0.7707903780068728,0.026518503938657515
carnation_0025_0026,historical_fam,8.128305161640995,5,0.7733867888507063,0.025415402878728476
carnation_0025_0026,historical_fam,8.317637711026709,5,0.775639557082856,0.025502874367092542
carnation_0025_0026,historical_fam,8.511380382023768,5,0.77766323024055,0.025039621775623338
carnation_0025_0026,historical_fam,8.709635899560805,5,0.7801832760595648,0.024318169077154343
carnation_0025_0026,historical_fam,8.91250938133746,5,0.7827796869033982,0.02383098126011632
carnation_0025_0026,historical_fam,9.120108393559097,5,0.7847269950362733,0.023977052137327794
carnation_0025_0026,historical_fam,9.332543007969914,5,0.7861015654830089,0.023570396136445234
carnation_0025_0026,historical_fam,9.549925860214358,5,0.7879725085910654,0.023525897148971537
carnation_0025_0026,historical_fam,9.772372209558112,5,0.7898052691867126,0.02303880403220038
carnation_0025_0026,historical_fam,10.0,5,0.7916380297823598,0.02255904780580395
fhl_0407_0408,historical_additive,0.01,5,0.042433234421364985,0.018095078872331107
fhl_0407_0408,historical_additive,0.010232929922807542,5,0.042433234421364985,0.018095078872331107
fhl_0407_0408,historical_additive,0.010471285480508996,5,0.042433234421364985,0.018095078872331107
fhl_0407_0408,historical_additive,0.010715193052376065,5,0.04332344213649851,0.018756145321662768
fhl_0407_0408,historical_additive,0.01096478196143185,5,0.04332344213649851,0.018756145321662768
fhl_0407_0408,historical_additive,0.011220184543019636,5,0.04332344213649851,0.018756145321662768
fhl_0407_0408,historical_additive,0.01148153621496883,5,0.04332344213649851,0.018756145321662768
fhl_0407_0408,historical_additive,0.011748975549395297,5,0.044510385756676554,0.02031009811907129
fhl_0407_0408,historical_additive,0.012022644346174132,5,0.044510385756676554,0.02031009811907129
fhl_0407_0408,historical_additive,0.012302687708123818,5,0.044510385756676554,0.02031009811907129
fhl_0407_0408,historical_additive,0.012589254117941675,5,0.04589515331355094,0.01997740184446579
fhl_0407_0408,historical_additive,0.012882495516931342,5,0.04589515331355094,0.01997740184446579
fhl_0407_0408,historical_additive,0.013182567385564075,5,0.04589515331355094,0.01997740184446579
fhl_0407_0408,historical_additive,0.013489628825916533,5,0.04589515331355094,0.01997740184446579
fhl_0407_0408,historical_additive,0.013803842646028852,5,0.04708209693372898,0.019409189858518694
fhl_0407_0408,historical_additive,0.01412537544622754,5,0.04708209693372898,0.019409189858518694
fhl_0407_0408,historical_additive,0.014454397707459272,5,0.04708209693372898,0.019409189858518694
fhl_0407_0408,historical_additive,0.014791083881682071,5,0.0486646884272997,0.019416119574847953
fhl_0407_0408,historical_additive,0.01513561248436208,5,0.0486646884272997,0.019416119574847953
fhl_0407_0408,historical_additive,0.01548816618912481,5,0.05281899109792285,0.02126722330292345
fhl_0407_0408,historical_additive,0.015848931924611134,5,0.05281899109792285,0.02126722330292345
fhl_0407_0408,historical_additive,0.0162181009735893,5,0.05281899109792285,0.02126722330292345
fhl_0407_0408,historical_additive,0.016595869074375606,5,0.05380811078140455,0.021206758307842605
fhl_0407_0408,historical_additive,0.016982436524617443,5,0.05380811078140455,0.021206758307842605
fhl_0407_0408,historical_additive,0.017378008287493755,5,0.05380811078140455,0.021206758307842605
fhl_0407_0408,historical_additive,0.01778279410038923,5,0.05637982195845698,0.020555492028309006
fhl_0407_0408,historical_additive,0.018197008586099836,5,0.05637982195845698,0.020555492028309006
fhl_0407_0408,historical_additive,0.018620871366628676,5,0.058456973293768554,0.019940638099942756
fhl_0407_0408,historical_additive,0.019054607179632473,5,0.058456973293768554,0.019940638099942756
fhl_0407_0408,historical_additive,0.019498445997580455,5,0.06142433234421365,0.020193551185242086
fhl_0407_0408,historical_additive,0.0199526231496888,5,0.06142433234421365,0.020193551185242086
fhl_0407_0408,historical_additive,0.020417379446695295,5,0.06310583580613255,0.021273547785857886
fhl_0407_0408,historical_additive,0.020892961308540396,5,0.06310583580613255,0.021273547785857886
fhl_0407_0408,historical_additive,0.021379620895022326,5,0.06439169139465876,0.021255719421894068
fhl_0407_0408,historical_additive,0.02187761623949553,5,0.06439169139465876,0.021255719421894068
fhl_0407_0408,historical_additive,0.0223872113856834,5,0.06686449060336301,0.02248860998404787
fhl_0407_0408,historical_additive,0.022908676527677724,5,0.06686449060336301,0.02248860998404787
fhl_0407_0408,historical_additive,0.023442288153199226,5,0.06874381800197824,0.023414679651366597
fhl_0407_0408,historical_additive,0.023988329190194897,5,0.06874381800197824,0.023414679651366597
fhl_0407_0408,historical_additive,0.02454708915685031,5,0.07062314540059347,0.023063144815491453
fhl_0407_0408,historical_additive,0.025118864315095794,5,0.07062314540059347,0.023063144815491453
fhl_0407_0408,historical_additive,0.025703957827688646,5,0.07250247279920871,0.023909807428056193
fhl_0407_0408,historical_additive,0.026302679918953815,5,0.07457962413452027,0.025269539832368987
fhl_0407_0408,historical_additive,0.026915348039269153,5,0.07457962413452027,0.025269539832368987
fhl_0407_0408,historical_additive,0.02754228703338166,5,0.0768545994065282,0.026757927033194195
fhl_0407_0408,historical_additive,0.028183829312644536,5,0.07893175074183975,0.026746498565627014
fhl_0407_0408,historical_additive,0.028840315031266057,5,0.07893175074183975,0.026746498565627014
fhl_0407_0408,historical_additive,0.029512092266663854,5,0.08100890207715135,0.02854642932946107
fhl_0407_0408,historical_additive,0.03019951720402016,5,0.08308605341246292,0.029603444951488
fhl_0407_0408,historical_additive,0.030902954325135904,5,0.08308605341246292,0.029603444951488
fhl_0407_0408,historical_additive,0.03162277660168379,5,0.08545994065281899,0.030069482403091232
fhl_0407_0408,historical_additive,0.03235936569296283,5,0.08694362017804155,0.03029638229995995
fhl_0407_0408,historical_additive,0.03311311214825911,5,0.08793273986152325,0.030565638759046564
fhl_0407_0408,historical_additive,0.033884415613920256,5,0.08902077151335311,0.03075629444260359
fhl_0407_0408,historical_additive,0.034673685045253165,5,0.08902077151335311,0.03075629444260359
fhl_0407_0408,historical_additive,0.03548133892335755,5,0.08981206726013848,0.03108575152618084
fhl_0407_0408,historical_additive,0.03630780547701014,5,0.09109792284866468,0.03198888600497625
fhl_0407_0408,historical_additive,0.03715352290971726,5,0.09228486646884274,0.03320666437795174
fhl_0407_0408,historical_additive,0.038018939632056124,5,0.09376854599406528,0.033311459860928
fhl_0407_0408,historical_additive,0.03890451449942805,5,0.09475766567754698,0.03443074329078106
fhl_0407_0408,historical_additive,0.039810717055349734,5,0.09723046488625123,0.036651856231024106
fhl_0407_0408,historical_additive,0.04073802778041126,5,0.09821958456973293,0.03770447168493063
fhl_0407_0408,historical_additive,0.04168693834703355,5,0.09861523244312562,0.03817348488325848
fhl_0407_0408,historical_additive,0.04265795188015926,5,0.09980217606330366,0.038912463659144934
fhl_0407_0408,historical_additive,0.04365158322401661,5,0.10029673590504451,0.03875500427262444
fhl_0407_0408,historical_additive,0.0446683592150963,5,0.10207715133531156,0.03925540510969605
fhl_0407_0408,historical_additive,0.04570881896148752,5,0.10306627101879326,0.03954716472024573
fhl_0407_0408,historical_additive,0.046773514128719815,5,0.10445103857566766,0.03954840165145834
fhl_0407_0408,historical_additive,0.04786300923226385,5,0.10464886251236401,0.03957807640324218
fhl_0407_0408,historical_additive,0.04897788193684462,5,0.10524233432245303,0.04000649821350802
fhl_0407_0408,historical_additive,0.05011872336272725,5,0.10722057368941643,0.03988096955175298
fhl_0407_0408,historical_additive,0.05128613839913648,5,0.10939663699307615,0.03990855844704758
fhl_0407_0408,historical_additive,0.05248074602497726,5,0.11107814045499505,0.04115350093313444
fhl_0407_0408,historical_additive,0.05370317963702527,5,0.11364985163204747,0.040149914107621316
fhl_0407_0408,historical_additive,0.054954087385762455,5,0.11404549950544014,0.04044157078738533
fhl_0407_0408,historical_additive,0.05623413251903491,5,0.11602373887240355,0.040521627161717734
fhl_0407_0408,historical_additive,0.057543993733715694,5,0.1194856577645895,0.04334895301002761
fhl_0407_0408,historical_additive,0.0588843655355589,5,0.12027695351137487,0.043607447716320746
fhl_0407_0408,historical_additive,0.06025595860743578,5,0.1245301681503462,0.0463165259453484
fhl_0407_0408,historical_additive,0.06165950018614822,5,0.12601384767556872,0.04651676442813816
fhl_0407_0408,historical_additive,0.06309573444801933,5,0.12769535113748764,0.046969387322752604
fhl_0407_0408,historical_additive,0.06456542290346556,5,0.13036597428288826,0.04886216196609068
fhl_0407_0408,historical_additive,0.06606934480075961,5,0.1317507418397626,0.0493614328614107
fhl_0407_0408,historical_additive,0.06760829753919818,5,0.13244312561819982,0.05007818303504668
fhl_0407_0408,historical_additive,0.06918309709189363,5,0.13372898120672602,0.04995127850524029
fhl_0407_0408,historical_additive,0.0707945784384138,5,0.1373887240356083,0.05090291857459156
fhl_0407_0408,historical_additive,0.07244359600749899,5,0.1380811078140455,0.0513776033176758
fhl_0407_0408,historical_additive,0.07413102413009177,5,0.1403560830860534,0.05252053212185125
fhl_0407_0408,historical_additive,0.07585775750291836,5,0.1434223541048467,0.053499398057437315
fhl_0407_0408,historical_additive,0.07762471166286919,5,0.14549950544015827,0.05479178467978046
fhl_0407_0408,historical_additive,0.07943282347242814,5,0.14688427299703263,0.05559455388294121
fhl_0407_0408,historical_additive,0.08128305161640995,5,0.14915924826904056,0.05650289376742107
fhl_0407_0408,historical_additive,0.08317637711026708,5,0.1497527200791296,0.056739184771259575
fhl_0407_0408,historical_additive,0.08511380382023767,5,0.15153313550939665,0.05722444198266173
fhl_0407_0408,historical_additive,0.08709635899560805,5,0.15252225519287835,0.057081076268267875
fhl_0407_0408,historical_additive,0.08912509381337459,5,0.1543026706231454,0.05755304033169831
fhl_0407_0408,historical_additive,0.09120108393559097,5,0.1559841740850643,0.058281102334473076
fhl_0407_0408,historical_additive,0.0933254300796991,5,0.15766567754698319,0.058406658837853245
fhl_0407_0408,historical_additive,0.09549925860214359,5,0.15885262116716123,0.05928470994919674
fhl_0407_0408,historical_additive,0.09772372209558107,5,0.16172106824925817,0.06000093269380402
fhl_0407_0408,historical_additive,0.1,5,0.1632047477744807,0.06042238188218764
fhl_0407_0408,historical_additive,0.10232929922807542,5,0.16439169139465876,0.06058166290188361
fhl_0407_0408,historical_additive,0.10471285480508996,5,0.16676557863501482,0.0627403301175292
fhl_0407_0408,historical_additive,0.10715193052376065,5,0.16775469831849654,0.06340635216512294
fhl_0407_0408,historical_additive,0.1096478196143185,5,0.16963402571711178,0.0639226965605336
fhl_0407_0408,historical_additive,0.11220184543019636,5,0.171513353115727,0.0637218813482926
fhl_0407_0408,historical_additive,0.1148153621496883,5,0.17240356083086053,0.06406945921682555
fhl_0407_0408,historical_additive,0.11748975549395298,5,0.17388724035608308,0.06372591153042624
fhl_0407_0408,historical_additive,0.12022644346174131,5,0.17675568743818,0.06504975509574529
fhl_0407_0408,historical_additive,0.12302687708123818,5,0.17833827893175075,0.06408568182169483
fhl_0407_0408,historical_additive,0.12589254117941676,5,0.17922848664688423,0.06481432679881506
fhl_0407_0408,historical_additive,0.12882495516931342,5,0.1811078140454995,0.06568194126850953
fhl_0407_0408,historical_additive,0.13182567385564073,5,0.1823936696340257,0.06497714587257443
fhl_0407_0408,historical_additive,0.1348962882591654,5,0.18358061325420377,0.06459205245682334
fhl_0407_0408,historical_additive,0.13803842646028852,5,0.18496538081107813,0.06489107603108496
fhl_0407_0408,historical_additive,0.14125375446227548,5,0.1871414441147379,0.06577887592890977
fhl_0407_0408,historical_additive,0.1445439770745927,5,0.18961424332344215,0.06676795980660583
fhl_0407_0408,historical_additive,0.1479108388168207,5,0.1926805143422354,0.06778321073345574
fhl_0407_0408,historical_additive,0.1513561248436208,5,0.19406528189910982,0.06831248236267691
fhl_0407_0408,historical_additive,0.1548816618912481,5,0.19742828882294758,0.06639675392296036
fhl_0407_0408,historical_additive,0.15848931924611134,5,0.19980217606330367,0.06760562488190462
fhl_0407_0408,historical_additive,0.16218100973589297,5,0.20207715133531154,0.0677976428265214
fhl_0407_0408,historical_additive,0.16595869074375605,5,0.20633036597428286,0.06675861780030734
fhl_0407_0408,historical_additive,0.16982436524617442,5,0.20880316518298714,0.06819763239024741
fhl_0407_0408,historical_additive,0.17378008287493754,5,0.21157270029673594,0.0693499172231083
fhl_0407_0408,historical_additive,0.1778279410038923,5,0.21414441147378832,0.06982932777338395
fhl_0407_0408,historical_additive,0.18197008586099836,5,0.21750741839762608,0.0704425803211215
fhl_0407_0408,historical_additive,0.18620871366628675,5,0.21998021760633035,0.069844562747469
fhl_0407_0408,historical_additive,0.19054607179632474,5,0.22363996043521267,0.07134649246682367
fhl_0407_0408,historical_additive,0.19498445997580455,5,0.22621167161226508,0.07192029266566782
fhl_0407_0408,historical_additive,0.19952623149688797,5,0.22898120672601383,0.07056365541129962
fhl_0407_0408,historical_additive,0.20417379446695297,5,0.23303659742828886,0.07082521717501837
fhl_0407_0408,historical_additive,0.20892961308540398,5,0.23521266073194855,0.07202479258904304
fhl_0407_0408,historical_additive,0.21379620895022325,5,0.23788328387734917,0.07262034940172186
fhl_0407_0408,historical_additive,0.2187761623949553,5,0.24134520276953514,0.07341757091643682
fhl_0407_0408,historical_additive,0.223872113856834,5,0.2437190900098912,0.07460759366071668
fhl_0407_0408,historical_additive,0.22908676527677735,5,0.2481701285855588,0.07366485029212547
fhl_0407_0408,historical_additive,0.23442288153199228,5,0.2507418397626112,0.07463758449026105
fhl_0407_0408,historical_additive,0.2398832919019491,5,0.25341246290801184,0.07491039004465884
fhl_0407_0408,historical_additive,0.2454708915685031,5,0.25568743818001977,0.07454249010592026
fhl_0407_0408,historical_additive,0.25118864315095807,5,0.2583580613254204,0.07554197199532056
fhl_0407_0408,historical_additive,0.25703957827688634,5,0.2635014836795252,0.07708504849767887
fhl_0407_0408,historical_additive,0.26302679918953814,5,0.2661721068249258,0.07812589855527703
fhl_0407_0408,historical_additive,0.26915348039269155,5,0.27141444114737884,0.07952839037836837
fhl_0407_0408,historical_additive,0.2754228703338166,5,0.2748763600395648,0.07816345803224768
fhl_0407_0408,historical_additive,0.28183829312644537,5,0.27903066271018795,0.07929507914403734
fhl_0407_0408,historical_additive,0.28840315031266056,5,0.28338278931750743,0.08032982524136109
fhl_0407_0408,historical_additive,0.29512092266663853,5,0.28714144411473785,0.08120922588199968
fhl_0407_0408,historical_additive,0.3019951720402016,5,0.2922848664688427,0.07943422437857572
fhl_0407_0408,historical_additive,0.30902954325135906,5,0.29594460929772504,0.07829571149133555
fhl_0407_0408,historical_additive,0.31622776601683794,5,0.3013847675568744,0.07861837222562192
fhl_0407_0408,historical_additive,0.32359365692962827,5,0.305835806132542,0.07960155358646173
fhl_0407_0408,historical_additive,0.3311311214825911,5,0.30989119683481703,0.07919955486178545
fhl_0407_0408,historical_additive,0.33884415613920255,5,0.313353115727003,0.07907592766031864
fhl_0407_0408,historical_additive,0.34673685045253166,5,0.3170128585558853,0.08001253789499845
fhl_0407_0408,historical_additive,0.35481338923357547,5,0.3200791295746785,0.08007853947269314
fhl_0407_0408,historical_additive,0.3630780547701014,5,0.3228486646884273,0.08187721602266038
fhl_0407_0408,historical_additive,0.37153522909717257,5,0.3264094955489615,0.08221601840679073
fhl_0407_0408,historical_additive,0.38018939632056126,5,0.33066271018793275,0.08359421985827407
fhl_0407_0408,historical_additive,0.38904514499428067,5,0.33343224530168153,0.08446511654435697
fhl_0407_0408,historical_additive,0.3981071705534973,5,0.3373887240356083,0.08511991257795255
fhl_0407_0408,historical_additive,0.40738027780411284,5,0.33986152324431257,0.08595202481412988
fhl_0407_0408,historical_additive,0.41686938347033553,5,0.34540059347181007,0.08740189171393527
fhl_0407_0408,historical_additive,0.4265795188015928,5,0.348862512363996,0.08720087207680874
fhl_0407_0408,historical_additive,0.4365158322401661,5,0.35420375865479725,0.08606932785961835
fhl_0407_0408,historical_additive,0.44668359215096326,5,0.35855588526211674,0.08624009106839534
fhl_0407_0408,historical_additive,0.4570881896148752,5,0.36251236399604353,0.08756363213710715
fhl_0407_0408,historical_additive,0.4677351412871981,5,0.366864490603363,0.08731145513356317
fhl_0407_0408,historical_additive,0.47863009232263826,5,0.3710187932739862,0.08590790590568399
fhl_0407_0408,historical_additive,0.48977881936844614,5,0.37586547972304646,0.08692935610466547
fhl_0407_0408,historical_additive,0.5011872336272722,5,0.3810089020771513,0.08797787285835783
fhl_0407_0408,historical_additive,0.5128613839913648,5,0.3843719090009891,0.0877125268475217
fhl_0407_0408,historical_additive,0.5248074602497725,5,0.3890207715133531,0.08897446317232607
fhl_0407_0408,historical_additive,0.5370317963702527,5,0.3922848664688427,0.08864935155269381
fhl_0407_0408,historical_additive,0.5495408738576245,5,0.3962413452027695,0.08961732744598479
fhl_0407_0408,historical_additive,0.5623413251903491,5,0.3997032640949555,0.09081497754338644
fhl_0407_0408,historical_additive,0.5754399373371569,5,0.4037586547972304,0.09281901428700033
fhl_0407_0408,historical_additive,0.588843655355589,5,0.40811078140455,0.09186267675561914
fhl_0407_0408,historical_additive,0.6025595860743578,5,0.4130563798219584,0.09159469910348395
fhl_0407_0408,historical_additive,0.6165950018614822,5,0.41661721068249263,0.09094026293560142
fhl_0407_0408,historical_additive,0.6309573444801934,5,0.4207715133531157,0.09187798517182227
fhl_0407_0408,historical_additive,0.6456542290346556,5,0.4266073194856578,0.09214925318925865
fhl_0407_0408,historical_additive,0.6606934480075961,5,0.4301681503461919,0.09206215181206
fhl_0407_0408,historical_additive,0.6760829753919819,5,0.4353115727002967,0.09187266079463109
fhl_0407_0408,historical_additive,0.6918309709189366,5,0.4381800197823937,0.09230068784711555
fhl_0407_0408,historical_additive,0.707945784384138,5,0.441246290801187,0.09327102294183466
fhl_0407_0408,historical_additive,0.7244359600749902,5,0.44431256181998025,0.0923202951724007
fhl_0407_0408,historical_additive,0.7413102413009177,5,0.448269040553907,0.09202242428940138
fhl_0407_0408,historical_additive,0.758577575029184,5,0.4509396636993076,0.09184337120266199
fhl_0407_0408,historical_additive,0.776247116628692,5,0.45450049455984176,0.09217473070494808
fhl_0407_0408,historical_additive,0.7943282347242817,5,0.4589515331355094,0.09195488800871773
fhl_0407_0408,historical_additive,0.8128305161640995,5,0.4627101879327398,0.09251349608857266
fhl_0407_0408,historical_additive,0.8317637711026709,5,0.4666666666666667,0.09207357528316973
fhl_0407_0408,historical_additive,0.8511380382023763,5,0.4695351137487636,0.0914050417796445
fhl_0407_0408,historical_additive,0.8709635899560805,5,0.4720079129574679,0.0913943376103906
fhl_0407_0408,historical_additive,0.8912509381337455,5,0.47428288822947573,0.09194890307246213
fhl_0407_0408,historical_additive,0.9120108393559097,5,0.4782393669634025,0.09167384063884083
fhl_0407_0408,historical_additive,0.933254300796991,5,0.4817012858555886,0.090419281811232
fhl_0407_0408,historical_additive,0.9549925860214359,5,0.4847675568743819,0.08965552901410272
fhl_0407_0408,historical_additive,0.9772372209558107,5,0.48724035608308613,0.08905195079869921
fhl_0407_0408,historical_additive,1.0,5,0.49030662710187933,0.08951027631895198
fhl_0407_0408,historical_additive,1.0232929922807548,5,0.49268051434223536,0.08848157951862055
fhl_0407_0408,historical_additive,1.0471285480508996,5,0.49614243323442137,0.08827124288054654
fhl_0407_0408,historical_additive,1.071519305237607,5,0.4991097922848664,0.08829548479296681
fhl_0407_0408,historical_additive,1.096478196143185,5,0.5019782393669635,0.08733078226932174
fhl_0407_0408,historical_additive,1.122018454301963,5,0.5049455984174085,0.08623725487636417
fhl_0407_0408,historical_additive,1.1481536214968828,5,0.5072205736894164,0.08644801349276877
fhl_0407_0408,historical_additive,1.174897554939529,5,0.5102868447082096,0.08676699712839209
fhl_0407_0408,historical_additive,1.2022644346174132,5,0.5124629080118694,0.0868782732114673
fhl_0407_0408,historical_additive,1.2302687708123812,5,0.5153313550939663,0.08650345046747436
fhl_0407_0408,historical_additive,1.2589254117941675,5,0.5182987141444115,0.08741546312131494
fhl_0407_0408,historical_additive,1.2882495516931336,5,0.5215628090999012,0.08643245081008778
fhl_0407_0408,historical_additive,1.3182567385564075,5,0.5241345202769534,0.08633108333239282
fhl_0407_0408,historical_additive,1.3489628825916533,5,0.5269040553907022,0.08614900269664005
fhl_0407_0408,historical_additive,1.3803842646028852,5,0.5298714144411474,0.08639707065121868
fhl_0407_0408,historical_additive,1.412537544622754,5,0.5329376854599406,0.08618306569225302
fhl_0407_0408,historical_additive,1.4454397707459279,5,0.5350148367952523,0.08648252435671765
fhl_0407_0408,historical_additive,1.4791083881682072,5,0.5390702274975272,0.08646809935954543
fhl_0407_0408,historical_additive,1.5135612484362087,5,0.5420375865479723,0.08659176509689136
fhl_0407_0408,historical_additive,1.5488166189124812,5,0.5447082096933729,0.08769593349566542
fhl_0407_0408,historical_additive,1.584893192461114,5,0.5477744807121662,0.08748231002783116
fhl_0407_0408,historical_additive,1.6218100973589298,5,0.551236399604352,0.0883413184483445
fhl_0407_0408,historical_additive,1.6595869074375613,5,0.5539070227497528,0.08833882659513369
fhl_0407_0408,historical_additive,1.6982436524617444,5,0.5567754698318497,0.08715443867405255
fhl_0407_0408,historical_additive,1.7378008287493762,5,0.5596439169139465,0.08649397778776549
fhl_0407_0408,historical_additive,1.7782794100389228,5,0.562215628090999,0.08705475478431796
fhl_0407_0408,historical_additive,1.8197008586099843,5,0.5646884272997033,0.08733036215967825
fhl_0407_0408,historical_additive,1.8620871366628675,5,0.5678536102868448,0.08715303546722929
fhl_0407_0408,historical_additive,1.9054607179632483,5,0.5705242334322452,0.08734730497919796
fhl_0407_0408,historical_additive,1.9498445997580456,5,0.5730959446092977,0.08724629957033592
fhl_0407_0408,historical_additive,1.9952623149688808,5,0.5760633036597428,0.08603450910534934
fhl_0407_0408,historical_additive,2.0417379446695296,5,0.5790306627101879,0.08610129186336513
fhl_0407_0408,historical_additive,2.0892961308540388,5,0.5818001978239368,0.08531164437560601
fhl_0407_0408,historical_additive,2.1379620895022327,5,0.584272997032641,0.08549922737852715
fhl_0407_0408,historical_additive,2.1877616239495516,5,0.5870425321463897,0.08528684112340358
fhl_0407_0408,historical_additive,2.23872113856834,5,0.5900098911968349,0.08579437346916145
fhl_0407_0408,historical_additive,2.2908676527677723,5,0.5928783382789318,0.08595629318415252
fhl_0407_0408,historical_additive,2.344228815319923,5,0.5948565776458951,0.08561557955478659
fhl_0407_0408,historical_additive,2.39883291901949,5,0.5968348170128586,0.08522903445713234
fhl_0407_0408,historical_additive,2.454708915685031,5,0.6,0.08425781639320967
fhl_0407_0408,historical_additive,2.5118864315095797,5,0.6026706231454005,0.08429061243477502
fhl_0407_0408,historical_additive,2.570395782768865,5,0.6043521266073195,0.08488223219423204
fhl_0407_0408,historical_additive,2.6302679918953813,5,0.6068249258160238,0.084527786173995
fhl_0407_0408,historical_additive,2.691534803926917,5,0.609297725024728,0.0843017833933235
fhl_0407_0408,historical_additive,2.7542287033381663,5,0.6120672601384769,0.08435370166828295
fhl_0407_0408,historical_additive,2.818382931264455,5,0.6142433234421365,0.08402861339524198
fhl_0407_0408,historical_additive,2.8840315031266055,5,0.6164193867457962,0.0836263987107471
fhl_0407_0408,historical_additive,2.951209226666387,5,0.619188921859545,0.08368735830968954
fhl_0407_0408,historical_additive,3.019951720402016,5,0.6222551928783383,0.08321577410568008
fhl_0407_0408,historical_additive,3.090295432513592,5,0.6245301681503461,0.08331344583902557
fhl_0407_0408,historical_additive,3.1622776601683795,5,0.6270029673590505,0.08338534127763896
fhl_0407_0408,historical_additive,3.2359365692962845,5,0.6287833827893176,0.08218447777165723
fhl_0407_0408,historical_additive,3.311311214825911,5,0.6305637982195846,0.08098785488573482
fhl_0407_0408,historical_additive,3.3884415613920273,5,0.6324431256181998,0.08049438117283589
fhl_0407_0408,historical_additive,3.4673685045253166,5,0.6339268051434224,0.08153595594565068
fhl_0407_0408,historical_additive,3.548133892335757,5,0.6353115727002968,0.08187960580462447
fhl_0407_0408,historical_additive,3.630780547701014,5,0.637685459940653,0.08186840309877018
fhl_0407_0408,historical_additive,3.715352290971724,5,0.6394658753709199,0.08167053473205206
fhl_0407_0408,historical_additive,3.801893963205613,5,0.6427299703264095,0.08222687629696454
fhl_0407_0408,historical_additive,3.890451449942805,5,0.6450049455984174,0.08147593837746564
fhl_0407_0408,historical_additive,3.981071705534973,5,0.647082096933729,0.08201317334024948
fhl_0407_0408,historical_additive,4.073802778041126,5,0.649950544015826,0.08127606129334292
fhl_0407_0408,historical_additive,4.168693834703355,5,0.6514342235410484,0.08045942979754056
fhl_0407_0408,historical_additive,4.265795188015925,5,0.6537091988130564,0.07961983388377161
fhl_0407_0408,historical_additive,4.365158322401661,5,0.6558852621167162,0.07888764326428514
fhl_0407_0408,historical_additive,4.46683592150963,5,0.6576656775469832,0.07896821455826628
fhl_0407_0408,historical_additive,4.570881896148752,5,0.6606330365974282,0.07744197582672559
fhl_0407_0408,historical_additive,4.677351412871981,5,0.6628090999010882,0.07801938184418775
fhl_0407_0408,historical_additive,4.786300923226385,5,0.6637982195845697,0.07818848765996148
fhl_0407_0408,historical_additive,4.897788193684462,5,0.6669634025717113,0.07762431422480717
fhl_0407_0408,historical_additive,5.011872336272725,5,0.6692383778437191,0.07644221912029171
fhl_0407_0408,historical_additive,5.1286138399136485,5,0.6711177052423344,0.07635866221601854
fhl_0407_0408,historical_additive,5.248074602497728,5,0.6731948565776459,0.07528152807528231
fhl_0407_0408,historical_additive,5.370317963702527,5,0.6749752720079129,0.07482692039907173
fhl_0407_0408,historical_additive,5.4954087385762485,5,0.6760633036597429,0.07440208622291686
fhl_0407_0408,historical_additive,5.623413251903491,5,0.6781404549950545,0.0736283179282664
fhl_0407_0408,historical_additive,5.754399373371572,5,0.6800197823936696,0.07285741045256831
fhl_0407_0408,historical_additive,5.88843655355589,5,0.6816023738872403,0.07177288521346815
fhl_0407_0408,historical_additive,6.025595860743581,5,0.6833827893175074,0.07178055241033227
fhl_0407_0408,historical_additive,6.165950018614822,5,0.685459940652819,0.07098872069929182
fhl_0407_0408,historical_additive,6.309573444801936,5,0.6877349159248268,0.06987799799388239
fhl_0407_0408,historical_additive,6.456542290346556,5,0.690702274975272,0.07057543958897214
fhl_0407_0408,historical_additive,6.6069344800759575,5,0.6923837784371909,0.06960128152889525
fhl_0407_0408,historical_additive,6.760829753919819,5,0.694164193867458,0.06845108419830476
fhl_0407_0408,historical_additive,6.918309709189363,5,0.6969337289812068,0.06827380255054269
fhl_0407_0408,historical_additive,7.07945784384138,5,0.6987141444114737,0.06806929497861236
fhl_0407_0408,historical_additive,7.244359600749899,5,0.7009891196834817,0.0674077988748005
fhl_0407_0408,historical_additive,7.413102413009177,5,0.7026706231454006,0.06714130277014409
fhl_0407_0408,historical_additive,7.585775750291836,5,0.7045499505440158,0.06750026229901447
fhl_0407_0408,historical_additive,7.76247116628692,5,0.7060336300692384,0.0663895702102492
fhl_0407_0408,historical_additive,7.943282347242813,5,0.707616221562809,0.06579634989252288
fhl_0407_0408,historical_additive,8.128305161640995,5,0.7089020771513352,0.0663020138038139
fhl_0407_0408,historical_additive,8.317637711026709,5,0.7101879327398616,0.06591204427954198
fhl_0407_0408,historical_additive,8.511380382023768,5,0.7120672601384768,0.06532440992157848
fhl_0407_0408,historical_additive,8.709635899560805,5,0.7143422354104848,0.06430856536020568
fhl_0407_0408,historical_additive,8.91250938133746,5,0.7163204747774481,0.06448897250855223
fhl_0407_0408,historical_additive,9.120108393559097,5,0.7178041543026705,0.06400452767950358
fhl_0407_0408,historical_additive,9.332543007969914,5,0.7195845697329377,0.06361393114878967
fhl_0407_0408,historical_additive,9.549925860214358,5,0.720969337289812,0.06306694894065418
fhl_0407_0408,historical_additive,9.772372209558112,5,0.7227497527200791,0.061554921382209166
fhl_0407_0408,historical_additive,10.0,5,0.7243323442136499,0.062119551114374304
fhl_0407_0408,historical_fam,0.01,5,0.10870425321463899,0.05149291903131919
fhl_0407_0408,historical_fam,0.010232929922807542,5,0.10870425321463899,0.05149291903131919
fhl_0407_0408,historical_fam,0.010471285480508996,5,0.10870425321463899,0.05149291903131919
fhl_0407_0408,historical_fam,0.010715193052376065,5,0.11107814045499506,0.051805704077852094
fhl_0407_0408,historical_fam,0.01096478196143185,5,0.11107814045499506,0.051805704077852094
fhl_0407_0408,historical_fam,0.011220184543019636,5,0.11107814045499506,0.051805704077852094
fhl_0407_0408,historical_fam,0.01148153621496883,5,0.11107814045499506,0.051805704077852094
fhl_0407_0408,historical_fam,0.011748975549395297,5,0.113946587537092,0.05231194890929797
fhl_0407_0408,historical_fam,0.012022644346174132,5,0.113946587537092,0.05231194890929797
fhl_0407_0408,historical_fam,0.012302687708123818,5,0.113946587537092,0.05231194890929797
fhl_0407_0408,historical_fam,0.012589254117941675,5,0.11671612265084075,0.05214851537658595
fhl_0407_0408,historical_fam,0.012882495516931342,5,0.11671612265084075,0.05214851537658595
fhl_0407_0408,historical_fam,0.013182567385564075,5,0.11671612265084075,0.05214851537658595
fhl_0407_0408,historical_fam,0.013489628825916533,5,0.11671612265084075,0.05214851537658595
fhl_0407_0408,historical_fam,0.013803842646028852,5,0.12007912957467855,0.05311789123378859
fhl_0407_0408,historical_fam,0.01412537544622754,5,0.12007912957467855,0.05311789123378859
fhl_0407_0408,historical_fam,0.014454397707459272,5,0.12007912957467855,0.05311789123378859
fhl_0407_0408,historical_fam,0.014791083881682071,5,0.1215628090999011,0.05193396422745133
fhl_0407_0408,historical_fam,0.01513561248436208,5,0.1215628090999011,0.05193396422745133
fhl_0407_0408,historical_fam,0.01548816618912481,5,0.1245301681503462,0.05150123079495978
fhl_0407_0408,historical_fam,0.015848931924611134,5,0.1245301681503462,0.05150123079495978
fhl_0407_0408,historical_fam,0.0162181009735893,5,0.1245301681503462,0.05150123079495978
fhl_0407_0408,historical_fam,0.016595869074375606,5,0.1256181998021761,0.05039659427440948
fhl_0407_0408,historical_fam,0.016982436524617443,5,0.1256181998021761,0.05039659427440948
fhl_0407_0408,historical_fam,0.017378008287493755,5,0.1256181998021761,0.05039659427440948
fhl_0407_0408,historical_fam,0.01778279410038923,5,0.12828882294757665,0.05406400974521595
fhl_0407_0408,historical_fam,0.018197008586099836,5,0.12828882294757665,0.05406400974521595
fhl_0407_0408,historical_fam,0.018620871366628676,5,0.13086053412462909,0.05316644812517212
fhl_0407_0408,historical_fam,0.019054607179632473,5,0.13086053412462909,0.05316644812517212
fhl_0407_0408,historical_fam,0.019498445997580455,5,0.133135509396637,0.05551244216786732
fhl_0407_0408,historical_fam,0.0199526231496888,5,0.133135509396637,0.05551244216786732
fhl_0407_0408,historical_fam,0.020417379446695295,5,0.13550939663699307,0.05733802332029555
fhl_0407_0408,historical_fam,0.020892961308540396,5,0.13550939663699307,0.05733802332029555
fhl_0407_0408,historical_fam,0.021379620895022326,5,0.13728981206726015,0.057892660486310775
fhl_0407_0408,historical_fam,0.02187761623949553,5,0.13728981206726015,0.057892660486310775
fhl_0407_0408,historical_fam,0.0223872113856834,5,0.13966369930761624,0.0583670716777953
fhl_0407_0408,historical_fam,0.022908676527677724,5,0.13966369930761624,0.0583670716777953
fhl_0407_0408,historical_fam,0.023442288153199226,5,0.143026706231454,0.05899313284726063
fhl_0407_0408,historical_fam,0.023988329190194897,5,0.143026706231454,0.05899313284726063
fhl_0407_0408,historical_fam,0.02454708915685031,5,0.14589515331355093,0.05768675399047033
fhl_0407_0408,historical_fam,0.025118864315095794,5,0.14589515331355093,0.05768675399047033
fhl_0407_0408,historical_fam,0.025703957827688646,5,0.14846686449060337,0.0587989847766879
fhl_0407_0408,historical_fam,0.026302679918953815,5,0.15400593471810092,0.06398637326669052
fhl_0407_0408,historical_fam,0.026915348039269153,5,0.15400593471810092,0.06398637326669052
fhl_0407_0408,historical_fam,0.02754228703338166,5,0.15618199802176064,0.06400242585320944
fhl_0407_0408,historical_fam,0.028183829312644536,5,0.15924826904055392,0.06785930541628109
fhl_0407_0408,historical_fam,0.028840315031266057,5,0.15924826904055392,0.06785930541628109
fhl_0407_0408,historical_fam,0.029512092266663854,5,0.16132542037586547,0.06775054677657763
fhl_0407_0408,historical_fam,0.03019951720402016,5,0.165677546983185,0.07121919299661063
fhl_0407_0408,historical_fam,0.030902954325135904,5,0.165677546983185,0.07121919299661063
fhl_0407_0408,historical_fam,0.03162277660168379,5,0.16834817012858555,0.07245310121086289
fhl_0407_0408,historical_fam,0.03235936569296283,5,0.17131552917903065,0.07258800885846477
fhl_0407_0408,historical_fam,0.03311311214825911,5,0.17309594460929772,0.0727112300599402
fhl_0407_0408,historical_fam,0.033884415613920256,5,0.17438180019782393,0.07350297379964534
fhl_0407_0408,historical_fam,0.034673685045253165,5,0.17438180019782393,0.07350297379964534
fhl_0407_0408,historical_fam,0.03548133892335755,5,0.17675568743818001,0.07247841552232971
fhl_0407_0408,historical_fam,0.03630780547701014,5,0.1774480712166172,0.07214677212474223
fhl_0407_0408,historical_fam,0.03715352290971726,5,0.17962413452027695,0.07283004496792439
fhl_0407_0408,historical_fam,0.038018939632056124,5,0.18001978239366964,0.07291194288015201
fhl_0407_0408,historical_fam,0.03890451449942805,5,0.1805143422354105,0.07274990401287136
fhl_0407_0408,historical_fam,0.039810717055349734,5,0.18199802176063304,0.07288761806864827
fhl_0407_0408,historical_fam,0.04073802778041126,5,0.1830860534124629,0.0736864290846223
fhl_0407_0408,historical_fam,0.04168693834703355,5,0.1857566765578635,0.07273779959508773
fhl_0407_0408,historical_fam,0.04265795188015926,5,0.18813056379821957,0.07229849197307162
fhl_0407_0408,historical_fam,0.04365158322401661,5,0.1890207715133531,0.07288963146460281
fhl_0407_0408,historical_fam,0.0446683592150963,5,0.19317507418397625,0.0731686201541362
fhl_0407_0408,historical_fam,0.04570881896148752,5,0.19525222551928784,0.0724639030653797
fhl_0407_0408,historical_fam,0.046773514128719815,5,0.19762611275964392,0.07116216046311404
fhl_0407_0408,historical_fam,0.04786300923226385,5,0.19891196834817015,0.07192267321455176
fhl_0407_0408,historical_fam,0.04897788193684462,5,0.20118694362017803,0.07178140427054205
fhl_0407_0408,historical_fam,0.05011872336272725,5,0.20286844708209695,0.07238200508255627
fhl_0407_0408,historical_fam,0.05128613839913648,5,0.20583580613254204,0.07202462279353473
fhl_0407_0408,historical_fam,0.05248074602497726,5,0.2069238377843719,0.07122743488562798
fhl_0407_0408,historical_fam,0.05370317963702527,5,0.20712166172106822,0.07141759201314919
fhl_0407_0408,historical_fam,0.054954087385762455,5,0.2095944609297725,0.07160912278409544
fhl_0407_0408,historical_fam,0.05623413251903491,5,0.21463897131552914,0.07501431119315713
fhl_0407_0408,historical_fam,0.057543993733715694,5,0.21562809099901087,0.0756668476777184
fhl_0407_0408,historical_fam,0.0588843655355589,5,0.21701285855588526,0.07466985623697821
fhl_0407_0408,historical_fam,0.06025595860743578,5,0.22067260138476757,0.07395149857286944
fhl_0407_0408,historical_fam,0.06165950018614822,5,0.2219584569732938,0.07376522100220098
fhl_0407_0408,historical_fam,0.06309573444801933,5,0.22433234421364984,0.07381924847322545
fhl_0407_0408,historical_fam,0.06456542290346556,5,0.22640949554896145,0.07367232058940479
fhl_0407_0408,historical_fam,0.06606934480075961,5,0.2298714144411474,0.07511320431597582
fhl_0407_0408,historical_fam,0.06760829753919818,5,0.23095944609297728,0.07465642502201053
fhl_0407_0408,historical_fam,0.06918309709189363,5,0.23353115727002968,0.07424115831112564
fhl_0407_0408,historical_fam,0.0707945784384138,5,0.2369930761622156,0.07273174663076448
fhl_0407_0408,historical_fam,0.07244359600749899,5,0.2390702274975272,0.07143488505114966
fhl_0407_0408,historical_fam,0.07413102413009177,5,0.2410484668644906,0.07057630599496682
fhl_0407_0408,historical_fam,0.07585775750291836,5,0.24322453016815032,0.07034007638260675
fhl_0407_0408,historical_fam,0.07762471166286919,5,0.24520276953511372,0.06961656640891577
fhl_0407_0408,historical_fam,0.07943282347242814,5,0.24836795252225521,0.07100542925763897
fhl_0407_0408,historical_fam,0.08128305161640995,5,0.2509396636993076,0.07121799097477073
fhl_0407_0408,historical_fam,0.08317637711026708,5,0.25281899109792283,0.07057699911210462
fhl_0407_0408,historical_fam,0.08511380382023767,5,0.2549950544015826,0.06974486222236206
fhl_0407_0408,historical_fam,0.08709635899560805,5,0.2579624134520277,0.06800566485825514
fhl_0407_0408,historical_fam,0.08912509381337459,5,0.260435212660732,0.06632967568138014
fhl_0407_0408,historical_fam,0.09120108393559097,5,0.2648862512363996,0.06835275055829836
fhl_0407_0408,historical_fam,0.0933254300796991,5,0.26864490603363006,0.06859635929187724
fhl_0407_0408,historical_fam,0.09549925860214359,5,0.2704253214638971,0.06811060472450513
fhl_0407_0408,historical_fam,0.09772372209558107,5,0.27398615232443124,0.06779168996042408
fhl_0407_0408,historical_fam,0.1,5,0.2777448071216617,0.06662952764531874
fhl_0407_0408,historical_fam,0.10232929922807542,5,0.28041543026706234,0.06622025160311042
fhl_0407_0408,historical_fam,0.10471285480508996,5,0.28417408506429276,0.06544336803526858
fhl_0407_0408,historical_fam,0.10715193052376065,5,0.28635014836795253,0.06517409346320048
fhl_0407_0408,historical_fam,0.1096478196143185,5,0.2893175074183977,0.06544747906956502
fhl_0407_0408,historical_fam,0.11220184543019636,5,0.2917903066271018,0.06562661885636936
fhl_0407_0408,historical_fam,0.1148153621496883,5,0.294164193867458,0.06647958676296037
fhl_0407_0408,historical_fam,0.11748975549395298,5,0.3000989119683482,0.06596620038072933
fhl_0407_0408,historical_fam,0.12022644346174131,5,0.3033630069238378,0.06612377903420653
fhl_0407_0408,historical_fam,0.12302687708123818,5,0.30534124629080117,0.06547139269448568
fhl_0407_0408,historical_fam,0.12589254117941676,5,0.309297725024728,0.0647935681574638
fhl_0407_0408,historical_fam,0.12882495516931342,5,0.31305637982195844,0.06420141114789624
fhl_0407_0408,historical_fam,0.13182567385564073,5,0.3158259149357072,0.06492178799367877
fhl_0407_0408,historical_fam,0.1348962882591654,5,0.32146389713155293,0.06269899303171313
fhl_0407_0408,historical_fam,0.13803842646028852,5,0.32462908011869435,0.06315337471248926
fhl_0407_0408,historical_fam,0.14125375446227548,5,0.3281899109792285,0.06366062958786678
fhl_0407_0408,historical_fam,0.1445439770745927,5,0.33016815034619185,0.06338725470834553
fhl_0407_0408,historical_fam,0.1479108388168207,5,0.33452027695351133,0.06308362321428457
fhl_0407_0408,historical_fam,0.1513561248436208,5,0.33719090009891195,0.0633310864176681
fhl_0407_0408,historical_fam,0.1548816618912481,5,0.34124629080118696,0.06368790253674451
fhl_0407_0408,historical_fam,0.15848931924611134,5,0.3441147378832839,0.0632054443337998
fhl_0407_0408,historical_fam,0.16218100973589297,5,0.34777448071216616,0.06189352697305244
fhl_0407_0408,historical_fam,0.16595869074375605,5,0.3527200791295747,0.06012859288084357
fhl_0407_0408,historical_fam,0.16982436524617442,5,0.35548961424332337,0.060809144274540206
fhl_0407_0408,historical_fam,0.17378008287493754,5,0.3585558852621167,0.06020745595014184
fhl_0407_0408,historical_fam,0.1778279410038923,5,0.36162215628091,0.05956048873478788
fhl_0407_0408,historical_fam,0.18197008586099836,5,0.3649851632047478,0.058950205443130926
fhl_0407_0408,historical_fam,0.18620871366628675,5,0.3684470820969338,0.060335287241573804
fhl_0407_0408,historical_fam,0.19054607179632474,5,0.3708209693372898,0.06061677767881061
fhl_0407_0408,historical_fam,0.19498445997580455,5,0.3746785361028685,0.05974520337739378
fhl_0407_0408,historical_fam,0.19952623149688797,5,0.3792284866468843,0.06017433792044698
fhl_0407_0408,historical_fam,0.20417379446695297,5,0.3834817012858556,0.06091985641302844
fhl_0407_0408,historical_fam,0.20892961308540398,5,0.38644906033630066,0.0622699744867995
fhl_0407_0408,historical_fam,0.21379620895022325,5,0.3891196834817013,0.06210557177619586
fhl_0407_0408,historical_fam,0.2187761623949553,5,0.3919881305637982,0.06238181882968175
fhl_0407_0408,historical_fam,0.223872113856834,5,0.39545004945598417,0.06318435066192485
fhl_0407_0408,historical_fam,0.22908676527677735,5,0.39930761622156286,0.06297205431944167
fhl_0407_0408,historical_fam,0.23442288153199228,5,0.40326409495548965,0.06533114918303402
fhl_0407_0408,historical_fam,0.2398832919019491,5,0.4066271018793274,0.06599029667574129
fhl_0407_0408,historical_fam,0.2454708915685031,5,0.4103857566765578,0.06652372210470098
fhl_0407_0408,historical_fam,0.25118864315095807,5,0.4147378832838773,0.06663411609551784
fhl_0407_0408,historical_fam,0.25703957827688634,5,0.419188921859545,0.06584391504739144
fhl_0407_0408,historical_fam,0.26302679918953814,5,0.4230464886251236,0.06667081232872603
fhl_0407_0408,historical_fam,0.26915348039269155,5,0.42551928783382786,0.06564301554289934
fhl_0407_0408,historical_fam,0.2754228703338166,5,0.4292779426310583,0.06594450618707293
fhl_0407_0408,historical_fam,0.28183829312644537,5,0.43353115727002967,0.06650368093421218
fhl_0407_0408,historical_fam,0.28840315031266056,5,0.43590504451038575,0.06762063744154162
fhl_0407_0408,historical_fam,0.29512092266663853,5,0.43936696340257175,0.06640890920494606
fhl_0407_0408,historical_fam,0.3019951720402016,5,0.4428288822947577,0.06665980557989823
fhl_0407_0408,historical_fam,0.30902954325135906,5,0.4450049455984174,0.06713948129256803
fhl_0407_0408,historical_fam,0.31622776601683794,5,0.44777448071216613,0.06852697263850616
fhl_0407_0408,historical_fam,0.32359365692962827,5,0.451236399604352,0.0683071114763306
fhl_0407_0408,historical_fam,0.3311311214825911,5,0.4538081107814046,0.0676884237657391
fhl_0407_0408,historical_fam,0.33884415613920255,5,0.45875370919881303,0.0677362851946609
fhl_0407_0408,historical_fam,0.34673685045253166,5,0.4618199802176064,0.06872371244956357
fhl_0407_0408,historical_fam,0.35481338923357547,5,0.46755687438180027,0.06901422668373357
fhl_0407_0408,historical_fam,0.3630780547701014,5,0.47141444114737874,0.06918660633333355
fhl_0407_0408,historical_fam,0.37153522909717257,5,0.47537091988130564,0.07053019841790693
fhl_0407_0408,historical_fam,0.38018939632056126,5,0.47853610286844706,0.07133380703063776
fhl_0407_0408,historical_fam,0.38904514499428067,5,0.4830860534124629,0.07092788210142575
fhl_0407_0408,historical_fam,0.3981071705534973,5,0.48684470820969333,0.07057543958897215
fhl_0407_0408,historical_fam,0.40738027780411284,5,0.49000989119683486,0.07034094568762551
fhl_0407_0408,historical_fam,0.41686938347033553,5,0.4928783382789318,0.06996632311480075
fhl_0407_0408,historical_fam,0.4265795188015928,5,0.49703264094955485,0.07080846609233257
fhl_0407_0408,historical_fam,0.4365158322401661,5,0.5010880316518299,0.06912294319680996
fhl_0407_0408,historical_fam,0.44668359215096326,5,0.5066271018793274,0.06867671724618062
fhl_0407_0408,historical_fam,0.4570881896148752,5,0.5103857566765578,0.067451689478637
fhl_0407_0408,historical_fam,0.4677351412871981,5,0.514540059347181,0.06739146863076947
fhl_0407_0408,historical_fam,0.47863009232263826,5,0.5187932739861523,0.0679844415837622
fhl_0407_0408,historical_fam,0.48977881936844614,5,0.5247279920870425,0.06667851597184707
fhl_0407_0408,historical_fam,0.5011872336272722,5,0.5283877349159247,0.06650368093421216
fhl_0407_0408,historical_fam,0.5128613839913648,5,0.5312561819980217,0.06635437720643389
fhl_0407_0408,historical_fam,0.5248074602497725,5,0.5353115727002968,0.06517184170656465
fhl_0407_0408,historical_fam,0.5370317963702527,5,0.5384767556874381,0.06527290649330089
fhl_0407_0408,historical_fam,0.5495408738576245,5,0.5421364985163205,0.06514819356297247
fhl_0407_0408,historical_fam,0.5623413251903491,5,0.5483679525222552,0.06518572630000974
fhl_0407_0408,historical_fam,0.5754399373371569,5,0.5526211671612266,0.06406086911578464
fhl_0407_0408,historical_fam,0.588843655355589,5,0.5576656775469833,0.06496509919447992
fhl_0407_0408,historical_fam,0.6025595860743578,5,0.5613254203758655,0.06455758447177587
fhl_0407_0408,historical_fam,0.6165950018614822,5,0.5658753709198814,0.06453901716285475
fhl_0407_0408,historical_fam,0.6309573444801934,5,0.5688427299703264,0.06377463737321526
fhl_0407_0408,historical_fam,0.6456542290346556,5,0.5725024727992086,0.06475108657190234
fhl_0407_0408,historical_fam,0.6606934480075961,5,0.5750741839762611,0.06394507668291351
fhl_0407_0408,historical_fam,0.6760829753919819,5,0.5791295746785361,0.06297341373799467
fhl_0407_0408,historical_fam,0.6918309709189366,5,0.5820969337289813,0.06294621978878304
fhl_0407_0408,historical_fam,0.707945784384138,5,0.5864490603363006,0.06293106377687169
fhl_0407_0408,historical_fam,0.7244359600749902,5,0.5892185954500494,0.06177109837949939
fhl_0407_0408,historical_fam,0.7413102413009177,5,0.5928783382789318,0.06249620263362969
fhl_0407_0408,historical_fam,0.758577575029184,5,0.5960435212660732,0.06116207786140762
fhl_0407_0408,historical_fam,0.776247116628692,5,0.5993076162215628,0.060814171876253494
fhl_0407_0408,historical_fam,0.7943282347242817,5,0.6019782393669633,0.06027688371785501
fhl_0407_0408,historical_fam,0.8128305161640995,5,0.6059347181008902,0.059521463515463044
fhl_0407_0408,historical_fam,0.8317637711026709,5,0.6084075173095945,0.059767510835487585
fhl_0407_0408,historical_fam,0.8511380382023763,5,0.6115727002967359,0.05881167066437795
fhl_0407_0408,historical_fam,0.8709635899560805,5,0.613946587537092,0.05842884942076341
fhl_0407_0408,historical_fam,0.8912509381337455,5,0.6167161226508406,0.05780746650623619
fhl_0407_0408,historical_fam,0.9120108393559097,5,0.6191889218595449,0.05781592809613861
fhl_0407_0408,historical_fam,0.933254300796991,5,0.6227497527200792,0.05756833761165023
fhl_0407_0408,historical_fam,0.9549925860214359,5,0.6255192878338278,0.05694894694918205
fhl_0407_0408,historical_fam,0.9772372209558107,5,0.6283877349159248,0.05652453359792633
fhl_0407_0408,historical_fam,1.0,5,0.6309594460929773,0.056659379447147294
fhl_0407_0408,historical_fam,1.0232929922807548,5,0.6336300692383778,0.05660215242597807
fhl_0407_0408,historical_fam,1.0471285480508996,5,0.6367952522255192,0.055872787312454784
fhl_0407_0408,historical_fam,1.071519305237607,5,0.6411473788328388,0.053798700593922
fhl_0407_0408,historical_fam,1.096478196143185,5,0.6432245301681503,0.053295104978995304
fhl_0407_0408,historical_fam,1.122018454301963,5,0.6460929772502473,0.051868223365410776
fhl_0407_0408,historical_fam,1.1481536214968828,5,0.6489614243323442,0.0528165830737649
fhl_0407_0408,historical_fam,1.174897554939529,5,0.6510385756676559,0.05149434400036797
fhl_0407_0408,historical_fam,1.2022644346174132,5,0.6541048466864491,0.05082501767486822
fhl_0407_0408,historical_fam,1.2302687708123812,5,0.6576656775469831,0.05083560381439118
fhl_0407_0408,historical_fam,1.2589254117941675,5,0.6602373887240356,0.05056012758549149
fhl_0407_0408,historical_fam,1.2882495516931336,5,0.6633036597428289,0.050384945024893484
fhl_0407_0408,historical_fam,1.3182567385564075,5,0.6658753709198814,0.050195509440729376
fhl_0407_0408,historical_fam,1.3489628825916533,5,0.6691394658753709,0.04854754180735122
fhl_0407_0408,historical_fam,1.3803842646028852,5,0.6715133531157269,0.0470214327112223
fhl_0407_0408,historical_fam,1.412537544622754,5,0.6731948565776459,0.04649835746350038
fhl_0407_0408,historical_fam,1.4454397707459279,5,0.674975272007913,0.045606087268591514
fhl_0407_0408,historical_fam,1.4791083881682072,5,0.6771513353115727,0.0459653399338602
fhl_0407_0408,historical_fam,1.5135612484362087,5,0.6789317507418399,0.04500956487636287
fhl_0407_0408,historical_fam,1.5488166189124812,5,0.6810089020771514,0.04521505069873165
fhl_0407_0408,historical_fam,1.584893192461114,5,0.6841740850642928,0.04397496408468238
fhl_0407_0408,historical_fam,1.6218100973589298,5,0.6864490603363007,0.04251776721948925
fhl_0407_0408,historical_fam,1.6595869074375613,5,0.6879327398615233,0.04261544990013373
fhl_0407_0408,historical_fam,1.6982436524617444,5,0.6908011869436202,0.04167440720335879
fhl_0407_0408,historical_fam,1.7378008287493762,5,0.6926805143422354,0.04136690801258917
fhl_0407_0408,historical_fam,1.7782794100389228,5,0.6948565776458951,0.04115112352662862
fhl_0407_0408,historical_fam,1.8197008586099843,5,0.6960435212660732,0.04112972068415972
fhl_0407_0408,historical_fam,1.8620871366628675,5,0.6984174085064293,0.04120369158873823
fhl_0407_0408,historical_fam,1.9054607179632483,5,0.7003956478733928,0.04077855080503007
fhl_0407_0408,historical_fam,1.9498445997580456,5,0.7020771513353117,0.04038710237048418
fhl_0407_0408,historical_fam,1.9952623149688808,5,0.7038575667655785,0.03933445565948186
fhl_0407_0408,historical_fam,2.0417379446695296,5,0.705835806132542,0.039284678578737804
fhl_0407_0408,historical_fam,2.0892961308540388,5,0.7071216617210683,0.03858422639589592
fhl_0407_0408,historical_fam,2.1379620895022327,5,0.7093966369930762,0.03672518935002299
fhl_0407_0408,historical_fam,2.1877616239495516,5,0.7117705242334322,0.03661480059249624
fhl_0407_0408,historical_fam,2.23872113856834,5,0.7131552917903066,0.0363274318893035
fhl_0407_0408,historical_fam,2.2908676527677723,5,0.7162215628091,0.03740782120524155
fhl_0407_0408,historical_fam,2.344228815319923,5,0.7181008902077151,0.03641653371415447
fhl_0407_0408,historical_fam,2.39883291901949,5,0.7202769535113749,0.03583528877252811
fhl_0407_0408,historical_fam,2.454708915685031,5,0.7226508407517309,0.034953871831540716
fhl_0407_0408,historical_fam,2.5118864315095797,5,0.7244312561819981,0.03440373822470443
fhl_0407_0408,historical_fam,2.570395782768865,5,0.726112759643917,0.033252300193061954
fhl_0407_0408,historical_fam,2.6302679918953813,5,0.7283877349159248,0.03319524562124877
fhl_0407_0408,historical_fam,2.691534803926917,5,0.7300692383778438,0.03320445460247303
fhl_0407_0408,historical_fam,2.7542287033381663,5,0.731948565776459,0.03222618112293753
fhl_0407_0408,historical_fam,2.818382931264455,5,0.7330365974282887,0.03222504263670191
fhl_0407_0408,historical_fam,2.8840315031266055,5,0.7353115727002968,0.0319755025732145
fhl_0407_0408,historical_fam,2.951209226666387,5,0.7365974282888229,0.03215323673561917
fhl_0407_0408,historical_fam,3.019951720402016,5,0.7382789317507419,0.03218327032993332
fhl_0407_0408,historical_fam,3.090295432513592,5,0.7404549950544016,0.03214524840095247
fhl_0407_0408,historical_fam,3.1622776601683795,5,0.741938674579624,0.03134393708278985
fhl_0407_0408,historical_fam,3.2359365692962845,5,0.7435212660731949,0.03090227401218294
fhl_0407_0408,historical_fam,3.311311214825911,5,0.7457962413452026,0.029919848590018148
fhl_0407_0408,historical_fam,3.3884415613920273,5,0.7472799208704253,0.02878023850861822
fhl_0407_0408,historical_fam,3.4673685045253166,5,0.749357072205737,0.028533574244225438
fhl_0407_0408,historical_fam,3.548133892335757,5,0.7506429277942631,0.028127805674578104
fhl_0407_0408,historical_fam,3.630780547701014,5,0.7521266073194857,0.027612210943927632
fhl_0407_0408,historical_fam,3.715352290971724,5,0.7532146389713155,0.027609110463867048
fhl_0407_0408,historical_fam,3.801893963205613,5,0.7550939663699308,0.02753237336926891
fhl_0407_0408,historical_fam,3.890451449942805,5,0.7560830860534125,0.02763213429467111
fhl_0407_0408,historical_fam,3.981071705534973,5,0.7576656775469831,0.027932781892073048
fhl_0407_0408,historical_fam,4.073802778041126,5,0.7603363006923838,0.026583684103324755
fhl_0407_0408,historical_fam,4.168693834703355,5,0.7619188921859544,0.026958275062483238
fhl_0407_0408,historical_fam,4.265795188015925,5,0.7628090999010879,0.026567577937697703
fhl_0407_0408,historical_fam,4.365158322401661,5,0.7642927794263106,0.02565188029228807
fhl_0407_0408,historical_fam,4.46683592150963,5,0.7660731948565778,0.024826707018815335
fhl_0407_0408,historical_fam,4.570881896148752,5,0.7677546983184966,0.024186959618080404
fhl_0407_0408,historical_fam,4.677351412871981,5,0.7697329376854599,0.02357759259458407
fhl_0407_0408,historical_fam,4.786300923226385,5,0.7708209693372898,0.02382269654797008
fhl_0407_0408,historical_fam,4.897788193684462,5,0.7718100890207715,0.023825263178718442
fhl_0407_0408,historical_fam,5.011872336272725,5,0.7734915924826904,0.024374325480418627
fhl_0407_0408,historical_fam,5.1286138399136485,5,0.7748763600395648,0.023852965192934308
fhl_0407_0408,historical_fam,5.248074602497728,5,0.7766567754698318,0.02393025802190572
fhl_0407_0408,historical_fam,5.370317963702527,5,0.7780415430267063,0.02375020336237315
fhl_0407_0408,historical_fam,5.4954087385762485,5,0.7792284866468843,0.024067845017692734
fhl_0407_0408,historical_fam,5.623413251903491,5,0.7810089020771513,0.02331890298615851
fhl_0407_0408,historical_fam,5.754399373371572,5,0.7821958456973294,0.02322220469369603
fhl_0407_0408,historical_fam,5.88843655355589,5,0.7839762611275963,0.02373475071372967
fhl_0407_0408,historical_fam,6.025595860743581,5,0.7849653808110781,0.024196564539146224
fhl_0407_0408,historical_fam,6.165950018614822,5,0.7864490603363007,0.024110489730965693
fhl_0407_0408,historical_fam,6.309573444801936,5,0.7885262116716123,0.02407546568503441
fhl_0407_0408,historical_fam,6.456542290346556,5,0.7893175074183977,0.024293915115361282
fhl_0407_0408,historical_fam,6.6069344800759575,5,0.7905044510385756,0.02434822124001375
fhl_0407_0408,historical_fam,6.760829753919819,5,0.7919881305637981,0.023639753505502903
fhl_0407_0408,historical_fam,6.918309709189363,5,0.793076162215628,0.023452776510824436
fhl_0407_0408,historical_fam,7.07945784384138,5,0.7954500494559841,0.022930729857496192
fhl_0407_0408,historical_fam,7.244359600749899,5,0.7966369930761622,0.023129332388627504
fhl_0407_0408,historical_fam,7.413102413009177,5,0.7981206726013848,0.022892832651166643
fhl_0407_0408,historical_fam,7.585775750291836,5,0.7999010880316518,0.022524472675275454
fhl_0407_0408,historical_fam,7.76247116628692,5,0.8016815034619189,0.02249024134698726
fhl_0407_0408,historical_fam,7.943282347242813,5,0.8033630069238378,0.022871989156821895
fhl_0407_0408,historical_fam,8.128305161640995,5,0.8047477744807121,0.022785741112657895
fhl_0407_0408,historical_fam,8.317637711026709,5,0.8069238377843719,0.02362940470953113
fhl_0407_0408,historical_fam,8.511380382023768,5,0.809297725024728,0.022675986715840802
fhl_0407_0408,historical_fam,8.709635899560805,5,0.811078140454995,0.02290244632743491
fhl_0407_0408,historical_fam,8.91250938133746,5,0.8130563798219586,0.023125630891668046
fhl_0407_0408,historical_fam,9.120108393559097,5,0.8140454995054401,0.022340204706459435
fhl_0407_0408,historical_fam,9.332543007969914,5,0.8154302670623146,0.022764262349235436
fhl_0407_0408,historical_fam,9.549925860214358,5,0.8165182987141444,0.022714784117042384
fhl_0407_0408,historical_fam,9.772372209558112,5,0.8182987141444114,0.022472834036835164
fhl_0407_0408,historical_fam,10.0,5,0.8199802176063304,0.021844770351491367
