acquisition,configuration,family,seed,transformation,kind,magnitude_px,direction,dx_px,dy_px,scale,checkpoint_sha256,n_samples,map,map_50,map_75,map_small,map_medium,map_large,mar_1,mar_10,mar_100,identity_map_50,absolute_delta_map_50,relative_drop_map_50
carnation_0025_0026,historical_additive,historical_locked,40,identity,identity,0,identity,0,0,1.0,6ba15c08d2687aaf78457fcb14631ecbd793892b33dfec1f451c34a15090b105,1313,0.1249290481209755,0.40432292222976685,0.04252397269010544,0.1249290481209755,-1.0,-1.0,0.05941198766231537,0.2841733396053314,0.35423827171325684,0.40432292222976685,0.0,0.0
carnation_0025_0026,historical_additive,historical_locked,40,scale_090,scale,,,0,0,0.9,6ba15c08d2687aaf78457fcb14631ecbd793892b33dfec1f451c34a15090b105,1313,0.11053932458162308,0.37420380115509033,0.033245109021663666,0.11053932458162308,-1.0,-1.0,0.05034364387392998,0.27363497018814087,0.3445971608161926,0.40432292222976685,-0.030119121074676514,0.07449273691576792
carnation_0025_0026,historical_additive,historical_locked,40,scale_110,scale,,,0,0,1.1,6ba15c08d2687aaf78457fcb14631ecbd793892b33dfec1f451c34a15090b105,1313,0.11843588948249817,0.38086432218551636,0.03654772788286209,0.11843588948249817,-1.0,-1.0,0.058381062000989914,0.27319586277008057,0.35124093294143677,0.40432292222976685,-0.02345860004425049,0.05801946601216821
carnation_0025_0026,historical_additive,historical_locked,40,translate_08_down,translation,8,down,0,8,1.0,6ba15c08d2687aaf78457fcb14631ecbd793892b33dfec1f451c34a15090b105,1313,0.12463803589344025,0.4082983136177063,0.03538431599736214,0.12463803589344025,-1.0,-1.0,0.059774722903966904,0.28419244289398193,0.35280641913414,0.40432292222976685,0.003975391387939453,-0.009832218678119701
carnation_0025_0026,historical_additive,historical_locked,40,translate_08_left,translation,8,left,-8,0,1.0,6ba15c08d2687aaf78457fcb14631ecbd793892b33dfec1f451c34a15090b105,1313,0.12728530168533325,0.4134598672389984,0.04454838111996651,0.12728530168533325,-1.0,-1.0,0.06282932311296463,0.2893470823764801,0.35662466287612915,0.40432292222976685,0.009136945009231567,-0.022598137545215072
carnation_0025_0026,historical_additive,historical_locked,40,translate_08_right,translation,8,right,8,0,1.0,6ba15c08d2687aaf78457fcb14631ecbd793892b33dfec1f451c34a15090b105,1313,0.11783544719219208,0.384771466255188,0.03779597952961922,0.11783544719219208,-1.0,-1.0,0.059431079775094986,0.28224512934684753,0.3519282042980194,0.40432292222976685,-0.019551455974578857,0.0483560414204472
carnation_0025_0026,historical_additive,historical_locked,40,translate_08_up,translation,8,up,0,-8,1.0,6ba15c08d2687aaf78457fcb14631ecbd793892b33dfec1f451c34a15090b105,1313,0.12132195383310318,0.39734452962875366,0.03400805592536926,0.12132195383310318,-1.0,-1.0,0.05964108556509018,0.28270331025123596,0.35240548849105835,0.40432292222976685,-0.006978392601013184,0.01725945331649422
carnation_0025_0026,historical_additive,historical_locked,40,translate_16_down,translation,16,down,0,16,1.0,6ba15c08d2687aaf78457fcb14631ecbd793892b33dfec1f451c34a15090b105,1313,0.12899352610111237,0.417463481426239,0.04049919545650482,0.12899352610111237,-1.0,-1.0,0.061970219016075134,0.2839442491531372,0.3510309159755707,0.40432292222976685,0.013140559196472168,-0.03250015884334331
carnation_0025_0026,historical_additive,historical_locked,40,translate_16_left,translation,16,left,-16,0,1.0,6ba15c08d2687aaf78457fcb14631ecbd793892b33dfec1f451c34a15090b105,1313,0.12412215024232864,0.3941625952720642,0.04460528865456581,0.12412215024232864,-1.0,-1.0,0.06101565435528755,0.287514328956604,0.35523101687431335,0.40432292222976685,-0.010160326957702637,0.025129238039907048
carnation_0025_0026,historical_additive,historical_locked,40,translate_16_right,translation,16,right,16,0,1.0,6ba15c08d2687aaf78457fcb14631ecbd793892b33dfec1f451c34a15090b105,1313,0.11449435353279114,0.370908260345459,0.041079115122556686,0.11449435353279114,-1.0,-1.0,0.05973654240369797,0.2769377529621124,0.35196641087532043,0.40432292222976685,-0.03341466188430786,0.08264350114020774
carnation_0025_0026,historical_additive,historical_locked,40,translate_16_up,translation,16,up,0,-16,1.0,6ba15c08d2687aaf78457fcb14631ecbd793892b33dfec1f451c34a15090b105,1313,0.11847314238548279,0.389209508895874,0.034693021327257156,0.11847314238548279,-1.0,-1.0,0.05874379351735115,0.2815387547016144,0.3530164062976837,0.40432292222976685,-0.015113413333892822,0.03737956099680205
carnation_0025_0026,historical_additive,historical_locked,40,translate_32_down,translation,32,down,0,32,1.0,6ba15c08d2687aaf78457fcb14631ecbd793892b33dfec1f451c34a15090b105,1313,0.12902098894119263,0.39780470728874207,0.042821671813726425,0.12902098894119263,-1.0,-1.0,0.060729287564754486,0.28430697321891785,0.35240548849105835,0.40432292222976685,-0.00651821494102478,0.016121309435235626
carnation_0025_0026,historical_additive,historical_locked,40,translate_32_left,translation,32,left,-32,0,1.0,6ba15c08d2687aaf78457fcb14631ecbd793892b33dfec1f451c34a15090b105,1313,0.11239779740571976,0.3549119234085083,0.043233830481767654,0.11239779740571976,-1.0,-1.0,0.05807560309767723,0.27449408173561096,0.3550782799720764,0.40432292222976685,-0.049410998821258545,0.12220677113423582
carnation_0025_0026,historical_additive,historical_locked,40,translate_32_right,translation,32,right,32,0,1.0,6ba15c08d2687aaf78457fcb14631ecbd793892b33dfec1f451c34a15090b105,1313,0.10723254084587097,0.3419899642467499,0.03302222862839699,0.10723254084587097,-1.0,-1.0,0.05742649734020233,0.2733485996723175,0.3529782295227051,0.40432292222976685,-0.06233295798301697,0.1541662729366471
carnation_0025_0026,historical_additive,historical_locked,40,translate_32_up,translation,32,up,0,-32,1.0,6ba15c08d2687aaf78457fcb14631ecbd793892b33dfec1f451c34a15090b105,1313,0.1149703860282898,0.3688841760158539,0.034706275910139084,0.1149703860282898,-1.0,-1.0,0.052481863647699356,0.2775677740573883,0.3541618883609772,0.40432292222976685,-0.035438746213912964,0.08764960942227755
carnation_0025_0026,historical_additive,historical_locked,41,identity,identity,0,identity,0,0,1.0,f77123085e68ed55bec4ee2c36ef23727e5823238a80f0b4190c351d9d22f4cf,1313,0.13416361808776855,0.43668919801712036,0.04088030382990837,0.13416361808776855,-1.0,-1.0,0.07100038230419159,0.29858723282814026,0.348033607006073,0.43668919801712036,0.0,0.0
carnation_0025_0026,historical_additive,historical_locked,41,scale_090,scale,,,0,0,0.9,f77123085e68ed55bec4ee2c36ef23727e5823238a80f0b4190c351d9d22f4cf,1313,0.12703926861286163,0.41886329650878906,0.03611841797828674,0.12703926861286163,-1.0,-1.0,0.06886216253042221,0.29522719979286194,0.3428598642349243,0.43668919801712036,-0.0178259015083313,0.040820568929283284
carnation_0025_0026,historical_additive,historical_locked,41,scale_110,scale,,,0,0,1.1,f77123085e68ed55bec4ee2c36ef23727e5823238a80f0b4190c351d9d22f4cf,1313,0.13999000191688538,0.45502859354019165,0.04319498687982559,0.13999000191688538,-1.0,-1.0,0.07119129598140717,0.30084002017974854,0.3416380286216736,0.43668919801712036,0.01833939552307129,-0.041996448747404776
carnation_0025_0026,historical_additive,historical_locked,41,translate_08_down,translation,8,down,0,8,1.0,f77123085e68ed55bec4ee2c36ef23727e5823238a80f0b4190c351d9d22f4cf,1313,0.13227999210357666,0.43562987446784973,0.03774404898285866,0.13227999210357666,-1.0,-1.0,0.0720885843038559,0.2983008921146393,0.34776630997657776,0.43668919801712036,-0.0010593235492706299,0.0024258066242094202
carnation_0025_0026,historical_additive,historical_locked,41,translate_08_left,translation,8,left,-8,0,1.0,f77123085e68ed55bec4ee2c36ef23727e5823238a80f0b4190c351d9d22f4cf,1313,0.13701266050338745,0.4417918026447296,0.04057222232222557,0.13701266050338745,-1.0,-1.0,0.07216494530439377,0.2994081676006317,0.34591448307037354,0.43668919801712036,0.005102604627609253,-0.011684751193248443
carnation_0025_0026,historical_additive,historical_locked,41,translate_08_right,translation,8,right,8,0,1.0,f77123085e68ed55bec4ee2c36ef23727e5823238a80f0b4190c351d9d22f4cf,1313,0.13179077208042145,0.4320307970046997,0.03822776675224304,0.13179077208042145,-1.0,-1.0,0.06727758795022964,0.29828178882598877,0.3472508490085602,0.43668919801712036,-0.004658401012420654,0.010667543492197904
carnation_0025_0026,historical_additive,historical_locked,41,translate_08_up,translation,8,up,0,-8,1.0,f77123085e68ed55bec4ee2c36ef23727e5823238a80f0b4190c351d9d22f4cf,1313,0.13893747329711914,0.45296770334243774,0.04365341365337372,0.13893747329711914,-1.0,-1.0,0.07082855701446533,0.3025391399860382,0.34959909319877625,0.43668919801712036,0.016278505325317383,-0.037277096386247655
carnation_0025_0026,historical_additive,historical_locked,41,translate_16_down,translation,16,down,0,16,1.0,f77123085e68ed55bec4ee2c36ef23727e5823238a80f0b4190c351d9d22f4cf,1313,0.13318879902362823,0.4417089819908142,0.035250090062618256,0.13318879902362823,-1.0,-1.0,0.07166857272386551,0.29749903082847595,0.3442726135253906,0.43668919801712036,0.005019783973693848,-0.011495095359553746
carnation_0025_0026,historical_additive,historical_locked,41,translate_16_left,translation,16,left,-16,0,1.0,f77123085e68ed55bec4ee2c36ef23727e5823238a80f0b4190c351d9d22f4cf,1313,0.1392717957496643,0.4497118294239044,0.042264603078365326,0.1392717957496643,-1.0,-1.0,0.07121038436889648,0.3027300536632538,0.3494272530078888,0.43668919801712036,0.013022631406784058,-0.029821281281781343
carnation_0025_0026,historical_additive,historical_locked,41,translate_16_right,translation,16,right,16,0,1.0,f77123085e68ed55bec4ee2c36ef23727e5823238a80f0b4190c351d9d22f4cf,1313,0.13336177170276642,0.4349144995212555,0.03826478123664856,0.13336177170276642,-1.0,-1.0,0.06964490562677383,0.29998090863227844,0.3474990427494049,0.43668919801712036,-0.0017746984958648682,0.0040639853331002045
carnation_0025_0026,historical_additive,historical_locked,41,translate_16_up,translation,16,up,0,-16,1.0,f77123085e68ed55bec4ee2c36ef23727e5823238a80f0b4190c351d9d22f4cf,1313,0.14009511470794678,0.4492324888706207,0.04324221611022949,0.14009511470794678,-1.0,-1.0,0.07052309811115265,0.3030737042427063,0.35145094990730286,0.43668919801712036,0.012543290853500366,-0.028723611462009663
carnation_0025_0026,historical_additive,historical_locked,41,translate_32_down,translation,32,down,0,32,1.0,f77123085e68ed55bec4ee2c36ef23727e5823238a80f0b4190c351d9d22f4cf,1313,0.1385677605867386,0.4426191747188568,0.045305199921131134,0.1385677605867386,-1.0,-1.0,0.07388316094875336,0.2993127107620239,0.3440244495868683,0.43668919801712036,0.00592997670173645,-0.01357939864018337
carnation_0025_0026,historical_additive,historical_locked,41,translate_32_left,translation,32,left,-32,0,1.0,f77123085e68ed55bec4ee2c36ef23727e5823238a80f0b4190c351d9d22f4cf,1313,0.14072951674461365,0.4505566656589508,0.04410039260983467,0.14072951674461365,-1.0,-1.0,0.07182130217552185,0.3037036955356598,0.3481290638446808,0.43668919801712036,0.013867467641830444,-0.03175592092682533
carnation_0025_0026,historical_additive,historical_locked,41,translate_32_right,translation,32,right,32,0,1.0,f77123085e68ed55bec4ee2c36ef23727e5823238a80f0b4190c351d9d22f4cf,1313,0.13219118118286133,0.43232160806655884,0.03809365630149841,0.13219118118286133,-1.0,-1.0,0.07061855494976044,0.2964872121810913,0.34320351481437683,0.43668919801712036,-0.0043675899505615234,0.010001598323002925
carnation_0025_0026,historical_additive,historical_locked,41,translate_32_up,translation,32,up,0,-32,1.0,f77123085e68ed55bec4ee2c36ef23727e5823238a80f0b4190c351d9d22f4cf,1313,0.14257611334323883,0.4553329348564148,0.04426933452486992,0.14257611334323883,-1.0,-1.0,0.07130584120750427,0.3053455650806427,0.3512791097164154,0.43668919801712036,0.018643736839294434,-0.0426933776332235
carnation_0025_0026,historical_additive,historical_locked,42,identity,identity,0,identity,0,0,1.0,4a944ee64cc1279f2f30124fb882a4bdad62e0f5ac4d73d318cadc9df1002dc7,1313,0.07382704317569733,0.2719195485115051,0.016295045614242554,0.07382704317569733,-1.0,-1.0,0.045952655375003815,0.24234440922737122,0.27101945877075195,0.2719195485115051,0.0,0.0
carnation_0025_0026,historical_additive,historical_locked,42,scale_090,scale,,,0,0,0.9,4a944ee64cc1279f2f30124fb882a4bdad62e0f5ac4d73d318cadc9df1002dc7,1313,0.06947026401758194,0.25686609745025635,0.015746690332889557,0.06947026401758194,-1.0,-1.0,0.04379534348845482,0.23787705600261688,0.26380297541618347,0.2719195485115051,-0.01505345106124878,0.05535994430577637
carnation_0025_0026,historical_additive,historical_locked,42,scale_110,scale,,,0,0,1.1,4a944ee64cc1279f2f30124fb882a4bdad62e0f5ac4d73d318cadc9df1002dc7,1313,0.07436241209506989,0.27543574571609497,0.016497422009706497,0.07436241209506989,-1.0,-1.0,0.048892706632614136,0.23913706839084625,0.26454752683639526,0.2719195485115051,0.0035161972045898438,-0.012931020310373421
carnation_0025_0026,historical_additive,historical_locked,42,translate_08_down,translation,8,down,0,8,1.0,4a944ee64cc1279f2f30124fb882a4bdad62e0f5ac4d73d318cadc9df1002dc7,1313,0.07409721612930298,0.27135053277015686,0.016881534829735756,0.07409721612930298,-1.0,-1.0,0.045628100633621216,0.2410271167755127,0.2674112319946289,0.2719195485115051,-0.0005690157413482666,0.002092588577993285
carnation_0025_0026,historical_additive,historical_locked,42,translate_08_left,translation,8,left,-8,0,1.0,4a944ee64cc1279f2f30124fb882a4bdad62e0f5ac4d73d318cadc9df1002dc7,1313,0.07634260505437851,0.2738012373447418,0.02524367719888687,0.07634260505437851,-1.0,-1.0,0.04681175947189331,0.24593356251716614,0.2715349495410919,0.2719195485115051,0.0018816888332366943,-0.006920020438166764
carnation_0025_0026,historical_additive,historical_locked,42,translate_08_right,translation,8,right,8,0,1.0,4a944ee64cc1279f2f30124fb882a4bdad62e0f5ac4d73d318cadc9df1002dc7,1313,0.07255260646343231,0.2725030183792114,0.015739625319838524,0.07255260646343231,-1.0,-1.0,0.04650630056858063,0.24249713122844696,0.27145856618881226,0.2719195485115051,0.0005834698677062988,-0.002145744470745956
carnation_0025_0026,historical_additive,historical_locked,42,translate_08_up,translation,8,up,0,-8,1.0,4a944ee64cc1279f2f30124fb882a4bdad62e0f5ac4d73d318cadc9df1002dc7,1313,0.07325667887926102,0.2709443271160126,0.016356274485588074,0.07325667887926102,-1.0,-1.0,0.04606720060110092,0.2426498681306839,0.27241313457489014,0.2719195485115051,-0.0009752213954925537,0.003586433564011641
carnation_0025_0026,historical_additive,historical_locked,42,translate_16_down,translation,16,down,0,16,1.0,4a944ee64cc1279f2f30124fb882a4bdad62e0f5ac4d73d318cadc9df1002dc7,1313,0.07419763505458832,0.27100372314453125,0.015587490051984787,0.07419763505458832,-1.0,-1.0,0.04656357318162918,0.23781977593898773,0.26376479864120483,0.2719195485115051,-0.000915825366973877,0.0033680012047207692
carnation_0025_0026,historical_additive,historical_locked,42,translate_16_left,translation,16,left,-16,0,1.0,4a944ee64cc1279f2f30124fb882a4bdad62e0f5ac4d73d318cadc9df1002dc7,1313,0.07576277107000351,0.2751508355140686,0.020784923806786537,0.07576277107000351,-1.0,-1.0,0.04639175161719322,0.24705994129180908,0.2727758586406708,0.2719195485115051,0.0032312870025634766,-0.011883246424362014
carnation_0025_0026,historical_additive,historical_locked,42,translate_16_right,translation,16,right,16,0,1.0,4a944ee64cc1279f2f30124fb882a4bdad62e0f5ac4d73d318cadc9df1002dc7,1313,0.07406356185674667,0.27333804965019226,0.01741695962846279,0.07406356185674667,-1.0,-1.0,0.0491790771484375,0.24507445096969604,0.2747613489627838,0.2719195485115051,0.0014185011386871338,-0.005216620674946126
carnation_0025_0026,historical_additive,historical_locked,42,translate_16_up,translation,16,up,0,-16,1.0,4a944ee64cc1279f2f30124fb882a4bdad62e0f5ac4d73d318cadc9df1002dc7,1313,0.07506699115037918,0.27838295698165894,0.016424022614955902,0.07506699115037918,-1.0,-1.0,0.04698358103632927,0.24547536671161652,0.27103856205940247,0.2719195485115051,0.006463408470153809,-0.02376956164253243
carnation_0025_0026,historical_additive,historical_locked,42,translate_32_down,translation,32,down,0,32,1.0,4a944ee64cc1279f2f30124fb882a4bdad62e0f5ac4d73d318cadc9df1002dc7,1313,0.07693447917699814,0.274311900138855,0.017769282683730125,0.07693447917699814,-1.0,-1.0,0.047823596745729446,0.24305078387260437,0.2686139643192291,0.2719195485115051,0.0023923516273498535,-0.00879801264912968
carnation_0025_0026,historical_additive,historical_locked,42,translate_32_left,translation,32,left,-32,0,1.0,4a944ee64cc1279f2f30124fb882a4bdad62e0f5ac4d73d318cadc9df1002dc7,1313,0.0743463784456253,0.2690213918685913,0.018005916848778725,0.0743463784456253,-1.0,-1.0,0.046105384826660156,0.2435280680656433,0.26779305934906006,0.2719195485115051,-0.0028981566429138184,0.010658140096136541
carnation_0025_0026,historical_additive,historical_locked,42,translate_32_right,translation,32,right,32,0,1.0,4a944ee64cc1279f2f30124fb882a4bdad62e0f5ac4d73d318cadc9df1002dc7,1313,0.07537918537855148,0.27626001834869385,0.017946043983101845,0.07537918537855148,-1.0,-1.0,0.051088202744722366,0.24591447412967682,0.26962581276893616,0.2719195485115051,0.004340469837188721,-0.015962330994400985
carnation_0025_0026,historical_additive,historical_locked,42,translate_32_up,translation,32,up,0,-32,1.0,4a944ee64cc1279f2f30124fb882a4bdad62e0f5ac4d73d318cadc9df1002dc7,1313,0.0743977278470993,0.27246221899986267,0.0188446082174778,0.0743977278470993,-1.0,-1.0,0.04583810642361641,0.24495990574359894,0.27331042289733887,0.2719195485115051,0.0005426704883575439,-0.001995702373470891
carnation_0025_0026,historical_additive,historical_locked,43,identity,identity,0,identity,0,0,1.0,65f83dbeab40096434b7d5a80a5af24bd681f6054ade4aa28ea1bd30ddc7f746,1313,0.1585935354232788,0.4920438230037689,0.0571913942694664,0.1585935354232788,-1.0,-1.0,0.07457044720649719,0.33749523758888245,0.37770140171051025,0.4920438230037689,0.0,0.0
carnation_0025_0026,historical_additive,historical_locked,43,scale_090,scale,,,0,0,0.9,65f83dbeab40096434b7d5a80a5af24bd681f6054ade4aa28ea1bd30ddc7f746,1313,0.15655389428138733,0.4905017018318176,0.056528907269239426,0.15655389428138733,-1.0,-1.0,0.07502863556146622,0.3339824378490448,0.37426498532295227,0.4920438230037689,-0.001542121171951294,0.0031341134668394807
carnation_0025_0026,historical_additive,historical_locked,43,scale_110,scale,,,0,0,1.1,65f83dbeab40096434b7d5a80a5af24bd681f6054ade4aa28ea1bd30ddc7f746,1313,0.16236136853694916,0.5007073879241943,0.05893564969301224,0.16236136853694916,-1.0,-1.0,0.07605956494808197,0.33675065636634827,0.37479954957962036,0.4920438230037689,0.008663564920425415,-0.01760730348678527
carnation_0025_0026,historical_additive,historical_locked,43,translate_08_down,translation,8,down,0,8,1.0,65f83dbeab40096434b7d5a80a5af24bd681f6054ade4aa28ea1bd30ddc7f746,1313,0.15540936589241028,0.48837217688560486,0.056158408522605896,0.15540936589241028,-1.0,-1.0,0.07483772188425064,0.3329896926879883,0.3737304210662842,0.4920438230037689,-0.0036716461181640625,0.007462030710496164
carnation_0025_0026,historical_additive,historical_locked,43,translate_08_left,translation,8,left,-8,0,1.0,65f83dbeab40096434b7d5a80a5af24bd681f6054ade4aa28ea1bd30ddc7f746,1313,0.16293460130691528,0.5003201365470886,0.0651550143957138,0.16293460130691528,-1.0,-1.0,0.07556319236755371,0.3384307026863098,0.37638410925865173,0.4920438230037689,0.008276313543319702,-0.016820277293179857
carnation_0025_0026,historical_additive,historical_locked,43,translate_08_right,translation,8,right,8,0,1.0,65f83dbeab40096434b7d5a80a5af24bd681f6054ade4aa28ea1bd30ddc7f746,1313,0.1575065553188324,0.49577462673187256,0.05560023710131645,0.1575065553188324,-1.0,-1.0,0.07271859794855118,0.33621612191200256,0.3753531873226166,0.4920438230037689,0.0037308037281036377,-0.007582259046213168
carnation_0025_0026,historical_additive,historical_locked,43,translate_08_up,translation,8,up,0,-8,1.0,65f83dbeab40096434b7d5a80a5af24bd681f6054ade4aa28ea1bd30ddc7f746,1313,0.16033025085926056,0.49853619933128357,0.05533105134963989,0.16033025085926056,-1.0,-1.0,0.07386407256126404,0.33890798687934875,0.3784268796443939,0.4920438230037689,0.0064923763275146484,-0.013194711576462405
carnation_0025_0026,historical_additive,historical_locked,43,translate_16_down,translation,16,down,0,16,1.0,65f83dbeab40096434b7d5a80a5af24bd681f6054ade4aa28ea1bd30ddc7f746,1313,0.15541096031665802,0.49109554290771484,0.052614711225032806,0.15541096031665802,-1.0,-1.0,0.07474226504564285,0.3295723497867584,0.37143948674201965,0.4920438230037689,-0.0009482800960540771,0.0019272269089064726
carnation_0025_0026,historical_additive,historical_locked,43,translate_16_left,translation,16,left,-16,0,1.0,65f83dbeab40096434b7d5a80a5af24bd681f6054ade4aa28ea1bd30ddc7f746,1313,0.161932572722435,0.4981687664985657,0.05996164679527283,0.161932572722435,-1.0,-1.0,0.07552500814199448,0.33814433217048645,0.37457045912742615,0.4920438230037689,0.006124943494796753,-0.012447963389532964
carnation_0025_0026,historical_additive,historical_locked,43,translate_16_right,translation,16,right,16,0,1.0,65f83dbeab40096434b7d5a80a5af24bd681f6054ade4aa28ea1bd30ddc7f746,1313,0.15922825038433075,0.4957887828350067,0.05767693743109703,0.15922825038433075,-1.0,-1.0,0.07233677059412003,0.3363879323005676,0.3743031620979309,0.4920438230037689,0.003744959831237793,-0.007611029050981721
carnation_0025_0026,historical_additive,historical_locked,43,translate_16_up,translation,16,up,0,-16,1.0,65f83dbeab40096434b7d5a80a5af24bd681f6054ade4aa28ea1bd30ddc7f746,1313,0.16412325203418732,0.5081408619880676,0.056255046278238297,0.16412325203418732,-1.0,-1.0,0.07428407669067383,0.3399389088153839,0.37922871112823486,0.4920438230037689,0.016097038984298706,-0.032714644980261054
carnation_0025_0026,historical_additive,historical_locked,43,translate_32_down,translation,32,down,0,32,1.0,65f83dbeab40096434b7d5a80a5af24bd681f6054ade4aa28ea1bd30ddc7f746,1313,0.15816421806812286,0.4883982539176941,0.0607391782104969,0.15816421806812286,-1.0,-1.0,0.07579229027032852,0.3344024419784546,0.37562045454978943,0.4920438230037689,-0.003645569086074829,0.007409033333290935
carnation_0025_0026,historical_additive,historical_locked,43,translate_32_left,translation,32,left,-32,0,1.0,65f83dbeab40096434b7d5a80a5af24bd681f6054ade4aa28ea1bd30ddc7f746,1313,0.16308711469173431,0.5001128315925598,0.06614499539136887,0.16308711469173431,-1.0,-1.0,0.07604047656059265,0.33814433217048645,0.37250858545303345,0.4920438230037689,0.008069008588790894,-0.01639896328650606
carnation_0025_0026,historical_additive,historical_locked,43,translate_32_right,translation,32,right,32,0,1.0,65f83dbeab40096434b7d5a80a5af24bd681f6054ade4aa28ea1bd30ddc7f746,1313,0.16014042496681213,0.4929123520851135,0.05577025189995766,0.16014042496681213,-1.0,-1.0,0.07445590198040009,0.33858343958854675,0.3739595413208008,0.4920438230037689,0.0008685290813446045,-0.0017651457873051112
carnation_0025_0026,historical_additive,historical_locked,43,translate_32_up,translation,32,up,0,-32,1.0,65f83dbeab40096434b7d5a80a5af24bd681f6054ade4aa28ea1bd30ddc7f746,1313,0.16512741148471832,0.5109654068946838,0.05954199284315109,0.16512741148471832,-1.0,-1.0,0.07686139643192291,0.3421725928783417,0.3784268796443939,0.4920438230037689,0.018921583890914917,-0.03845507860540703
carnation_0025_0026,historical_additive,historical_locked,44,identity,identity,0,identity,0,0,1.0,fd46e18899cadec44272723306848d742aba4715474cd3789c6951c8e6afef20,1313,0.10470553487539291,0.3673610985279083,0.02745356783270836,0.10470553487539291,-1.0,-1.0,0.06273386627435684,0.28258877992630005,0.3172585070133209,0.3673610985279083,0.0,0.0
carnation_0025_0026,historical_additive,historical_locked,44,scale_090,scale,,,0,0,0.9,fd46e18899cadec44272723306848d742aba4715474cd3789c6951c8e6afef20,1313,0.09503597021102905,0.3308621346950531,0.027155546471476555,0.09503597021102905,-1.0,-1.0,0.0593356229364872,0.2773386836051941,0.31296294927597046,0.3673610985279083,-0.036498963832855225,0.09935446071757216
carnation_0025_0026,historical_additive,historical_locked,44,scale_110,scale,,,0,0,1.1,fd46e18899cadec44272723306848d742aba4715474cd3789c6951c8e6afef20,1313,0.10844975709915161,0.3762299716472626,0.03107834793627262,0.10844975709915161,-1.0,-1.0,0.06216112896800041,0.2825506031513214,0.3116265833377838,0.3673610985279083,0.008868873119354248,-0.02414211290986893
carnation_0025_0026,historical_additive,historical_locked,44,translate_08_down,translation,8,down,0,8,1.0,fd46e18899cadec44272723306848d742aba4715474cd3789c6951c8e6afef20,1313,0.10215254127979279,0.3573126196861267,0.027483481913805008,0.10215254127979279,-1.0,-1.0,0.0619320347905159,0.2786750793457031,0.31424206495285034,0.3673610985279083,-0.010048478841781616,0.02735313804876984
carnation_0025_0026,historical_additive,historical_locked,44,translate_08_left,translation,8,left,-8,0,1.0,fd46e18899cadec44272723306848d742aba4715474cd3789c6951c8e6afef20,1313,0.10709250718355179,0.3678027391433716,0.031010769307613373,0.10709250718355179,-1.0,-1.0,0.06239022687077522,0.28613975644111633,0.3197976350784302,0.3673610985279083,0.00044164061546325684,-0.0012021975577517648
carnation_0025_0026,historical_additive,historical_locked,44,translate_08_right,translation,8,right,8,0,1.0,fd46e18899cadec44272723306848d742aba4715474cd3789c6951c8e6afef20,1313,0.1061180979013443,0.37136009335517883,0.03209365904331207,0.1061180979013443,-1.0,-1.0,0.06113020330667496,0.28354334831237793,0.3172394037246704,0.3673610985279083,0.003998994827270508,-0.01088573298396402
carnation_0025_0026,historical_additive,historical_locked,44,translate_08_up,translation,8,up,0,-8,1.0,fd46e18899cadec44272723306848d742aba4715474cd3789c6951c8e6afef20,1313,0.10515730082988739,0.36516064405441284,0.029337167739868164,0.10515730082988739,-1.0,-1.0,0.06321115046739578,0.28390607237815857,0.3173157572746277,0.3673610985279083,-0.0022004544734954834,0.005989895180282175
carnation_0025_0026,historical_additive,historical_locked,44,translate_16_down,translation,16,down,0,16,1.0,fd46e18899cadec44272723306848d742aba4715474cd3789c6951c8e6afef20,1313,0.10464907437562943,0.36714014410972595,0.02788856439292431,0.10464907437562943,-1.0,-1.0,0.06219931319355965,0.27783504128456116,0.313955694437027,0.3673610985279083,-0.00022095441818237305,0.0006014638432533629
carnation_0025_0026,historical_additive,historical_locked,44,translate_16_left,translation,16,left,-16,0,1.0,fd46e18899cadec44272723306848d742aba4715474cd3789c6951c8e6afef20,1313,0.10896416753530502,0.37696221470832825,0.031345102936029434,0.10896416753530502,-1.0,-1.0,0.06233295053243637,0.2854715585708618,0.3178503215312958,0.3673610985279083,0.009601116180419922,-0.026135364410912246
carnation_0025_0026,historical_additive,historical_locked,44,translate_16_right,translation,16,right,16,0,1.0,fd46e18899cadec44272723306848d742aba4715474cd3789c6951c8e6afef20,1313,0.11233151704072952,0.37665197253227234,0.03967459499835968,0.11233151704072952,-1.0,-1.0,0.062313858419656754,0.28442153334617615,0.31565484404563904,0.3673610985279083,0.009290874004364014,-0.025290848817674114
carnation_0025_0026,historical_additive,historical_locked,44,translate_16_up,translation,16,up,0,-16,1.0,fd46e18899cadec44272723306848d742aba4715474cd3789c6951c8e6afef20,1313,0.10750289261341095,0.36290496587753296,0.030132710933685303,0.10750289261341095,-1.0,-1.0,0.06275296211242676,0.28398242592811584,0.31521573662757874,0.3673610985279083,-0.004456132650375366,0.012130115758669083
carnation_0025_0026,historical_additive,historical_locked,44,translate_32_down,translation,32,down,0,32,1.0,fd46e18899cadec44272723306848d742aba4715474cd3789c6951c8e6afef20,1313,0.11186908930540085,0.381792277097702,0.03182537481188774,0.11186908930540085,-1.0,-1.0,0.06386025249958038,0.28831616044044495,0.3163802921772003,0.3673610985279083,0.014431178569793701,-0.03928336077941407
carnation_0025_0026,historical_additive,historical_locked,44,translate_32_left,translation,32,left,-32,0,1.0,fd46e18899cadec44272723306848d742aba4715474cd3789c6951c8e6afef20,1313,0.11181789636611938,0.37881341576576233,0.03245153650641441,0.11181789636611938,-1.0,-1.0,0.06168384850025177,0.28573882579803467,0.31491026282310486,0.3673610985279083,0.011452317237854004,-0.031174550826818085
carnation_0025_0026,historical_additive,historical_locked,44,translate_32_right,translation,32,right,32,0,1.0,fd46e18899cadec44272723306848d742aba4715474cd3789c6951c8e6afef20,1313,0.11218693107366562,0.3780886232852936,0.03167596086859703,0.11218693107366562,-1.0,-1.0,0.06357388198375702,0.2861015796661377,0.3145475387573242,0.3673610985279083,0.010727524757385254,-0.02920158068007924
carnation_0025_0026,historical_additive,historical_locked,44,translate_32_up,translation,32,up,0,-32,1.0,fd46e18899cadec44272723306848d742aba4715474cd3789c6951c8e6afef20,1313,0.10962961614131927,0.36925873160362244,0.03152492269873619,0.10962961614131927,-1.0,-1.0,0.061569299548864365,0.28440243005752563,0.3154066503047943,0.3673610985279083,0.0018976330757141113,-0.005165579815931296
carnation_0025_0026,historical_fam,historical_locked,40,identity,identity,0,identity,0,0,1.0,c77d749c30ed5872c0c81a96c4d64f9ebf7912208b16c964c2f0405732dda13a,1313,0.16207796335220337,0.49706488847732544,0.055661577731370926,0.16207796335220337,-1.0,-1.0,0.07714776694774628,0.34140893816947937,0.3859488368034363,0.49706488847732544,0.0,0.0
carnation_0025_0026,historical_fam,historical_locked,40,scale_090,scale,,,0,0,0.9,c77d749c30ed5872c0c81a96c4d64f9ebf7912208b16c964c2f0405732dda13a,1313,0.15920445322990417,0.4898985028266907,0.05435346066951752,0.15920445322990417,-1.0,-1.0,0.07752959430217743,0.33942344784736633,0.3868270218372345,0.49706488847732544,-0.007166385650634766,0.014417404682490814
carnation_0025_0026,historical_fam,historical_locked,40,scale_110,scale,,,0,0,1.1,c77d749c30ed5872c0c81a96c4d64f9ebf7912208b16c964c2f0405732dda13a,1313,0.16530053317546844,0.49957895278930664,0.057769354432821274,0.16530053317546844,-1.0,-1.0,0.07909507304430008,0.34041619300842285,0.3826078772544861,0.49706488847732544,0.002514064311981201,-0.005057819150498869
carnation_0025_0026,historical_fam,historical_locked,40,translate_08_down,translation,8,down,0,8,1.0,c77d749c30ed5872c0c81a96c4d64f9ebf7912208b16c964c2f0405732dda13a,1313,0.16267411410808563,0.498121052980423,0.06008819490671158,0.16267411410808563,-1.0,-1.0,0.0778159573674202,0.34301260113716125,0.38690340518951416,0.49706488847732544,0.0010561645030975342,-0.002124802068262991
carnation_0025_0026,historical_fam,historical_locked,40,translate_08_left,translation,8,left,-8,0,1.0,c77d749c30ed5872c0c81a96c4d64f9ebf7912208b16c964c2f0405732dda13a,1313,0.16409458220005035,0.499826043844223,0.05716157332062721,0.16409458220005035,-1.0,-1.0,0.07831232994794846,0.3446544408798218,0.38925161957740784,0.49706488847732544,0.002761155366897583,-0.005554919349374922
carnation_0025_0026,historical_fam,historical_locked,40,translate_08_right,translation,8,right,8,0,1.0,c77d749c30ed5872c0c81a96c4d64f9ebf7912208b16c964c2f0405732dda13a,1313,0.16072265803813934,0.4943358302116394,0.054914090782403946,0.16072265803813934,-1.0,-1.0,0.07752959430217743,0.3401298224925995,0.3828369677066803,0.49706488847732544,-0.002729058265686035,0.005490346087501866
carnation_0025_0026,historical_fam,historical_locked,40,translate_08_up,translation,8,up,0,-8,1.0,c77d749c30ed5872c0c81a96c4d64f9ebf7912208b16c964c2f0405732dda13a,1313,0.16341426968574524,0.4980412423610687,0.056856974959373474,0.16341426968574524,-1.0,-1.0,0.07815960049629211,0.34116074442863464,0.38732340931892395,0.49706488847732544,0.0009763538837432861,-0.001964238284329802
carnation_0025_0026,historical_fam,historical_locked,40,translate_16_down,translation,16,down,0,16,1.0,c77d749c30ed5872c0c81a96c4d64f9ebf7912208b16c964c2f0405732dda13a,1313,0.16245806217193604,0.49519675970077515,0.06181317940354347,0.16245806217193604,-1.0,-1.0,0.07961054146289825,0.3420580327510834,0.3896143436431885,0.49706488847732544,-0.001868128776550293,0.0037583197281807427
carnation_0025_0026,historical_fam,historical_locked,40,translate_16_left,translation,16,left,-16,0,1.0,c77d749c30ed5872c0c81a96c4d64f9ebf7912208b16c964c2f0405732dda13a,1313,0.16473813354969025,0.49953940510749817,0.05890730023384094,0.16473813354969025,-1.0,-1.0,0.07932417094707489,0.34440624713897705,0.3883734345436096,0.49706488847732544,0.0024745166301727295,-0.0049782567377732
carnation_0025_0026,historical_fam,historical_locked,40,translate_16_right,translation,16,right,16,0,1.0,c77d749c30ed5872c0c81a96c4d64f9ebf7912208b16c964c2f0405732dda13a,1313,0.1577749401330948,0.4901087284088135,0.053132280707359314,0.1577749401330948,-1.0,-1.0,0.07682321220636368,0.3376670479774475,0.3795914351940155,0.49706488847732544,-0.006956160068511963,0.013994470802033488
carnation_0025_0026,historical_fam,historical_locked,40,translate_16_up,translation,16,up,0,-16,1.0,c77d749c30ed5872c0c81a96c4d64f9ebf7912208b16c964c2f0405732dda13a,1313,0.1630689650774002,0.500460684299469,0.055687710642814636,0.1630689650774002,-1.0,-1.0,0.07848415523767471,0.34030163288116455,0.38493698835372925,0.49706488847732544,0.0033957958221435547,-0.0068316952190004875
carnation_0025_0026,historical_fam,historical_locked,40,translate_32_down,translation,32,down,0,32,1.0,c77d749c30ed5872c0c81a96c4d64f9ebf7912208b16c964c2f0405732dda13a,1313,0.1617966592311859,0.49703362584114075,0.056045230478048325,0.1617966592311859,-1.0,-1.0,0.08022145926952362,0.3415425717830658,0.3831424117088318,0.49706488847732544,-3.126263618469238e-05,6.289447697756364e-05
carnation_0025_0026,historical_fam,historical_locked,40,translate_32_left,translation,32,left,-32,0,1.0,c77d749c30ed5872c0c81a96c4d64f9ebf7912208b16c964c2f0405732dda13a,1313,0.16383370757102966,0.4920893907546997,0.05713238567113876,0.16383370757102966,-1.0,-1.0,0.07947690039873123,0.34169530868530273,0.38558611273765564,0.49706488847732544,-0.004975497722625732,0.010009754939374881
carnation_0025_0026,historical_fam,historical_locked,40,translate_32_right,translation,32,right,32,0,1.0,c77d749c30ed5872c0c81a96c4d64f9ebf7912208b16c964c2f0405732dda13a,1313,0.16188016533851624,0.4946003556251526,0.05657479912042618,0.16188016533851624,-1.0,-1.0,0.07758686691522598,0.34150439500808716,0.383085161447525,0.49706488847732544,-0.0024645328521728516,0.004958171275630699
carnation_0025_0026,historical_fam,historical_locked,40,translate_32_up,translation,32,up,0,-32,1.0,c77d749c30ed5872c0c81a96c4d64f9ebf7912208b16c964c2f0405732dda13a,1313,0.16452547907829285,0.4971815347671509,0.056184787303209305,0.16452547907829285,-1.0,-1.0,0.07821687310934067,0.3415616750717163,0.3828560411930084,0.49706488847732544,0.00011664628982543945,-0.00023467014574850723
carnation_0025_0026,historical_fam,historical_locked,41,identity,identity,0,identity,0,0,1.0,5fcafd3a5b197456a39bde55b1e1d5a5c1639b5cf4f67bf1ad57dd763e241640,1313,0.18717139959335327,0.5554907321929932,0.07462850213050842,0.18717139959335327,-1.0,-1.0,0.08245513588190079,0.35208094120025635,0.3798205554485321,0.5554907321929932,0.0,0.0
carnation_0025_0026,historical_fam,historical_locked,41,scale_090,scale,,,0,0,0.9,5fcafd3a5b197456a39bde55b1e1d5a5c1639b5cf4f67bf1ad57dd763e241640,1313,0.1770583987236023,0.5309591889381409,0.06612811982631683,0.1770583987236023,-1.0,-1.0,0.08129056543111801,0.34688812494277954,0.3778541386127472,0.5554907321929932,-0.024531543254852295,0.044161930763462934
carnation_0025_0026,historical_fam,historical_locked,41,scale_110,scale,,,0,0,1.1,5fcafd3a5b197456a39bde55b1e1d5a5c1639b5cf4f67bf1ad57dd763e241640,1313,0.1921347826719284,0.565405547618866,0.07626558095216751,0.1921347826719284,-1.0,-1.0,0.08211149275302887,0.35253915190696716,0.3785223364830017,0.5554907321929932,0.009914815425872803,-0.017848750395403745
carnation_0025_0026,historical_fam,historical_locked,41,translate_08_down,translation,8,down,0,8,1.0,5fcafd3a5b197456a39bde55b1e1d5a5c1639b5cf4f67bf1ad57dd763e241640,1313,0.18532077968120575,0.5507001280784607,0.07332880795001984,0.18532077968120575,-1.0,-1.0,0.08096601814031601,0.35166093707084656,0.3783887028694153,0.5554907321929932,-0.004790604114532471,0.008624093683111313
carnation_0025_0026,historical_fam,historical_locked,41,translate_08_left,translation,8,left,-8,0,1.0,5fcafd3a5b197456a39bde55b1e1d5a5c1639b5cf4f67bf1ad57dd763e241640,1313,0.18726225197315216,0.5546964406967163,0.07611262053251266,0.18726225197315216,-1.0,-1.0,0.08155784755945206,0.3513745665550232,0.3791523575782776,0.5554907321929932,-0.0007942914962768555,0.0014298915359777706
carnation_0025_0026,historical_fam,historical_locked,41,translate_08_right,translation,8,right,8,0,1.0,5fcafd3a5b197456a39bde55b1e1d5a5c1639b5cf4f67bf1ad57dd763e241640,1313,0.18620114028453827,0.549586832523346,0.07354945689439774,0.18620114028453827,-1.0,-1.0,0.08234059065580368,0.35177549719810486,0.37983962893486023,0.5554907321929932,-0.005903899669647217,0.010628259532502939
carnation_0025_0026,historical_fam,historical_locked,41,translate_08_up,translation,8,up,0,-8,1.0,5fcafd3a5b197456a39bde55b1e1d5a5c1639b5cf4f67bf1ad57dd763e241640,1313,0.18784698843955994,0.5587145686149597,0.07388366013765335,0.18784698843955994,-1.0,-1.0,0.08134784549474716,0.35047727823257446,0.377625048160553,0.5554907321929932,0.0032238364219665527,-0.005803582733485644
carnation_0025_0026,historical_fam,historical_locked,41,translate_16_down,translation,16,down,0,16,1.0,5fcafd3a5b197456a39bde55b1e1d5a5c1639b5cf4f67bf1ad57dd763e241640,1313,0.18435031175613403,0.5459505319595337,0.07268170267343521,0.18435031175613403,-1.0,-1.0,0.08188239485025406,0.35143184661865234,0.37878960371017456,0.5554907321929932,-0.009540200233459473,0.017174364360312923
carnation_0025_0026,historical_fam,historical_locked,41,translate_16_left,translation,16,left,-16,0,1.0,5fcafd3a5b197456a39bde55b1e1d5a5c1639b5cf4f67bf1ad57dd763e241640,1313,0.18658974766731262,0.550056517124176,0.07273922860622406,0.18658974766731262,-1.0,-1.0,0.08127147704362869,0.3508400022983551,0.3789232671260834,0.5554907321929932,-0.005434215068817139,0.009782728592723198
carnation_0025_0026,historical_fam,historical_locked,41,translate_16_right,translation,16,right,16,0,1.0,5fcafd3a5b197456a39bde55b1e1d5a5c1639b5cf4f67bf1ad57dd763e241640,1313,0.1853317767381668,0.5535053610801697,0.07067300379276276,0.1853317767381668,-1.0,-1.0,0.08144330233335495,0.35135549306869507,0.3788087069988251,0.5554907321929932,-0.0019853711128234863,0.0035740850346603304
carnation_0025_0026,historical_fam,historical_locked,41,translate_16_up,translation,16,up,0,-16,1.0,5fcafd3a5b197456a39bde55b1e1d5a5c1639b5cf4f67bf1ad57dd763e241640,1313,0.18924663960933685,0.5615842938423157,0.07395009696483612,0.18924663960933685,-1.0,-1.0,0.08159603178501129,0.3516991138458252,0.37804505228996277,0.5554907321929932,0.00609356164932251,-0.010969690934835317
carnation_0025_0026,historical_fam,historical_locked,41,translate_32_down,translation,32,down,0,32,1.0,5fcafd3a5b197456a39bde55b1e1d5a5c1639b5cf4f67bf1ad57dd763e241640,1313,0.18258337676525116,0.536791980266571,0.07154999673366547,0.18258337676525116,-1.0,-1.0,0.08220694959163666,0.34994271397590637,0.37823596596717834,0.5554907321929932,-0.01869875192642212,0.033661681181614465
carnation_0025_0026,historical_fam,historical_locked,41,translate_32_left,translation,32,left,-32,0,1.0,5fcafd3a5b197456a39bde55b1e1d5a5c1639b5cf4f67bf1ad57dd763e241640,1313,0.18413259088993073,0.5446737408638,0.07124776393175125,0.18413259088993073,-1.0,-1.0,0.08033600449562073,0.3488163352012634,0.37682321667671204,0.5554907321929932,-0.010816991329193115,0.019472856525417217
carnation_0025_0026,historical_fam,historical_locked,41,translate_32_right,translation,32,right,32,0,1.0,5fcafd3a5b197456a39bde55b1e1d5a5c1639b5cf4f67bf1ad57dd763e241640,1313,0.18308229744434357,0.5416072607040405,0.07358032464981079,0.18308229744434357,-1.0,-1.0,0.08048873394727707,0.3527682423591614,0.3813096582889557,0.5554907321929932,-0.013883471488952637,0.02499316493390051
carnation_0025_0026,historical_fam,historical_locked,41,translate_32_up,translation,32,up,0,-32,1.0,5fcafd3a5b197456a39bde55b1e1d5a5c1639b5cf4f67bf1ad57dd763e241640,1313,0.19078220427036285,0.5631057024002075,0.07382062077522278,0.19078220427036285,-1.0,-1.0,0.08136693388223648,0.3552882671356201,0.3804505467414856,0.5554907321929932,0.0076149702072143555,-0.013708545914261445
carnation_0025_0026,historical_fam,historical_locked,42,identity,identity,0,identity,0,0,1.0,b96ef8496088911d50d03a6061fe625cec8e17b17a4f1245a49b5b43e3703497,1313,0.1357770562171936,0.44544774293899536,0.03819439560174942,0.1357770562171936,-1.0,-1.0,0.06496754288673401,0.2864452004432678,0.34560900926589966,0.44544774293899536,0.0,0.0
carnation_0025_0026,historical_fam,historical_locked,42,scale_090,scale,,,0,0,0.9,b96ef8496088911d50d03a6061fe625cec8e17b17a4f1245a49b5b43e3703497,1313,0.13557687401771545,0.4483738839626312,0.03541678935289383,0.13557687401771545,-1.0,-1.0,0.06494845449924469,0.2870943248271942,0.3484917879104614,0.44544774293899536,0.0029261410236358643,-0.0065689883269575864
carnation_0025_0026,historical_fam,historical_locked,42,scale_110,scale,,,0,0,1.1,b96ef8496088911d50d03a6061fe625cec8e17b17a4f1245a49b5b43e3703497,1313,0.13665136694908142,0.44510021805763245,0.03700162097811699,0.13665136694908142,-1.0,-1.0,0.06443298608064651,0.28812524676322937,0.34528446197509766,0.44544774293899536,-0.00034752488136291504,0.0007801698108738852
carnation_0025_0026,historical_fam,historical_locked,42,translate_08_down,translation,8,down,0,8,1.0,b96ef8496088911d50d03a6061fe625cec8e17b17a4f1245a49b5b43e3703497,1313,0.13663682341575623,0.445823073387146,0.03733920305967331,0.13663682341575623,-1.0,-1.0,0.06534937024116516,0.28753340244293213,0.3477281332015991,0.44544774293899536,0.00037533044815063477,-0.0008425914242471237
carnation_0025_0026,historical_fam,historical_locked,42,translate_08_left,translation,8,left,-8,0,1.0,b96ef8496088911d50d03a6061fe625cec8e17b17a4f1245a49b5b43e3703497,1313,0.13776476681232452,0.45193997025489807,0.03785224258899689,0.13776476681232452,-1.0,-1.0,0.06552118808031082,0.28789615631103516,0.3484917879104614,0.44544774293899536,0.00649222731590271,-0.014574610420221231
carnation_0025_0026,historical_fam,historical_locked,42,translate_08_right,translation,8,right,8,0,1.0,b96ef8496088911d50d03a6061fe625cec8e17b17a4f1245a49b5b43e3703497,1313,0.1332322657108307,0.4414260685443878,0.03584661707282066,0.1332322657108307,-1.0,-1.0,0.06422298401594162,0.28648337721824646,0.3459908366203308,0.44544774293899536,-0.004021674394607544,0.009028386513024306
carnation_0025_0026,historical_fam,historical_locked,42,translate_08_up,translation,8,up,0,-8,1.0,b96ef8496088911d50d03a6061fe625cec8e17b17a4f1245a49b5b43e3703497,1313,0.13455402851104736,0.4420032799243927,0.036752935498952866,0.13455402851104736,-1.0,-1.0,0.06496754288673401,0.28573882579803467,0.34558990597724915,0.44544774293899536,-0.003444463014602661,0.007732586075925823
carnation_0025_0026,historical_fam,historical_locked,42,translate_16_down,translation,16,down,0,16,1.0,b96ef8496088911d50d03a6061fe625cec8e17b17a4f1245a49b5b43e3703497,1313,0.14180871844291687,0.4607398509979248,0.04030783846974373,0.14180871844291687,-1.0,-1.0,0.06626574695110321,0.2914853096008301,0.3514891266822815,0.44544774293899536,0.015292108058929443,-0.03432974642106048
carnation_0025_0026,historical_fam,historical_locked,42,translate_16_left,translation,16,left,-16,0,1.0,b96ef8496088911d50d03a6061fe625cec8e17b17a4f1245a49b5b43e3703497,1313,0.1373327374458313,0.45188793540000916,0.037308719009160995,0.1373327374458313,-1.0,-1.0,0.06458572298288345,0.2885834276676178,0.34862542152404785,0.44544774293899536,0.006440192461013794,-0.014457795696802502
carnation_0025_0026,historical_fam,historical_locked,42,translate_16_right,translation,16,right,16,0,1.0,b96ef8496088911d50d03a6061fe625cec8e17b17a4f1245a49b5b43e3703497,1313,0.13128283619880676,0.4361796975135803,0.03629950061440468,0.13128283619880676,-1.0,-1.0,0.06393661350011826,0.2841542661190033,0.34452080726623535,0.44544774293899536,-0.009268045425415039,0.02080613399063582
carnation_0025_0026,historical_fam,historical_locked,42,translate_16_up,translation,16,up,0,-16,1.0,b96ef8496088911d50d03a6061fe625cec8e17b17a4f1245a49b5b43e3703497,1313,0.13361909985542297,0.43897825479507446,0.03508966416120529,0.13361909985542297,-1.0,-1.0,0.06561664491891861,0.28627339005470276,0.3446544408798218,0.44544774293899536,-0.0064694881439208984,0.014523562519895636
carnation_0025_0026,historical_fam,historical_locked,42,translate_32_down,translation,32,down,0,32,1.0,b96ef8496088911d50d03a6061fe625cec8e17b17a4f1245a49b5b43e3703497,1313,0.14966662228107452,0.47071897983551025,0.04639846459031105,0.14966662228107452,-1.0,-1.0,0.0677739605307579,0.2947308123111725,0.3544100821018219,0.44544774293899536,0.025271236896514893,-0.05673221449003014
carnation_0025_0026,historical_fam,historical_locked,42,translate_32_left,translation,32,left,-32,0,1.0,b96ef8496088911d50d03a6061fe625cec8e17b17a4f1245a49b5b43e3703497,1313,0.13717018067836761,0.4475228786468506,0.03769323602318764,0.13717018067836761,-1.0,-1.0,0.06513936817646027,0.2895379960536957,0.34646812081336975,0.44544774293899536,0.0020751357078552246,-0.004658539055925617
carnation_0025_0026,historical_fam,historical_locked,42,translate_32_right,translation,32,right,32,0,1.0,b96ef8496088911d50d03a6061fe625cec8e17b17a4f1245a49b5b43e3703497,1313,0.13284453749656677,0.43722349405288696,0.03701883181929588,0.13284453749656677,-1.0,-1.0,0.06296296417713165,0.2861015796661377,0.3423253297805786,0.44544774293899536,-0.008224248886108398,0.01846288148604385
carnation_0025_0026,historical_fam,historical_locked,42,translate_32_up,translation,32,up,0,-32,1.0,b96ef8496088911d50d03a6061fe625cec8e17b17a4f1245a49b5b43e3703497,1313,0.13501287996768951,0.44201162457466125,0.035890545696020126,0.13501287996768951,-1.0,-1.0,0.06536845862865448,0.2878197729587555,0.34335625171661377,0.44544774293899536,-0.0034361183643341064,0.007713852901494412
carnation_0025_0026,historical_fam,historical_locked,43,identity,identity,0,identity,0,0,1.0,f6407afe0d781eb5c227e46611243d67385f1fc06010d4704f51ac5e8d0ac536,1313,0.15368174016475677,0.5012507438659668,0.04628657177090645,0.15368174016475677,-1.0,-1.0,0.06926307827234268,0.3133257031440735,0.36017563939094543,0.5012507438659668,0.0,0.0
carnation_0025_0026,historical_fam,historical_locked,43,scale_090,scale,,,0,0,0.9,f6407afe0d781eb5c227e46611243d67385f1fc06010d4704f51ac5e8d0ac536,1313,0.15022681653499603,0.48976656794548035,0.046371858566999435,0.15022681653499603,-1.0,-1.0,0.06876670569181442,0.3095265328884125,0.3581710457801819,0.5012507438659668,-0.01148417592048645,0.022911040155099083
carnation_0025_0026,historical_fam,historical_locked,43,scale_110,scale,,,0,0,1.1,f6407afe0d781eb5c227e46611243d67385f1fc06010d4704f51ac5e8d0ac536,1313,0.1550469994544983,0.5040228366851807,0.04809851571917534,0.1550469994544983,-1.0,-1.0,0.06905307620763779,0.31229478120803833,0.35694921016693115,0.5012507438659668,0.002772092819213867,-0.005530351531917363
carnation_0025_0026,historical_fam,historical_locked,43,translate_08_down,translation,8,down,0,8,1.0,f6407afe0d781eb5c227e46611243d67385f1fc06010d4704f51ac5e8d0ac536,1313,0.1532837301492691,0.49739187955856323,0.0460033044219017,0.1532837301492691,-1.0,-1.0,0.06974036246538162,0.3116074800491333,0.35822832584381104,0.5012507438659668,-0.0038588643074035645,0.007698470984085792
carnation_0025_0026,historical_fam,historical_locked,43,translate_08_left,translation,8,left,-8,0,1.0,f6407afe0d781eb5c227e46611243d67385f1fc06010d4704f51ac5e8d0ac536,1313,0.15417632460594177,0.501353919506073,0.046624310314655304,0.15417632460594177,-1.0,-1.0,0.06849942356348038,0.3127911388874054,0.36000382900238037,0.5012507438659668,0.00010317564010620117,-0.00020583638302547853
carnation_0025_0026,historical_fam,historical_locked,43,translate_08_right,translation,8,right,8,0,1.0,f6407afe0d781eb5c227e46611243d67385f1fc06010d4704f51ac5e8d0ac536,1313,0.15462259948253632,0.505580484867096,0.04528741538524628,0.15462259948253632,-1.0,-1.0,0.06935853511095047,0.3138793408870697,0.35868650674819946,0.5012507438659668,0.00432974100112915,-0.008637874465253487
carnation_0025_0026,historical_fam,historical_locked,43,translate_08_up,translation,8,up,0,-8,1.0,f6407afe0d781eb5c227e46611243d67385f1fc06010d4704f51ac5e8d0ac536,1313,0.15452934801578522,0.5025234818458557,0.04638869687914848,0.15452934801578522,-1.0,-1.0,0.06880488991737366,0.3125620484352112,0.35771286487579346,0.5012507438659668,0.001272737979888916,-0.0025391243713131385
carnation_0025_0026,historical_fam,historical_locked,43,translate_16_down,translation,16,down,0,16,1.0,f6407afe0d781eb5c227e46611243d67385f1fc06010d4704f51ac5e8d0ac536,1313,0.15487076342105865,0.5028101205825806,0.047229867428541183,0.15487076342105865,-1.0,-1.0,0.06970217823982239,0.31233295798301697,0.35901108384132385,0.5012507438659668,0.0015593767166137695,-0.0031109713764948406
carnation_0025_0026,historical_fam,historical_locked,43,translate_16_left,translation,16,left,-16,0,1.0,f6407afe0d781eb5c227e46611243d67385f1fc06010d4704f51ac5e8d0ac536,1313,0.15467604994773865,0.5017304420471191,0.048447150737047195,0.15467604994773865,-1.0,-1.0,0.06893852353096008,0.3112829327583313,0.35845741629600525,0.5012507438659668,0.00047969818115234375,-0.0009570024324604571
carnation_0025_0026,historical_fam,historical_locked,43,translate_16_right,translation,16,right,16,0,1.0,f6407afe0d781eb5c227e46611243d67385f1fc06010d4704f51ac5e8d0ac536,1313,0.1524670571088791,0.5043421983718872,0.04344482719898224,0.1524670571088791,-1.0,-1.0,0.0680985078215599,0.3099656403064728,0.3572355806827545,0.5012507438659668,0.00309145450592041,-0.006167481133448567
carnation_0025_0026,historical_fam,historical_locked,43,translate_16_up,translation,16,up,0,-16,1.0,f6407afe0d781eb5c227e46611243d67385f1fc06010d4704f51ac5e8d0ac536,1313,0.15518882870674133,0.5054931640625,0.04643898084759712,0.15518882870674133,-1.0,-1.0,0.06872852146625519,0.3130393326282501,0.3584001660346985,0.5012507438659668,0.004242420196533203,-0.008463668629821756
carnation_0025_0026,historical_fam,historical_locked,43,translate_32_down,translation,32,down,0,32,1.0,f6407afe0d781eb5c227e46611243d67385f1fc06010d4704f51ac5e8d0ac536,1313,0.15642255544662476,0.5014553070068359,0.04860762879252434,0.15642255544662476,-1.0,-1.0,0.07151584327220917,0.3134211599826813,0.36107292771339417,0.5012507438659668,0.00020456314086914062,-0.00040810541105918097
carnation_0025_0026,historical_fam,historical_locked,43,translate_32_left,translation,32,left,-32,0,1.0,f6407afe0d781eb5c227e46611243d67385f1fc06010d4704f51ac5e8d0ac536,1313,0.15331608057022095,0.4956582188606262,0.04740068316459656,0.15331608057022095,-1.0,-1.0,0.0680985078215599,0.31067201495170593,0.3562619388103485,0.5012507438659668,-0.005592525005340576,0.011157140560445738
carnation_0025_0026,historical_fam,historical_locked,43,translate_32_right,translation,32,right,32,0,1.0,f6407afe0d781eb5c227e46611243d67385f1fc06010d4704f51ac5e8d0ac536,1313,0.1536533534526825,0.5011370182037354,0.04642791301012039,0.1536533534526825,-1.0,-1.0,0.06895761936903,0.3117983937263489,0.3561092019081116,0.5012507438659668,-0.00011372566223144531,0.00022688377747695726
carnation_0025_0026,historical_fam,historical_locked,43,translate_32_up,translation,32,up,0,-32,1.0,f6407afe0d781eb5c227e46611243d67385f1fc06010d4704f51ac5e8d0ac536,1313,0.15745733678340912,0.5108473300933838,0.047978129237890244,0.15745733678340912,-1.0,-1.0,0.07002672553062439,0.3138029873371124,0.3592974543571472,0.5012507438659668,0.009596586227416992,-0.019145280769863746
carnation_0025_0026,historical_fam,historical_locked,44,identity,identity,0,identity,0,0,1.0,2fec1971b28c88cfccb2356de81270c5a75a15082daee435a77eaf0694b98e3e,1313,0.13501442968845367,0.4530378580093384,0.04268423467874527,0.13501442968845367,-1.0,-1.0,0.06697212904691696,0.30788469314575195,0.3349370062351227,0.4530378580093384,0.0,0.0
carnation_0025_0026,historical_fam,historical_locked,44,scale_090,scale,,,0,0,0.9,2fec1971b28c88cfccb2356de81270c5a75a15082daee435a77eaf0694b98e3e,1313,0.13152509927749634,0.4470931887626648,0.04042290896177292,0.13152509927749634,-1.0,-1.0,0.06638029962778091,0.30582281947135925,0.33232149481773376,0.4530378580093384,-0.005944669246673584,0.013121793557815753
carnation_0025_0026,historical_fam,historical_locked,44,scale_110,scale,,,0,0,1.1,2fec1971b28c88cfccb2356de81270c5a75a15082daee435a77eaf0694b98e3e,1313,0.13581718504428864,0.45276445150375366,0.0429796501994133,0.13581718504428864,-1.0,-1.0,0.06729667633771896,0.30840015411376953,0.33283695578575134,0.4530378580093384,-0.0002734065055847168,0.0006034959347240272
carnation_0025_0026,historical_fam,historical_locked,44,translate_08_down,translation,8,down,0,8,1.0,2fec1971b28c88cfccb2356de81270c5a75a15082daee435a77eaf0694b98e3e,1313,0.1351555734872818,0.454912394285202,0.0411679781973362,0.1351555734872818,-1.0,-1.0,0.06666667014360428,0.30904924869537354,0.3363688290119171,0.4530378580093384,0.0018745362758636475,-0.0041377033789194015
carnation_0025_0026,historical_fam,historical_locked,44,translate_08_left,translation,8,left,-8,0,1.0,2fec1971b28c88cfccb2356de81270c5a75a15082daee435a77eaf0694b98e3e,1313,0.13652215898036957,0.45736509561538696,0.04317879304289818,0.13652215898036957,-1.0,-1.0,0.0673348605632782,0.3093165457248688,0.3356052041053772,0.4530378580093384,0.004327237606048584,-0.009551602652066634
carnation_0025_0026,historical_fam,historical_locked,44,translate_08_right,translation,8,right,8,0,1.0,2fec1971b28c88cfccb2356de81270c5a75a15082daee435a77eaf0694b98e3e,1313,0.1366012841463089,0.455635666847229,0.04379749670624733,0.1366012841463089,-1.0,-1.0,0.06731577217578888,0.3086865246295929,0.33793431520462036,0.4530378580093384,0.002597808837890625,-0.005734198129281012
carnation_0025_0026,historical_fam,historical_locked,44,translate_08_up,translation,8,up,0,-8,1.0,2fec1971b28c88cfccb2356de81270c5a75a15082daee435a77eaf0694b98e3e,1313,0.13637511432170868,0.4546034634113312,0.0427253395318985,0.13637511432170868,-1.0,-1.0,0.0673348605632782,0.3089347183704376,0.3340015411376953,0.4530378580093384,0.0015656054019927979,-0.003455793758323231
carnation_0025_0026,historical_fam,historical_locked,44,translate_16_down,translation,16,down,0,16,1.0,2fec1971b28c88cfccb2356de81270c5a75a15082daee435a77eaf0694b98e3e,1313,0.13537396490573883,0.4533049166202545,0.04253397136926651,0.13537396490573883,-1.0,-1.0,0.06735394895076752,0.30843833088874817,0.33890798687934875,0.4530378580093384,0.0002670586109161377,-0.0005894840932049279
carnation_0025_0026,historical_fam,historical_locked,44,translate_16_left,translation,16,left,-16,0,1.0,2fec1971b28c88cfccb2356de81270c5a75a15082daee435a77eaf0694b98e3e,1313,0.13845980167388916,0.4655155837535858,0.04138632491230965,0.13845980167388916,-1.0,-1.0,0.06861397624015808,0.310194730758667,0.3356815576553345,0.4530378580093384,0.012477725744247437,-0.02754234667953563
carnation_0025_0026,historical_fam,historical_locked,44,translate_16_right,translation,16,right,16,0,1.0,2fec1971b28c88cfccb2356de81270c5a75a15082daee435a77eaf0694b98e3e,1313,0.1363517940044403,0.4529370963573456,0.04220353439450264,0.1363517940044403,-1.0,-1.0,0.06666667014360428,0.3089919686317444,0.3358342945575714,0.4530378580093384,-0.00010076165199279785,0.000222413315380634
carnation_0025_0026,historical_fam,historical_locked,44,translate_16_up,translation,16,up,0,-16,1.0,2fec1971b28c88cfccb2356de81270c5a75a15082daee435a77eaf0694b98e3e,1313,0.13695625960826874,0.45880481600761414,0.04267160966992378,0.13695625960826874,-1.0,-1.0,0.06681939959526062,0.3090110719203949,0.3341160714626312,0.4530378580093384,0.005766957998275757,-0.012729527778574487
carnation_0025_0026,historical_fam,historical_locked,44,translate_32_down,translation,32,down,0,32,1.0,2fec1971b28c88cfccb2356de81270c5a75a15082daee435a77eaf0694b98e3e,1313,0.1397378146648407,0.4590916037559509,0.04825708270072937,0.1397378146648407,-1.0,-1.0,0.06813669204711914,0.3138029873371124,0.34236350655555725,0.4530378580093384,0.006053745746612549,-0.013362560412087601
carnation_0025_0026,historical_fam,historical_locked,44,translate_32_left,translation,32,left,-32,0,1.0,2fec1971b28c88cfccb2356de81270c5a75a15082daee435a77eaf0694b98e3e,1313,0.13788986206054688,0.4615212380886078,0.04274731129407883,0.13788986206054688,-1.0,-1.0,0.06807941943407059,0.30744558572769165,0.33102330565452576,0.4530378580093384,0.00848338007926941,-0.018725543416052755
carnation_0025_0026,historical_fam,historical_locked,44,translate_32_right,translation,32,right,32,0,1.0,2fec1971b28c88cfccb2356de81270c5a75a15082daee435a77eaf0694b98e3e,1313,0.136898472905159,0.45624658465385437,0.0429789274930954,0.136898472905159,-1.0,-1.0,0.06691485643386841,0.30601373314857483,0.33067965507507324,0.4530378580093384,0.003208726644515991,-0.007082689863083916
carnation_0025_0026,historical_fam,historical_locked,44,translate_32_up,translation,32,up,0,-32,1.0,2fec1971b28c88cfccb2356de81270c5a75a15082daee435a77eaf0694b98e3e,1313,0.1392877995967865,0.4636366665363312,0.04500289261341095,0.1392877995967865,-1.0,-1.0,0.0681939646601677,0.30904924869537354,0.33340969681739807,0.4530378580093384,0.010598808526992798,-0.023394973156469247
carnation_0025_0026,stage_b_fam,current_stage_b,40,identity,identity,0,identity,0,0,1.0,66217fac6c64144c444230bcdec4368b7b87e3fde2ebe983330b986452901c8d,1313,0.1634773313999176,0.4969382882118225,0.06295017153024673,0.1634773313999176,-1.0,-1.0,0.0742458924651146,0.3302214443683624,0.35521191358566284,0.4969382882118225,0.0,0.0
carnation_0025_0026,stage_b_fam,current_stage_b,40,scale_090,scale,,,0,0,0.9,66217fac6c64144c444230bcdec4368b7b87e3fde2ebe983330b986452901c8d,1313,0.15807239711284637,0.4836136996746063,0.0606335811316967,0.15807239711284637,-1.0,-1.0,0.0724131315946579,0.32128673791885376,0.34593355655670166,0.4969382882118225,-0.013324588537216187,0.026813366676098245
carnation_0025_0026,stage_b_fam,current_stage_b,40,scale_110,scale,,,0,0,1.1,66217fac6c64144c444230bcdec4368b7b87e3fde2ebe983330b986452901c8d,1313,0.1639948934316635,0.4944218099117279,0.061482470482587814,0.1639948934316635,-1.0,-1.0,0.07485681772232056,0.32529592514038086,0.35318824648857117,0.4969382882118225,-0.0025164783000946045,0.005063965405342127
carnation_0025_0026,stage_b_fam,current_stage_b,40,translate_08_down,translation,8,down,0,8,1.0,66217fac6c64144c444230bcdec4368b7b87e3fde2ebe983330b986452901c8d,1313,0.16547930240631104,0.4992814064025879,0.06335952877998352,0.16547930240631104,-1.0,-1.0,0.07401680201292038,0.3310423791408539,0.3556891977787018,0.4969382882118225,0.002343118190765381,-0.004715108991091897
carnation_0025_0026,stage_b_fam,current_stage_b,40,translate_08_left,translation,8,left,-8,0,1.0,66217fac6c64144c444230bcdec4368b7b87e3fde2ebe983330b986452901c8d,1313,0.16506603360176086,0.4982326626777649,0.06419447809457779,0.16506603360176086,-1.0,-1.0,0.07302405685186386,0.33092784881591797,0.35395190119743347,0.4969382882118225,0.0012943744659423828,-0.0026046986047302697
carnation_0025_0026,stage_b_fam,current_stage_b,40,translate_08_right,translation,8,right,8,0,1.0,66217fac6c64144c444230bcdec4368b7b87e3fde2ebe983330b986452901c8d,1313,0.16179481148719788,0.48935550451278687,0.058054327964782715,0.16179481148719788,-1.0,-1.0,0.0746849924325943,0.3262886703014374,0.3542000651359558,0.4969382882118225,-0.0075827836990356445,0.015259004747493806
carnation_0025_0026,stage_b_fam,current_stage_b,40,translate_08_up,translation,8,up,0,-8,1.0,66217fac6c64144c444230bcdec4368b7b87e3fde2ebe983330b986452901c8d,1313,0.1603875309228897,0.4835510551929474,0.06305168569087982,0.1603875309228897,-1.0,-1.0,0.07197403907775879,0.3169148564338684,0.35305461287498474,0.4969382882118225,-0.013387233018875122,0.026939427563626862
carnation_0025_0026,stage_b_fam,current_stage_b,40,translate_16_down,translation,16,down,0,16,1.0,66217fac6c64144c444230bcdec4368b7b87e3fde2ebe983330b986452901c8d,1313,0.166508287191391,0.4983776807785034,0.06508522480726242,0.166508287191391,-1.0,-1.0,0.07401680201292038,0.3296678066253662,0.35488736629486084,0.4969382882118225,0.0014393925666809082,-0.002896521763014887
carnation_0025_0026,stage_b_fam,current_stage_b,40,translate_16_left,translation,16,left,-16,0,1.0,66217fac6c64144c444230bcdec4368b7b87e3fde2ebe983330b986452901c8d,1313,0.16390664875507355,0.4949052333831787,0.06341072171926498,0.16390664875507355,-1.0,-1.0,0.07409316301345825,0.32926690578460693,0.35336005687713623,0.4969382882118225,-0.002033054828643799,0.004091161572515416
carnation_0025_0026,stage_b_fam,current_stage_b,40,translate_16_right,translation,16,right,16,0,1.0,66217fac6c64144c444230bcdec4368b7b87e3fde2ebe983330b986452901c8d,1313,0.16057851910591125,0.48448479175567627,0.06483974307775497,0.16057851910591125,-1.0,-1.0,0.07369224727153778,0.32420772314071655,0.3540664315223694,0.4969382882118225,-0.01245349645614624,0.02506044865441697
carnation_0025_0026,stage_b_fam,current_stage_b,40,translate_16_up,translation,16,up,0,-16,1.0,66217fac6c64144c444230bcdec4368b7b87e3fde2ebe983330b986452901c8d,1313,0.15981444716453552,0.48267409205436707,0.06380051374435425,0.15981444716453552,-1.0,-1.0,0.06912943720817566,0.3126956820487976,0.3536464273929596,0.4969382882118225,-0.014264196157455444,0.02870416004527157
carnation_0025_0026,stage_b_fam,current_stage_b,40,translate_32_down,translation,32,down,0,32,1.0,66217fac6c64144c444230bcdec4368b7b87e3fde2ebe983330b986452901c8d,1313,0.16690726578235626,0.49222350120544434,0.06544634699821472,0.16690726578235626,-1.0,-1.0,0.07508590817451477,0.3337915241718292,0.356605589389801,0.4969382882118225,-0.004714787006378174,0.009487671041295316
carnation_0025_0026,stage_b_fam,current_stage_b,40,translate_32_left,translation,32,left,-32,0,1.0,66217fac6c64144c444230bcdec4368b7b87e3fde2ebe983330b986452901c8d,1313,0.1615658700466156,0.48674991726875305,0.06257203221321106,0.1615658700466156,-1.0,-1.0,0.0750095471739769,0.3279114067554474,0.3509545624256134,0.4969382882118225,-0.010188370943069458,0.020502286068016986
carnation_0025_0026,stage_b_fam,current_stage_b,40,translate_32_right,translation,32,right,32,0,1.0,66217fac6c64144c444230bcdec4368b7b87e3fde2ebe983330b986452901c8d,1313,0.15857599675655365,0.48261669278144836,0.06205284222960472,0.15857599675655365,-1.0,-1.0,0.07302405685186386,0.32061856985092163,0.350820928812027,0.4969382882118225,-0.014321595430374146,0.028819665882274484
carnation_0025_0026,stage_b_fam,current_stage_b,40,translate_32_up,translation,32,up,0,-32,1.0,66217fac6c64144c444230bcdec4368b7b87e3fde2ebe983330b986452901c8d,1313,0.16601203382015228,0.503299355506897,0.06451408565044403,0.16601203382015228,-1.0,-1.0,0.07352042943239212,0.3273768723011017,0.35519281029701233,0.4969382882118225,0.006361067295074463,-0.012800517581295778
carnation_0025_0026,stage_b_fam,current_stage_b,41,identity,identity,0,identity,0,0,1.0,4689cc606e8f91627c0867355739f90d2bc4a4932cecc78533f7b4dee6a09a81,1313,0.12690523266792297,0.4252031147480011,0.03617880493402481,0.12690523266792297,-1.0,-1.0,0.05799923464655876,0.26735395193099976,0.3351660966873169,0.4252031147480011,0.0,0.0
carnation_0025_0026,stage_b_fam,current_stage_b,41,scale_090,scale,,,0,0,0.9,4689cc606e8f91627c0867355739f90d2bc4a4932cecc78533f7b4dee6a09a81,1313,0.12479524314403534,0.414360374212265,0.036280326545238495,0.12479524314403534,-1.0,-1.0,0.055746469646692276,0.265444815158844,0.3335433304309845,0.4252031147480011,-0.010842740535736084,0.02550014371875449
carnation_0025_0026,stage_b_fam,current_stage_b,41,scale_110,scale,,,0,0,1.1,4689cc606e8f91627c0867355739f90d2bc4a4932cecc78533f7b4dee6a09a81,1313,0.12861835956573486,0.4250645339488983,0.03632611781358719,0.12861835956573486,-1.0,-1.0,0.05603283643722534,0.2672775983810425,0.33426880836486816,0.4252031147480011,-0.0001385807991027832,0.00032591670732448386
carnation_0025_0026,stage_b_fam,current_stage_b,41,translate_08_down,translation,8,down,0,8,1.0,4689cc606e8f91627c0867355739f90d2bc4a4932cecc78533f7b4dee6a09a81,1313,0.12843288481235504,0.4227859675884247,0.038603927940130234,0.12843288481235504,-1.0,-1.0,0.0586865209043026,0.2697785496711731,0.33921343088150024,0.4252031147480011,-0.002417147159576416,0.005684688271883782
carnation_0025_0026,stage_b_fam,current_stage_b,41,translate_08_left,translation,8,left,-8,0,1.0,4689cc606e8f91627c0867355739f90d2bc4a4932cecc78533f7b4dee6a09a81,1313,0.1282496303319931,0.4240448474884033,0.03803633898496628,0.1282496303319931,-1.0,-1.0,0.060423824936151505,0.26714393496513367,0.33585336804389954,0.4252031147480011,-0.0011582672595977783,0.0027240328667023795
carnation_0025_0026,stage_b_fam,current_stage_b,41,translate_08_right,translation,8,right,8,0,1.0,4689cc606e8f91627c0867355739f90d2bc4a4932cecc78533f7b4dee6a09a81,1313,0.1272740662097931,0.4228498637676239,0.035726260393857956,0.1272740662097931,-1.0,-1.0,0.0581519678235054,0.268594890832901,0.33466970920562744,0.4252031147480011,-0.0023532509803771973,0.005534416138442128
carnation_0025_0026,stage_b_fam,current_stage_b,41,translate_08_up,translation,8,up,0,-8,1.0,4689cc606e8f91627c0867355739f90d2bc4a4932cecc78533f7b4dee6a09a81,1313,0.12708212435245514,0.42372211813926697,0.035621121525764465,0.12708212435245514,-1.0,-1.0,0.05824742093682289,0.2679648697376251,0.332913339138031,0.4252031147480011,-0.0014809966087341309,0.003483033301888796
carnation_0025_0026,stage_b_fam,current_stage_b,41,translate_16_down,translation,16,down,0,16,1.0,4689cc606e8f91627c0867355739f90d2bc4a4932cecc78533f7b4dee6a09a81,1313,0.13135285675525665,0.43169108033180237,0.039771806448698044,0.13135285675525665,-1.0,-1.0,0.058858342468738556,0.2737877070903778,0.34173348546028137,0.4252031147480011,0.0064879655838012695,-0.015258509071944116
carnation_0025_0026,stage_b_fam,current_stage_b,41,translate_16_left,translation,16,left,-16,0,1.0,4689cc606e8f91627c0867355739f90d2bc4a4932cecc78533f7b4dee6a09a81,1313,0.12770074605941772,0.42289596796035767,0.03663109242916107,0.12770074605941772,-1.0,-1.0,0.05851469933986664,0.2658839225769043,0.3309469223022461,0.4252031147480011,-0.0023071467876434326,0.005425987504844069
carnation_0025_0026,stage_b_fam,current_stage_b,41,translate_16_right,translation,16,right,16,0,1.0,4689cc606e8f91627c0867355739f90d2bc4a4932cecc78533f7b4dee6a09a81,1313,0.1254788339138031,0.4197639226913452,0.036736808717250824,0.1254788339138031,-1.0,-1.0,0.05761741101741791,0.26689577102661133,0.3320160508155823,0.4252031147480011,-0.005439192056655884,0.012791985448835317
carnation_0025_0026,stage_b_fam,current_stage_b,41,translate_16_up,translation,16,up,0,-16,1.0,4689cc606e8f91627c0867355739f90d2bc4a4932cecc78533f7b4dee6a09a81,1313,0.12748827040195465,0.42580950260162354,0.03526122495532036,0.12748827040195465,-1.0,-1.0,0.05897289142012596,0.2664375603199005,0.33035510778427124,0.4252031147480011,0.0006063878536224365,-0.0014261133857916717
carnation_0025_0026,stage_b_fam,current_stage_b,41,translate_32_down,translation,32,down,0,32,1.0,4689cc606e8f91627c0867355739f90d2bc4a4932cecc78533f7b4dee6a09a81,1313,0.1330360472202301,0.43228864669799805,0.0432744175195694,0.1330360472202301,-1.0,-1.0,0.06008018180727959,0.2694348990917206,0.34335625171661377,0.4252031147480011,0.007085531949996948,-0.016663875931850185
carnation_0025_0026,stage_b_fam,current_stage_b,41,translate_32_left,translation,32,left,-32,0,1.0,4689cc606e8f91627c0867355739f90d2bc4a4932cecc78533f7b4dee6a09a81,1313,0.12303656339645386,0.41036298871040344,0.03608745336532593,0.12303656339645386,-1.0,-1.0,0.05563192069530487,0.2618938386440277,0.324016809463501,0.4252031147480011,-0.014840126037597656,0.03490126370874008
carnation_0025_0026,stage_b_fam,current_stage_b,41,translate_32_right,translation,32,right,32,0,1.0,4689cc606e8f91627c0867355739f90d2bc4a4932cecc78533f7b4dee6a09a81,1313,0.1272823065519333,0.4199640154838562,0.03651653230190277,0.1272823065519333,-1.0,-1.0,0.056662850081920624,0.2657693922519684,0.32915234565734863,0.4252031147480011,-0.0052390992641448975,0.012321403777227449
carnation_0025_0026,stage_b_fam,current_stage_b,41,translate_32_up,translation,32,up,0,-32,1.0,4689cc606e8f91627c0867355739f90d2bc4a4932cecc78533f7b4dee6a09a81,1313,0.12867408990859985,0.4248402416706085,0.03651419281959534,0.12867408990859985,-1.0,-1.0,0.05954562872648239,0.2735395133495331,0.33211150765419006,0.4252031147480011,-0.0003628730773925781,0.0008534111458887991
carnation_0025_0026,stage_b_fam,current_stage_b,42,identity,identity,0,identity,0,0,1.0,c305e9d97b98e586351246127e43b49e9fc5a73f59508d6d314f4f0f1a6ad9a3,1313,0.15124964714050293,0.49234092235565186,0.04997808486223221,0.15124964714050293,-1.0,-1.0,0.07411225885152817,0.318403959274292,0.34894996881484985,0.49234092235565186,0.0,0.0
carnation_0025_0026,stage_b_fam,current_stage_b,42,scale_090,scale,,,0,0,0.9,c305e9d97b98e586351246127e43b49e9fc5a73f59508d6d314f4f0f1a6ad9a3,1313,0.14653486013412476,0.48558130860328674,0.0464823953807354,0.14653486013412476,-1.0,-1.0,0.07353951781988144,0.31890034675598145,0.3472508490085602,0.49234092235565186,-0.006759613752365112,0.01372953871074356
carnation_0025_0026,stage_b_fam,current_stage_b,42,scale_110,scale,,,0,0,1.1,c305e9d97b98e586351246127e43b49e9fc5a73f59508d6d314f4f0f1a6ad9a3,1313,0.15893375873565674,0.5092973113059998,0.05481794476509094,0.15893375873565674,-1.0,-1.0,0.07516227662563324,0.3218976855278015,0.35078275203704834,0.49234092235565186,0.0169563889503479,-0.03444034038287626
carnation_0025_0026,stage_b_fam,current_stage_b,42,translate_08_down,translation,8,down,0,8,1.0,c305e9d97b98e586351246127e43b49e9fc5a73f59508d6d314f4f0f1a6ad9a3,1313,0.15300291776657104,0.4996570646762848,0.05145196244120598,0.15300291776657104,-1.0,-1.0,0.07413134723901749,0.32161131501197815,0.34950363636016846,0.49234092235565186,0.007316142320632935,-0.014859911066559647
carnation_0025_0026,stage_b_fam,current_stage_b,42,translate_08_left,translation,8,left,-8,0,1.0,c305e9d97b98e586351246127e43b49e9fc5a73f59508d6d314f4f0f1a6ad9a3,1313,0.15233469009399414,0.5001347064971924,0.05022973567247391,0.15233469009399414,-1.0,-1.0,0.07451317459344864,0.3214394748210907,0.3498472571372986,0.49234092235565186,0.007793784141540527,-0.01583005553194812
carnation_0025_0026,stage_b_fam,current_stage_b,42,translate_08_right,translation,8,right,8,0,1.0,c305e9d97b98e586351246127e43b49e9fc5a73f59508d6d314f4f0f1a6ad9a3,1313,0.15080581605434418,0.49248746037483215,0.048565831035375595,0.15080581605434418,-1.0,-1.0,0.07352042943239212,0.31760212779045105,0.34732723236083984,0.49234092235565186,0.00014653801918029785,-0.0002976352615158878
carnation_0025_0026,stage_b_fam,current_stage_b,42,translate_08_up,translation,8,up,0,-8,1.0,c305e9d97b98e586351246127e43b49e9fc5a73f59508d6d314f4f0f1a6ad9a3,1313,0.15178239345550537,0.49338817596435547,0.05190352350473404,0.15178239345550537,-1.0,-1.0,0.07321497052907944,0.31806033849716187,0.34929361939430237,0.49234092235565186,0.0010472536087036133,-0.0021270903171991657
carnation_0025_0026,stage_b_fam,current_stage_b,42,translate_16_down,translation,16,down,0,16,1.0,c305e9d97b98e586351246127e43b49e9fc5a73f59508d6d314f4f0f1a6ad9a3,1313,0.15501512587070465,0.5015344619750977,0.05332823097705841,0.15501512587070465,-1.0,-1.0,0.07428407669067383,0.3233867883682251,0.35091638565063477,0.49234092235565186,0.0091935396194458,-0.018673116943963217
carnation_0025_0026,stage_b_fam,current_stage_b,42,translate_16_left,translation,16,left,-16,0,1.0,c305e9d97b98e586351246127e43b49e9fc5a73f59508d6d314f4f0f1a6ad9a3,1313,0.15546287596225739,0.5010234117507935,0.0574958473443985,0.15546287596225739,-1.0,-1.0,0.07499045133590698,0.32281404733657837,0.35036274790763855,0.49234092235565186,0.008682489395141602,-0.017635116239372115
carnation_0025_0026,stage_b_fam,current_stage_b,42,translate_16_right,translation,16,right,16,0,1.0,c305e9d97b98e586351246127e43b49e9fc5a73f59508d6d314f4f0f1a6ad9a3,1313,0.15007475018501282,0.48892340064048767,0.05022997409105301,0.15007475018501282,-1.0,-1.0,0.07258495688438416,0.31846123933792114,0.34788087010383606,0.49234092235565186,-0.0034175217151641846,0.006941372451456458
carnation_0025_0026,stage_b_fam,current_stage_b,42,translate_16_up,translation,16,up,0,-16,1.0,c305e9d97b98e586351246127e43b49e9fc5a73f59508d6d314f4f0f1a6ad9a3,1313,0.15153418481349945,0.49151238799095154,0.05004887282848358,0.15153418481349945,-1.0,-1.0,0.07422680407762527,0.31697213649749756,0.3476899564266205,0.49234092235565186,-0.0008285343647003174,0.0016828468386014229
carnation_0025_0026,stage_b_fam,current_stage_b,42,translate_32_down,translation,32,down,0,32,1.0,c305e9d97b98e586351246127e43b49e9fc5a73f59508d6d314f4f0f1a6ad9a3,1313,0.1608404815196991,0.5051393508911133,0.055710021406412125,0.1608404815196991,-1.0,-1.0,0.07714776694774628,0.3285987079143524,0.3565864861011505,0.49234092235565186,0.012798428535461426,-0.025995053334640823
carnation_0025_0026,stage_b_fam,current_stage_b,42,translate_32_left,translation,32,left,-32,0,1.0,c305e9d97b98e586351246127e43b49e9fc5a73f59508d6d314f4f0f1a6ad9a3,1313,0.1557137817144394,0.5004475712776184,0.05831163749098778,0.1557137817144394,-1.0,-1.0,0.07525773346424103,0.3241504430770874,0.35154637694358826,0.49234092235565186,0.008106648921966553,-0.016465519224320258
carnation_0025_0026,stage_b_fam,current_stage_b,42,translate_32_right,translation,32,right,32,0,1.0,c305e9d97b98e586351246127e43b49e9fc5a73f59508d6d314f4f0f1a6ad9a3,1313,0.14871543645858765,0.4746435880661011,0.05042082816362381,0.14871543645858765,-1.0,-1.0,0.07430317252874374,0.32094311714172363,0.35003817081451416,0.49234092235565186,-0.01769733428955078,0.035945284021641356
carnation_0025_0026,stage_b_fam,current_stage_b,42,translate_32_up,translation,32,up,0,-32,1.0,c305e9d97b98e586351246127e43b49e9fc5a73f59508d6d314f4f0f1a6ad9a3,1313,0.15648740530014038,0.49962547421455383,0.051317248493433,0.15648740530014038,-1.0,-1.0,0.07439862191677094,0.32224130630493164,0.35240548849105835,0.49234092235565186,0.0072845518589019775,-0.014795747272130759
carnation_0025_0026,stage_b_fam,current_stage_b,43,identity,identity,0,identity,0,0,1.0,6b643ad11b2c693d07bd46b19f2a2acfdabb619a693dc67bc09027a66e436a65,1313,0.12354373186826706,0.40049245953559875,0.03936316445469856,0.12354373186826706,-1.0,-1.0,0.06649484485387802,0.2941007912158966,0.32911416888237,0.40049245953559875,0.0,0.0
carnation_0025_0026,stage_b_fam,current_stage_b,43,scale_090,scale,,,0,0,0.9,6b643ad11b2c693d07bd46b19f2a2acfdabb619a693dc67bc09027a66e436a65,1313,0.11915364116430283,0.3888724744319916,0.039805375039577484,0.11915364116430283,-1.0,-1.0,0.06699121743440628,0.2892707288265228,0.3241695165634155,0.40049245953559875,-0.011619985103607178,0.029014241908777577
carnation_0025_0026,stage_b_fam,current_stage_b,43,scale_110,scale,,,0,0,1.1,6b643ad11b2c693d07bd46b19f2a2acfdabb619a693dc67bc09027a66e436a65,1313,0.13119396567344666,0.4258973300457001,0.04255922511219978,0.13119396567344666,-1.0,-1.0,0.06741122901439667,0.2949599027633667,0.3270905017852783,0.40049245953559875,0.02540487051010132,-0.06343407948194627
carnation_0025_0026,stage_b_fam,current_stage_b,43,translate_08_down,translation,8,down,0,8,1.0,6b643ad11b2c693d07bd46b19f2a2acfdabb619a693dc67bc09027a66e436a65,1313,0.12157635390758514,0.39616066217422485,0.03977149352431297,0.12157635390758514,-1.0,-1.0,0.06460481137037277,0.29251623153686523,0.326651394367218,0.40049245953559875,-0.004331797361373901,0.010816177079580843
carnation_0025_0026,stage_b_fam,current_stage_b,43,translate_08_left,translation,8,left,-8,0,1.0,6b643ad11b2c693d07bd46b19f2a2acfdabb619a693dc67bc09027a66e436a65,1313,0.12658613920211792,0.4090149998664856,0.04067164286971092,0.12658613920211792,-1.0,-1.0,0.06909125298261642,0.29717448353767395,0.32852232456207275,0.40049245953559875,0.00852254033088684,-0.02128015179304342
carnation_0025_0026,stage_b_fam,current_stage_b,43,translate_08_right,translation,8,right,8,0,1.0,6b643ad11b2c693d07bd46b19f2a2acfdabb619a693dc67bc09027a66e436a65,1313,0.1237284243106842,0.40278592705726624,0.039305832237005234,0.1237284243106842,-1.0,-1.0,0.06687667220830917,0.29425352811813354,0.32691866159439087,0.40049245953559875,0.0022934675216674805,-0.005726618484470167
carnation_0025_0026,stage_b_fam,current_stage_b,43,translate_08_up,translation,8,up,0,-8,1.0,6b643ad11b2c693d07bd46b19f2a2acfdabb619a693dc67bc09027a66e436a65,1313,0.12464670836925507,0.40453898906707764,0.03971293196082115,0.12464670836925507,-1.0,-1.0,0.06607484072446823,0.292611688375473,0.3274914026260376,0.40049245953559875,0.004046529531478882,-0.010103884443095729
carnation_0025_0026,stage_b_fam,current_stage_b,43,translate_16_down,translation,16,down,0,16,1.0,6b643ad11b2c693d07bd46b19f2a2acfdabb619a693dc67bc09027a66e436a65,1313,0.12168297171592712,0.39361897110939026,0.04117340222001076,0.12168297171592712,-1.0,-1.0,0.06471935659646988,0.29123711585998535,0.3263077437877655,0.40049245953559875,-0.006873488426208496,0.01716259136109285
carnation_0025_0026,stage_b_fam,current_stage_b,43,translate_16_left,translation,16,left,-16,0,1.0,6b643ad11b2c693d07bd46b19f2a2acfdabb619a693dc67bc09027a66e436a65,1313,0.1266569197177887,0.40430575609207153,0.04247348755598068,0.1266569197177887,-1.0,-1.0,0.0673348605632782,0.2924971282482147,0.32810232043266296,0.40049245953559875,0.0038132965564727783,-0.009521518984139136
carnation_0025_0026,stage_b_fam,current_stage_b,43,translate_16_right,translation,16,right,16,0,1.0,6b643ad11b2c693d07bd46b19f2a2acfdabb619a693dc67bc09027a66e436a65,1313,0.1220199316740036,0.40128210186958313,0.039929091930389404,0.1220199316740036,-1.0,-1.0,0.06657121330499649,0.2931080460548401,0.3251050114631653,0.40049245953559875,0.000789642333984375,-0.0019716784053812773
carnation_0025_0026,stage_b_fam,current_stage_b,43,translate_16_up,translation,16,up,0,-16,1.0,6b643ad11b2c693d07bd46b19f2a2acfdabb619a693dc67bc09027a66e436a65,1313,0.12584921717643738,0.40858709812164307,0.03890559449791908,0.12584921717643738,-1.0,-1.0,0.06693394482135773,0.29295533895492554,0.3269568681716919,0.40049245953559875,0.008094638586044312,-0.020211712838315746
carnation_0025_0026,stage_b_fam,current_stage_b,43,translate_32_down,translation,32,down,0,32,1.0,6b643ad11b2c693d07bd46b19f2a2acfdabb619a693dc67bc09027a66e436a65,1313,0.1219605803489685,0.3918048143386841,0.03960191458463669,0.1219605803489685,-1.0,-1.0,0.06693394482135773,0.2937762439250946,0.3285987079143524,0.40049245953559875,-0.008687645196914673,0.021692406411318338
carnation_0025_0026,stage_b_fam,current_stage_b,43,translate_32_left,translation,32,left,-32,0,1.0,6b643ad11b2c693d07bd46b19f2a2acfdabb619a693dc67bc09027a66e436a65,1313,0.13133126497268677,0.42430365085601807,0.04139550030231476,0.13133126497268677,-1.0,-1.0,0.06794577836990356,0.2988736033439636,0.33165329694747925,0.40049245953559875,0.02381119132041931,-0.059454780616918945
carnation_0025_0026,stage_b_fam,current_stage_b,43,translate_32_right,translation,32,right,32,0,1.0,6b643ad11b2c693d07bd46b19f2a2acfdabb619a693dc67bc09027a66e436a65,1313,0.1258724480867386,0.4034425616264343,0.04315038025379181,0.1258724480867386,-1.0,-1.0,0.06901489198207855,0.292936235666275,0.3266322910785675,0.40049245953559875,0.0029501020908355713,-0.007366186355309754
carnation_0025_0026,stage_b_fam,current_stage_b,43,translate_32_up,translation,32,up,0,-32,1.0,6b643ad11b2c693d07bd46b19f2a2acfdabb619a693dc67bc09027a66e436a65,1313,0.12722772359848022,0.40923282504081726,0.03955532982945442,0.12722772359848022,-1.0,-1.0,0.06729667633771896,0.2928789556026459,0.32625046372413635,0.40049245953559875,0.008740365505218506,-0.02182404511524042
carnation_0025_0026,stage_b_fam,current_stage_b,44,identity,identity,0,identity,0,0,1.0,0e89d6568c75de2c55149b178718ff8789cd8f2a1e43456974fa257750ce9b85,1313,0.11193999648094177,0.35282111167907715,0.03924166411161423,0.11193999648094177,-1.0,-1.0,0.06905307620763779,0.2889079749584198,0.30366551876068115,0.35282111167907715,0.0,0.0
carnation_0025_0026,stage_b_fam,current_stage_b,44,scale_090,scale,,,0,0,0.9,0e89d6568c75de2c55149b178718ff8789cd8f2a1e43456974fa257750ce9b85,1313,0.11142048239707947,0.3505581021308899,0.03988330438733101,0.11142048239707947,-1.0,-1.0,0.06735394895076752,0.2868461310863495,0.3043718934059143,0.35282111167907715,-0.002263009548187256,0.006414042338389514
carnation_0025_0026,stage_b_fam,current_stage_b,44,scale_110,scale,,,0,0,1.1,0e89d6568c75de2c55149b178718ff8789cd8f2a1e43456974fa257750ce9b85,1313,0.11215030401945114,0.3527052700519562,0.03932756930589676,0.11215030401945114,-1.0,-1.0,0.0680985078215599,0.2836388051509857,0.3000190854072571,0.35282111167907715,-0.00011584162712097168,0.00032832963585903603
carnation_0025_0026,stage_b_fam,current_stage_b,44,translate_08_down,translation,8,down,0,8,1.0,0e89d6568c75de2c55149b178718ff8789cd8f2a1e43456974fa257750ce9b85,1313,0.11222101747989655,0.3533676564693451,0.04067559912800789,0.11222101747989655,-1.0,-1.0,0.0690721645951271,0.28984344005584717,0.30528828501701355,0.35282111167907715,0.0005465447902679443,-0.0015490705407818013
carnation_0025_0026,stage_b_fam,current_stage_b,44,translate_08_left,translation,8,left,-8,0,1.0,0e89d6568c75de2c55149b178718ff8789cd8f2a1e43456974fa257750ce9b85,1313,0.11284419149160385,0.3549954891204834,0.04007534682750702,0.11284419149160385,-1.0,-1.0,0.0683085173368454,0.2902061939239502,0.30505919456481934,0.35282111167907715,0.00217437744140625,-0.006162832578408868
carnation_0025_0026,stage_b_fam,current_stage_b,44,translate_08_right,translation,8,right,8,0,1.0,0e89d6568c75de2c55149b178718ff8789cd8f2a1e43456974fa257750ce9b85,1313,0.10862649977207184,0.34543877840042114,0.037614546716213226,0.10862649977207184,-1.0,-1.0,0.069282166659832,0.2856815457344055,0.30162274837493896,0.35282111167907715,-0.007382333278656006,0.020923728865099515
carnation_0025_0026,stage_b_fam,current_stage_b,44,translate_08_up,translation,8,up,0,-8,1.0,0e89d6568c75de2c55149b178718ff8789cd8f2a1e43456974fa257750ce9b85,1313,0.11306334286928177,0.35843774676322937,0.04028307646512985,0.11306334286928177,-1.0,-1.0,0.0676594153046608,0.2913898527622223,0.30551737546920776,0.35282111167907715,0.005616635084152222,-0.015919214860535505
carnation_0025_0026,stage_b_fam,current_stage_b,44,translate_16_down,translation,16,down,0,16,1.0,0e89d6568c75de2c55149b178718ff8789cd8f2a1e43456974fa257750ce9b85,1313,0.11357764899730682,0.3526129424571991,0.04048793762922287,0.11357764899730682,-1.0,-1.0,0.06918670982122421,0.28755250573158264,0.30538374185562134,0.35282111167907715,-0.00020816922187805176,0.0005900135082262327
carnation_0025_0026,stage_b_fam,current_stage_b,44,translate_16_left,translation,16,left,-16,0,1.0,0e89d6568c75de2c55149b178718ff8789cd8f2a1e43456974fa257750ce9b85,1313,0.11399369686841965,0.35697829723358154,0.042350299656391144,0.11399369686841965,-1.0,-1.0,0.06638029962778091,0.2924971282482147,0.3074837625026703,0.35282111167907715,0.0041571855545043945,-0.0117827006856827
carnation_0025_0026,stage_b_fam,current_stage_b,44,translate_16_right,translation,16,right,16,0,1.0,0e89d6568c75de2c55149b178718ff8789cd8f2a1e43456974fa257750ce9b85,1313,0.10604824870824814,0.33635789155960083,0.03819448500871658,0.10604824870824814,-1.0,-1.0,0.0673348605632782,0.28138601779937744,0.2986445128917694,0.35282111167907715,-0.01646322011947632,0.046661663870191286
carnation_0025_0026,stage_b_fam,current_stage_b,44,translate_16_up,translation,16,up,0,-16,1.0,0e89d6568c75de2c55149b178718ff8789cd8f2a1e43456974fa257750ce9b85,1313,0.11320363730192184,0.3594556748867035,0.03766855597496033,0.11320363730192184,-1.0,-1.0,0.06788850575685501,0.28980526328086853,0.30450552701950073,0.35282111167907715,0.006634563207626343,-0.0188043260111404
carnation_0025_0026,stage_b_fam,current_stage_b,44,translate_32_down,translation,32,down,0,32,1.0,0e89d6568c75de2c55149b178718ff8789cd8f2a1e43456974fa257750ce9b85,1313,0.10907341539859772,0.33280521631240845,0.04066149890422821,0.10907341539859772,-1.0,-1.0,0.0644138976931572,0.28148147463798523,0.3050019145011902,0.35282111167907715,-0.0200158953666687,0.05673100249419025
carnation_0025_0026,stage_b_fam,current_stage_b,44,translate_32_left,translation,32,left,-32,0,1.0,0e89d6568c75de2c55149b178718ff8789cd8f2a1e43456974fa257750ce9b85,1313,0.11084361374378204,0.34995073080062866,0.04234332591295242,0.11084361374378204,-1.0,-1.0,0.06529209762811661,0.28829705715179443,0.30595648288726807,0.35282111167907715,-0.0028703808784484863,0.008135513390308
carnation_0025_0026,stage_b_fam,current_stage_b,44,translate_32_right,translation,32,right,32,0,1.0,0e89d6568c75de2c55149b178718ff8789cd8f2a1e43456974fa257750ce9b85,1313,0.10364726185798645,0.3271043300628662,0.03708784282207489,0.10364726185798645,-1.0,-1.0,0.06609392911195755,0.2767086625099182,0.29665902256965637,0.35282111167907715,-0.025716781616210938,0.07288901022340943
carnation_0025_0026,stage_b_fam,current_stage_b,44,translate_32_up,translation,32,up,0,-32,1.0,0e89d6568c75de2c55149b178718ff8789cd8f2a1e43456974fa257750ce9b85,1313,0.11143296211957932,0.34981781244277954,0.03887772932648659,0.11143296211957932,-1.0,-1.0,0.06596028804779053,0.28342878818511963,0.3021191358566284,0.35282111167907715,-0.0030032992362976074,0.00851224356163069
carnation_0025_0026,stage_b_rcra,current_stage_b,40,identity,identity,0,identity,0,0,1.0,304bb429c36adc87fa4f3512f8eca588fe657792455b8254e2bb1fea0002e2fd,1313,0.1347908228635788,0.4180785119533539,0.04508259519934654,0.1347908228635788,-1.0,-1.0,0.07210767269134521,0.3255631923675537,0.3529018759727478,0.4180785119533539,0.0,0.0
carnation_0025_0026,stage_b_rcra,current_stage_b,40,scale_090,scale,,,0,0,0.9,304bb429c36adc87fa4f3512f8eca588fe657792455b8254e2bb1fea0002e2fd,1313,0.13516709208488464,0.4166160225868225,0.047212742269039154,0.13516709208488464,-1.0,-1.0,0.07346315681934357,0.32972508668899536,0.3516227602958679,0.4180785119533539,-0.001462489366531372,0.0034981213449557674
carnation_0025_0026,stage_b_rcra,current_stage_b,40,scale_110,scale,,,0,0,1.1,304bb429c36adc87fa4f3512f8eca588fe657792455b8254e2bb1fea0002e2fd,1313,0.14052297174930573,0.4295915961265564,0.04978042095899582,0.14052297174930573,-1.0,-1.0,0.07426498830318451,0.32743412256240845,0.35196641087532043,0.4180785119533539,0.011513084173202515,-0.02753809115759353
carnation_0025_0026,stage_b_rcra,current_stage_b,40,translate_08_down,translation,8,down,0,8,1.0,304bb429c36adc87fa4f3512f8eca588fe657792455b8254e2bb1fea0002e2fd,1313,0.13714900612831116,0.42062774300575256,0.049704745411872864,0.13714900612831116,-1.0,-1.0,0.0731767863035202,0.32983964681625366,0.3523673117160797,0.4180785119533539,0.0025492310523986816,-0.006097493603505521
carnation_0025_0026,stage_b_rcra,current_stage_b,40,translate_08_left,translation,8,left,-8,0,1.0,304bb429c36adc87fa4f3512f8eca588fe657792455b8254e2bb1fea0002e2fd,1313,0.13869768381118774,0.4201003909111023,0.053409136831760406,0.13869768381118774,-1.0,-1.0,0.07304314523935318,0.3300114572048187,0.35620465874671936,0.4180785119533539,0.002021878957748413,-0.004836122641897461
carnation_0025_0026,stage_b_rcra,current_stage_b,40,translate_08_right,translation,8,right,8,0,1.0,304bb429c36adc87fa4f3512f8eca588fe657792455b8254e2bb1fea0002e2fd,1313,0.13364677131175995,0.410642147064209,0.04529546946287155,0.13364677131175995,-1.0,-1.0,0.07214585691690445,0.3241504430770874,0.352157324552536,0.4180785119533539,-0.0074363648891448975,0.01778700573344605
carnation_0025_0026,stage_b_rcra,current_stage_b,40,translate_08_up,translation,8,up,0,-8,1.0,304bb429c36adc87fa4f3512f8eca588fe657792455b8254e2bb1fea0002e2fd,1313,0.13477982580661774,0.41823503375053406,0.04688186198472977,0.13477982580661774,-1.0,-1.0,0.07310041785240173,0.3233104348182678,0.3508591055870056,0.4180785119533539,0.00015652179718017578,-0.0003743837406253477
carnation_0025_0026,stage_b_rcra,current_stage_b,40,translate_16_down,translation,16,down,0,16,1.0,304bb429c36adc87fa4f3512f8eca588fe657792455b8254e2bb1fea0002e2fd,1313,0.14250987768173218,0.43118128180503845,0.051640622317790985,0.14250987768173218,-1.0,-1.0,0.07571592181921005,0.3343069851398468,0.3553646504878998,0.4180785119533539,0.01310276985168457,-0.03134045275483204
carnation_0025_0026,stage_b_rcra,current_stage_b,40,translate_16_left,translation,16,left,-16,0,1.0,304bb429c36adc87fa4f3512f8eca588fe657792455b8254e2bb1fea0002e2fd,1313,0.1379091888666153,0.41862791776657104,0.04834555462002754,0.1379091888666153,-1.0,-1.0,0.07229858636856079,0.3294578194618225,0.3553646504878998,0.4180785119533539,0.0005494058132171631,-0.0013141211459307474
carnation_0025_0026,stage_b_rcra,current_stage_b,40,translate_16_right,translation,16,right,16,0,1.0,304bb429c36adc87fa4f3512f8eca588fe657792455b8254e2bb1fea0002e2fd,1313,0.13286931812763214,0.4072745442390442,0.04494905099272728,0.13286931812763214,-1.0,-1.0,0.07134402543306351,0.3233676850795746,0.35175639390945435,0.4180785119533539,-0.010803967714309692,0.025841958879520503
carnation_0025_0026,stage_b_rcra,current_stage_b,40,translate_16_up,translation,16,up,0,-16,1.0,304bb429c36adc87fa4f3512f8eca588fe657792455b8254e2bb1fea0002e2fd,1313,0.13650676608085632,0.4179343283176422,0.046872660517692566,0.13650676608085632,-1.0,-1.0,0.07206948846578598,0.32562047243118286,0.3493508994579315,0.4180785119533539,-0.00014418363571166992,0.0003448721510177899
carnation_0025_0026,stage_b_rcra,current_stage_b,40,translate_32_down,translation,32,down,0,32,1.0,304bb429c36adc87fa4f3512f8eca588fe657792455b8254e2bb1fea0002e2fd,1313,0.14348748326301575,0.42153966426849365,0.05671163648366928,0.14348748326301575,-1.0,-1.0,0.07659412175416946,0.33577701449394226,0.35967928171157837,0.4180785119533539,0.0034611523151397705,-0.008278713725248668
carnation_0025_0026,stage_b_rcra,current_stage_b,40,translate_32_left,translation,32,left,-32,0,1.0,304bb429c36adc87fa4f3512f8eca588fe657792455b8254e2bb1fea0002e2fd,1313,0.13680414855480194,0.40957871079444885,0.05334731191396713,0.13680414855480194,-1.0,-1.0,0.07189767062664032,0.32397863268852234,0.3528827726840973,0.4180785119533539,-0.00849980115890503,0.020330633878292637
carnation_0025_0026,stage_b_rcra,current_stage_b,40,translate_32_right,translation,32,right,32,0,1.0,304bb429c36adc87fa4f3512f8eca588fe657792455b8254e2bb1fea0002e2fd,1313,0.13217833638191223,0.40237584710121155,0.04746101796627045,0.13217833638191223,-1.0,-1.0,0.06979763507843018,0.32428407669067383,0.3511836528778076,0.4180785119533539,-0.015702664852142334,0.037559129214214004
carnation_0025_0026,stage_b_rcra,current_stage_b,40,translate_32_up,translation,32,up,0,-32,1.0,304bb429c36adc87fa4f3512f8eca588fe657792455b8254e2bb1fea0002e2fd,1313,0.1378813087940216,0.41895791888237,0.04753364995121956,0.1378813087940216,-1.0,-1.0,0.07216494530439377,0.32529592514038086,0.3486635982990265,0.4180785119533539,0.0008794069290161133,-0.002103449241883618
carnation_0025_0026,stage_b_rcra,current_stage_b,41,identity,identity,0,identity,0,0,1.0,e3f8e8af6223862f8ffe6ea0015591efd716c019300c7670040f67fad6ba3519,1313,0.160965695977211,0.5018120408058167,0.05603170767426491,0.160965695977211,-1.0,-1.0,0.07302405685186386,0.3101756274700165,0.33524245023727417,0.5018120408058167,0.0,0.0
carnation_0025_0026,stage_b_rcra,current_stage_b,41,scale_090,scale,,,0,0,0.9,e3f8e8af6223862f8ffe6ea0015591efd716c019300c7670040f67fad6ba3519,1313,0.16098971664905548,0.5056348443031311,0.05512383207678795,0.16098971664905548,-1.0,-1.0,0.07470408827066422,0.31057655811309814,0.33589157462120056,0.5018120408058167,0.003822803497314453,-0.007617998745458046
carnation_0025_0026,stage_b_rcra,current_stage_b,41,scale_110,scale,,,0,0,1.1,e3f8e8af6223862f8ffe6ea0015591efd716c019300c7670040f67fad6ba3519,1313,0.16287913918495178,0.5079340934753418,0.057827677577733994,0.16287913918495178,-1.0,-1.0,0.0760977491736412,0.3098892569541931,0.3343833386898041,0.5018120408058167,0.0061220526695251465,-0.012199891935024658
carnation_0025_0026,stage_b_rcra,current_stage_b,41,translate_08_down,translation,8,down,0,8,1.0,e3f8e8af6223862f8ffe6ea0015591efd716c019300c7670040f67fad6ba3519,1313,0.16248507797718048,0.5069750547409058,0.05680384114384651,0.16248507797718048,-1.0,-1.0,0.07449407875537872,0.31122565269470215,0.3357388377189636,0.5018120408058167,0.005163013935089111,-0.010288740634438092
carnation_0025_0026,stage_b_rcra,current_stage_b,41,translate_08_left,translation,8,left,-8,0,1.0,e3f8e8af6223862f8ffe6ea0015591efd716c019300c7670040f67fad6ba3519,1313,0.16207705438137054,0.5043107271194458,0.057470064610242844,0.16207705438137054,-1.0,-1.0,0.07426498830318451,0.31013745069503784,0.33545246720314026,0.5018120408058167,0.0024986863136291504,-0.004979327139334333
carnation_0025_0026,stage_b_rcra,current_stage_b,41,translate_08_right,translation,8,right,8,0,1.0,e3f8e8af6223862f8ffe6ea0015591efd716c019300c7670040f67fad6ba3519,1313,0.16081970930099487,0.5040979385375977,0.05517011508345604,0.16081970930099487,-1.0,-1.0,0.07430317252874374,0.3096601665019989,0.334860622882843,0.5018120408058167,0.002285897731781006,-0.004555286732678395
carnation_0025_0026,stage_b_rcra,current_stage_b,41,translate_08_up,translation,8,up,0,-8,1.0,e3f8e8af6223862f8ffe6ea0015591efd716c019300c7670040f67fad6ba3519,1313,0.16049766540527344,0.5033761858940125,0.054535262286663055,0.16049766540527344,-1.0,-1.0,0.0735013335943222,0.3079419732093811,0.33253151178359985,0.5018120408058167,0.0015641450881958008,-0.0031169939359846272
carnation_0025_0026,stage_b_rcra,current_stage_b,41,translate_16_down,translation,16,down,0,16,1.0,e3f8e8af6223862f8ffe6ea0015591efd716c019300c7670040f67fad6ba3519,1313,0.16333816945552826,0.5084108710289001,0.057636816054582596,0.16333816945552826,-1.0,-1.0,0.07581137865781784,0.31145474314689636,0.33621612191200256,0.5018120408058167,0.006598830223083496,-0.013150003759349823
carnation_0025_0026,stage_b_rcra,current_stage_b,41,translate_16_left,translation,16,left,-16,0,1.0,e3f8e8af6223862f8ffe6ea0015591efd716c019300c7670040f67fad6ba3519,1313,0.16263464093208313,0.5039269328117371,0.057792648673057556,0.16263464093208313,-1.0,-1.0,0.07464680820703506,0.30872470140457153,0.3338678777217865,0.5018120408058167,0.00211489200592041,-0.004214510282623525
carnation_0025_0026,stage_b_rcra,current_stage_b,41,translate_16_right,translation,16,right,16,0,1.0,e3f8e8af6223862f8ffe6ea0015591efd716c019300c7670040f67fad6ba3519,1313,0.16098898649215698,0.5037611722946167,0.05511530861258507,0.16098898649215698,-1.0,-1.0,0.07481863349676132,0.30798014998435974,0.33382970094680786,0.5018120408058167,0.0019491314888000488,-0.003884186369203311
carnation_0025_0026,stage_b_rcra,current_stage_b,41,translate_16_up,translation,16,up,0,-16,1.0,e3f8e8af6223862f8ffe6ea0015591efd716c019300c7670040f67fad6ba3519,1313,0.15883783996105194,0.5009344816207886,0.053356170654296875,0.15883783996105194,-1.0,-1.0,0.07363497465848923,0.3065292239189148,0.33304697275161743,0.5018120408058167,-0.0008775591850280762,0.0017487806462732135
carnation_0025_0026,stage_b_rcra,current_stage_b,41,translate_32_down,translation,32,down,0,32,1.0,e3f8e8af6223862f8ffe6ea0015591efd716c019300c7670040f67fad6ba3519,1313,0.1645924150943756,0.5103684663772583,0.0568026602268219,0.1645924150943756,-1.0,-1.0,0.0754486471414566,0.31198930740356445,0.33705613017082214,0.5018120408058167,0.00855642557144165,-0.017051056721759057
carnation_0025_0026,stage_b_rcra,current_stage_b,41,translate_32_left,translation,32,left,-32,0,1.0,e3f8e8af6223862f8ffe6ea0015591efd716c019300c7670040f67fad6ba3519,1313,0.16263996064662933,0.5078560709953308,0.055358100682497025,0.16263996064662933,-1.0,-1.0,0.07583046704530716,0.3086865246295929,0.33186331391334534,0.5018120408058167,0.00604403018951416,-0.012044410452584146
carnation_0025_0026,stage_b_rcra,current_stage_b,41,translate_32_right,translation,32,right,32,0,1.0,e3f8e8af6223862f8ffe6ea0015591efd716c019300c7670040f67fad6ba3519,1313,0.16225239634513855,0.5095368027687073,0.057168032974004745,0.16225239634513855,-1.0,-1.0,0.07634593546390533,0.3085719645023346,0.33308514952659607,0.5018120408058167,0.007724761962890625,-0.015393735771039085
carnation_0025_0026,stage_b_rcra,current_stage_b,41,translate_32_up,translation,32,up,0,-32,1.0,e3f8e8af6223862f8ffe6ea0015591efd716c019300c7670040f67fad6ba3519,1313,0.16500359773635864,0.5181530714035034,0.05574249103665352,0.16500359773635864,-1.0,-1.0,0.07508590817451477,0.31082475185394287,0.3357388377189636,0.5018120408058167,0.016341030597686768,-0.03256404643349354
carnation_0025_0026,stage_b_rcra,current_stage_b,42,identity,identity,0,identity,0,0,1.0,177bf17ec9f3d77aa90c200e4e2bea899141d3eaa61df63662f3777760258101,1313,0.15031732618808746,0.462533563375473,0.05184893310070038,0.15031732618808746,-1.0,-1.0,0.06527300179004669,0.31880488991737366,0.3340587913990021,0.462533563375473,0.0,0.0
carnation_0025_0026,stage_b_rcra,current_stage_b,42,scale_090,scale,,,0,0,0.9,177bf17ec9f3d77aa90c200e4e2bea899141d3eaa61df63662f3777760258101,1313,0.14678174257278442,0.45267558097839355,0.047281406819820404,0.14678174257278442,-1.0,-1.0,0.06897670775651932,0.31807941198349,0.3318442106246948,0.462533563375473,-0.009857982397079468,0.02131300986059904
carnation_0025_0026,stage_b_rcra,current_stage_b,42,scale_110,scale,,,0,0,1.1,177bf17ec9f3d77aa90c200e4e2bea899141d3eaa61df63662f3777760258101,1313,0.15332083404064178,0.463257372379303,0.056618861854076385,0.15332083404064178,-1.0,-1.0,0.0645284429192543,0.3161320984363556,0.328789621591568,0.462533563375473,0.0007238090038299561,-0.0015648788782975005
carnation_0025_0026,stage_b_rcra,current_stage_b,42,translate_08_down,translation,8,down,0,8,1.0,177bf17ec9f3d77aa90c200e4e2bea899141d3eaa61df63662f3777760258101,1313,0.15243013203144073,0.46487975120544434,0.05508194491267204,0.15243013203144073,-1.0,-1.0,0.06639938801527023,0.320904940366745,0.3348415493965149,0.462533563375473,0.0023461878299713135,-0.005072470444845832
carnation_0025_0026,stage_b_rcra,current_stage_b,42,translate_08_left,translation,8,left,-8,0,1.0,177bf17ec9f3d77aa90c200e4e2bea899141d3eaa61df63662f3777760258101,1313,0.14949865639209747,0.4588810205459595,0.05352389067411423,0.14949865639209747,-1.0,-1.0,0.06487208604812622,0.31899580359458923,0.3325696885585785,0.462533563375473,-0.00365254282951355,0.007896816833913755
carnation_0025_0026,stage_b_rcra,current_stage_b,42,translate_08_right,translation,8,right,8,0,1.0,177bf17ec9f3d77aa90c200e4e2bea899141d3eaa61df63662f3777760258101,1313,0.15116792917251587,0.461151123046875,0.05340565741062164,0.15116792917251587,-1.0,-1.0,0.06607484072446823,0.31890034675598145,0.33308514952659607,0.462533563375473,-0.0013824403285980225,0.0029888432711980134
carnation_0025_0026,stage_b_rcra,current_stage_b,42,translate_08_up,translation,8,up,0,-8,1.0,177bf17ec9f3d77aa90c200e4e2bea899141d3eaa61df63662f3777760258101,1313,0.15052781999111176,0.46275094151496887,0.05045084282755852,0.15052781999111176,-1.0,-1.0,0.06575028598308563,0.31869032979011536,0.33361971378326416,0.462533563375473,0.0002173781394958496,-0.0004699726824351286
carnation_0025_0026,stage_b_rcra,current_stage_b,42,translate_16_down,translation,16,down,0,16,1.0,177bf17ec9f3d77aa90c200e4e2bea899141d3eaa61df63662f3777760258101,1313,0.15370242297649384,0.46236056089401245,0.05609796941280365,0.15370242297649384,-1.0,-1.0,0.06588392704725266,0.31977853178977966,0.3333142399787903,0.462533563375473,-0.0001730024814605713,0.00037403227605373206
carnation_0025_0026,stage_b_rcra,current_stage_b,42,translate_16_left,translation,16,left,-16,0,1.0,177bf17ec9f3d77aa90c200e4e2bea899141d3eaa61df63662f3777760258101,1313,0.1491376906633377,0.45878586173057556,0.0504366010427475,0.1491376906633377,-1.0,-1.0,0.06428025662899017,0.31792667508125305,0.33125239610671997,0.462533563375473,-0.003747701644897461,0.008102550693937796
carnation_0025_0026,stage_b_rcra,current_stage_b,42,translate_16_right,translation,16,right,16,0,1.0,177bf17ec9f3d77aa90c200e4e2bea899141d3eaa61df63662f3777760258101,1313,0.15051135420799255,0.4640003740787506,0.0518084317445755,0.15051135420799255,-1.0,-1.0,0.06737304478883743,0.3186521530151367,0.3324742317199707,0.462533563375473,0.0014668107032775879,-0.0031712524656007895
carnation_0025_0026,stage_b_rcra,current_stage_b,42,translate_16_up,translation,16,up,0,-16,1.0,177bf17ec9f3d77aa90c200e4e2bea899141d3eaa61df63662f3777760258101,1313,0.15112867951393127,0.4674827754497528,0.05112411454319954,0.15112867951393127,-1.0,-1.0,0.06567392498254776,0.3194921612739563,0.3336387872695923,0.462533563375473,0.004949212074279785,-0.010700222570144904
carnation_0025_0026,stage_b_rcra,current_stage_b,42,translate_32_down,translation,32,down,0,32,1.0,177bf17ec9f3d77aa90c200e4e2bea899141d3eaa61df63662f3777760258101,1313,0.15242062509059906,0.455902099609375,0.05670759454369545,0.15242062509059906,-1.0,-1.0,0.06685757637023926,0.31977853178977966,0.333562433719635,0.462533563375473,-0.0066314637660980225,0.014337259587613468
carnation_0025_0026,stage_b_rcra,current_stage_b,42,translate_32_left,translation,32,left,-32,0,1.0,177bf17ec9f3d77aa90c200e4e2bea899141d3eaa61df63662f3777760258101,1313,0.15032856166362762,0.46016746759414673,0.0555606484413147,0.15032856166362762,-1.0,-1.0,0.062466591596603394,0.31502482295036316,0.3288086950778961,0.462533563375473,-0.002366095781326294,0.005115511540522644
carnation_0025_0026,stage_b_rcra,current_stage_b,42,translate_32_right,translation,32,right,32,0,1.0,177bf17ec9f3d77aa90c200e4e2bea899141d3eaa61df63662f3777760258101,1313,0.15050485730171204,0.46493542194366455,0.050670720636844635,0.15050485730171204,-1.0,-1.0,0.06876670569181442,0.3186139762401581,0.33113783597946167,0.462533563375473,0.0024018585681915283,-0.005192830874073803
carnation_0025_0026,stage_b_rcra,current_stage_b,42,translate_32_up,translation,32,up,0,-32,1.0,177bf17ec9f3d77aa90c200e4e2bea899141d3eaa61df63662f3777760258101,1313,0.1528969556093216,0.47443336248397827,0.05218421667814255,0.1528969556093216,-1.0,-1.0,0.06695303320884705,0.32029399275779724,0.3343260884284973,0.462533563375473,0.011899799108505249,-0.025727428344146548
carnation_0025_0026,stage_b_rcra,current_stage_b,43,identity,identity,0,identity,0,0,1.0,bff3756eca0f76f3df37a5a8b90e5d62dc8ea408e30cb597e5944da40b234a41,1313,0.0647357776761055,0.22951796650886536,0.015152780339121819,0.0647357776761055,-1.0,-1.0,0.035414278507232666,0.15666285157203674,0.17959144711494446,0.22951796650886536,0.0,0.0
carnation_0025_0026,stage_b_rcra,current_stage_b,43,scale_090,scale,,,0,0,0.9,bff3756eca0f76f3df37a5a8b90e5d62dc8ea408e30cb597e5944da40b234a41,1313,0.06333758682012558,0.22573678195476532,0.012780108489096165,0.06333758682012558,-1.0,-1.0,0.03400152549147606,0.15320733189582825,0.17518137395381927,0.22951796650886536,-0.0037811845541000366,0.016474459980691684
carnation_0025_0026,stage_b_rcra,current_stage_b,43,scale_110,scale,,,0,0,1.1,bff3756eca0f76f3df37a5a8b90e5d62dc8ea408e30cb597e5944da40b234a41,1313,0.060963209718465805,0.21315722167491913,0.01600305177271366,0.060963209718465805,-1.0,-1.0,0.03413516655564308,0.1460099220275879,0.16985490918159485,0.22951796650886536,-0.016360744833946228,0.07128306808745745
carnation_0025_0026,stage_b_rcra,current_stage_b,43,translate_08_down,translation,8,down,0,8,1.0,bff3756eca0f76f3df37a5a8b90e5d62dc8ea408e30cb597e5944da40b234a41,1313,0.06787873059511185,0.23742765188217163,0.015735551714897156,0.06787873059511185,-1.0,-1.0,0.03629247844219208,0.157808318734169,0.18140511214733124,0.22951796650886536,0.007909685373306274,-0.03446216212882295
carnation_0025_0026,stage_b_rcra,current_stage_b,43,translate_08_left,translation,8,left,-8,0,1.0,bff3756eca0f76f3df37a5a8b90e5d62dc8ea408e30cb597e5944da40b234a41,1313,0.06529709696769714,0.23086494207382202,0.015321647748351097,0.06529709696769714,-1.0,-1.0,0.03495609015226364,0.15525010228157043,0.1772432178258896,0.22951796650886536,0.001346975564956665,-0.00586871514001775
carnation_0025_0026,stage_b_rcra,current_stage_b,43,translate_08_right,translation,8,right,8,0,1.0,bff3756eca0f76f3df37a5a8b90e5d62dc8ea408e30cb597e5944da40b234a41,1313,0.06363532692193985,0.22322580218315125,0.0161591749638319,0.06363532692193985,-1.0,-1.0,0.03522336855530739,0.15538373589515686,0.17831233143806458,0.22951796650886536,-0.006292164325714111,0.027414691849280873
carnation_0025_0026,stage_b_rcra,current_stage_b,43,translate_08_up,translation,8,up,0,-8,1.0,bff3756eca0f76f3df37a5a8b90e5d62dc8ea408e30cb597e5944da40b234a41,1313,0.06229456141591072,0.22137178480625153,0.015165051445364952,0.06229456141591072,-1.0,-1.0,0.035834286361932755,0.15351279079914093,0.17688049376010895,0.22951796650886536,-0.00814618170261383,0.035492566558179124
carnation_0025_0026,stage_b_rcra,current_stage_b,43,translate_16_down,translation,16,down,0,16,1.0,bff3756eca0f76f3df37a5a8b90e5d62dc8ea408e30cb597e5944da40b234a41,1313,0.06948938220739365,0.24164368212223053,0.017025675624608994,0.06948938220739365,-1.0,-1.0,0.0367506667971611,0.16074837744235992,0.18281787633895874,0.22951796650886536,0.012125715613365173,-0.05283122623385915
carnation_0025_0026,stage_b_rcra,current_stage_b,43,translate_16_left,translation,16,left,-16,0,1.0,bff3756eca0f76f3df37a5a8b90e5d62dc8ea408e30cb597e5944da40b234a41,1313,0.06438981741666794,0.22899530827999115,0.013414960354566574,0.06438981741666794,-1.0,-1.0,0.035662464797496796,0.1532646119594574,0.1744368076324463,0.22951796650886536,-0.0005226582288742065,0.00227719963201233
carnation_0025_0026,stage_b_rcra,current_stage_b,43,translate_16_right,translation,16,right,16,0,1.0,bff3756eca0f76f3df37a5a8b90e5d62dc8ea408e30cb597e5944da40b234a41,1313,0.06100840121507645,0.21537311375141144,0.014422026462852955,0.06100840121507645,-1.0,-1.0,0.03457426652312279,0.1512218415737152,0.17493318021297455,0.22951796650886536,-0.014144852757453918,0.06162852073241752
carnation_0025_0026,stage_b_rcra,current_stage_b,43,translate_16_up,translation,16,up,0,-16,1.0,bff3756eca0f76f3df37a5a8b90e5d62dc8ea408e30cb597e5944da40b234a41,1313,0.05959170311689377,0.2105993777513504,0.013681581243872643,0.05959170311689377,-1.0,-1.0,0.03491790592670441,0.14917907118797302,0.17115311324596405,0.22951796650886536,-0.018918588757514954,0.08242748506916649
carnation_0025_0026,stage_b_rcra,current_stage_b,43,translate_32_down,translation,32,down,0,32,1.0,bff3756eca0f76f3df37a5a8b90e5d62dc8ea408e30cb597e5944da40b234a41,1313,0.0678897351026535,0.23175564408302307,0.017780035734176636,0.0678897351026535,-1.0,-1.0,0.03690339997410774,0.15853379666805267,0.1811569333076477,0.22951796650886536,0.002237677574157715,-0.009749465840057809
carnation_0025_0026,stage_b_rcra,current_stage_b,43,translate_32_left,translation,32,left,-32,0,1.0,bff3756eca0f76f3df37a5a8b90e5d62dc8ea408e30cb597e5944da40b234a41,1313,0.05795397609472275,0.20627671480178833,0.013948411680758,0.05795397609472275,-1.0,-1.0,0.03430698812007904,0.1435280591249466,0.1652730107307434,0.22951796650886536,-0.023241251707077026,0.10126114334574025
carnation_0025_0026,stage_b_rcra,current_stage_b,43,translate_32_right,translation,32,right,32,0,1.0,bff3756eca0f76f3df37a5a8b90e5d62dc8ea408e30cb597e5944da40b234a41,1313,0.05638414993882179,0.19893838465213776,0.012846861965954304,0.05638414993882179,-1.0,-1.0,0.03400152549147606,0.14221076667308807,0.16641847789287567,0.22951796650886536,-0.0305795818567276,0.13323393511133444
carnation_0025_0026,stage_b_rcra,current_stage_b,43,translate_32_up,translation,32,up,0,-32,1.0,bff3756eca0f76f3df37a5a8b90e5d62dc8ea408e30cb597e5944da40b234a41,1313,0.05561048910021782,0.19691555202007294,0.01420813612639904,0.05561048910021782,-1.0,-1.0,0.034364260733127594,0.14232531189918518,0.1646048128604889,0.22951796650886536,-0.03260241448879242,0.1420473306935347
carnation_0025_0026,stage_b_rcra,current_stage_b,44,identity,identity,0,identity,0,0,1.0,604eb7ee24f2118ff6c850cf168ad3002cdf7d56ada427479ce73d0ea67d7a0e,1313,0.1445554494857788,0.46366697549819946,0.04871270805597305,0.1445554494857788,-1.0,-1.0,0.0741504356265068,0.3372279405593872,0.36063382029533386,0.46366697549819946,0.0,0.0
carnation_0025_0026,stage_b_rcra,current_stage_b,44,scale_090,scale,,,0,0,0.9,604eb7ee24f2118ff6c850cf168ad3002cdf7d56ada427479ce73d0ea67d7a0e,1313,0.14751479029655457,0.4771517813205719,0.04988843575119972,0.14751479029655457,-1.0,-1.0,0.07365406304597855,0.3399389088153839,0.36483389139175415,0.46366697549819946,0.013484805822372437,-0.029082955084052134
carnation_0025_0026,stage_b_rcra,current_stage_b,44,scale_110,scale,,,0,0,1.1,604eb7ee24f2118ff6c850cf168ad3002cdf7d56ada427479ce73d0ea67d7a0e,1313,0.14340034127235413,0.4615902304649353,0.047647975385189056,0.14340034127235413,-1.0,-1.0,0.07562046498060226,0.3312905728816986,0.35229095816612244,0.46366697549819946,-0.00207674503326416,0.004478958267477958
carnation_0025_0026,stage_b_rcra,current_stage_b,44,translate_08_down,translation,8,down,0,8,1.0,604eb7ee24f2118ff6c850cf168ad3002cdf7d56ada427479ce73d0ea67d7a0e,1313,0.1515287309885025,0.4843008816242218,0.05269308760762215,0.1515287309885025,-1.0,-1.0,0.07437953352928162,0.34041619300842285,0.3670866787433624,0.46366697549819946,0.02063390612602234,-0.044501565167223055
carnation_0025_0026,stage_b_rcra,current_stage_b,44,translate_08_left,translation,8,left,-8,0,1.0,604eb7ee24f2118ff6c850cf168ad3002cdf7d56ada427479ce73d0ea67d7a0e,1313,0.14455679059028625,0.46500882506370544,0.04966425523161888,0.14455679059028625,-1.0,-1.0,0.07321497052907944,0.3358151912689209,0.36042383313179016,0.46366697549819946,0.0013418495655059814,-0.0028939942597037346
carnation_0025_0026,stage_b_rcra,current_stage_b,44,translate_08_right,translation,8,right,8,0,1.0,604eb7ee24f2118ff6c850cf168ad3002cdf7d56ada427479ce73d0ea67d7a0e,1313,0.14328503608703613,0.46136870980262756,0.0475589856505394,0.14328503608703613,-1.0,-1.0,0.07355861365795135,0.3335433304309845,0.3563764691352844,0.46366697549819946,-0.0022982656955718994,0.004956716387019942
carnation_0025_0026,stage_b_rcra,current_stage_b,44,translate_08_up,translation,8,up,0,-8,1.0,604eb7ee24f2118ff6c850cf168ad3002cdf7d56ada427479ce73d0ea67d7a0e,1313,0.14435306191444397,0.46480315923690796,0.04776109382510185,0.14435306191444397,-1.0,-1.0,0.07428407669067383,0.33466970920562744,0.3586483299732208,0.46366697549819946,0.001136183738708496,-0.0024504305864951736
carnation_0025_0026,stage_b_rcra,current_stage_b,44,translate_16_down,translation,16,down,0,16,1.0,604eb7ee24f2118ff6c850cf168ad3002cdf7d56ada427479ce73d0ea67d7a0e,1313,0.152523934841156,0.48651495575904846,0.054896123707294464,0.152523934841156,-1.0,-1.0,0.07655593752861023,0.3405880033969879,0.36699122190475464,0.46366697549819946,0.022847980260849,-0.049276703902190515
carnation_0025_0026,stage_b_rcra,current_stage_b,44,translate_16_left,translation,16,left,-16,0,1.0,604eb7ee24f2118ff6c850cf168ad3002cdf7d56ada427479ce73d0ea67d7a0e,1313,0.1446390002965927,0.46336105465888977,0.0490284264087677,0.1446390002965927,-1.0,-1.0,0.07311951369047165,0.3367888629436493,0.3609774708747864,0.46366697549819946,-0.0003059208393096924,0.0006597856985199076
carnation_0025_0026,stage_b_rcra,current_stage_b,44,translate_16_right,translation,16,right,16,0,1.0,604eb7ee24f2118ff6c850cf168ad3002cdf7d56ada427479ce73d0ea67d7a0e,1313,0.14347386360168457,0.4647795855998993,0.04896989464759827,0.14347386360168457,-1.0,-1.0,0.07376861572265625,0.33276060223579407,0.35555556416511536,0.46366697549819946,0.001112610101699829,-0.002399588843920478
carnation_0025_0026,stage_b_rcra,current_stage_b,44,translate_16_up,translation,16,up,0,-16,1.0,604eb7ee24f2118ff6c850cf168ad3002cdf7d56ada427479ce73d0ea67d7a0e,1313,0.14908301830291748,0.4791378974914551,0.05061834305524826,0.14908301830291748,-1.0,-1.0,0.07558228075504303,0.3365788459777832,0.3615693151950836,0.46366697549819946,0.015470921993255615,-0.033366452240064036
carnation_0025_0026,stage_b_rcra,current_stage_b,44,translate_32_down,translation,32,down,0,32,1.0,604eb7ee24f2118ff6c850cf168ad3002cdf7d56ada427479ce73d0ea67d7a0e,1313,0.15030719339847565,0.4799283444881439,0.05117114633321762,0.15030719339847565,-1.0,-1.0,0.07659412175416946,0.33879342675209045,0.36344024538993835,0.46366697549819946,0.016261368989944458,-0.03507122536055537
carnation_0025_0026,stage_b_rcra,current_stage_b,44,translate_32_left,translation,32,left,-32,0,1.0,604eb7ee24f2118ff6c850cf168ad3002cdf7d56ada427479ce73d0ea67d7a0e,1313,0.14494334161281586,0.4665868580341339,0.05015825480222702,0.14494334161281586,-1.0,-1.0,0.07462771981954575,0.33621612191200256,0.35924017429351807,0.46366697549819946,0.0029198825359344482,-0.006297370074280364
carnation_0025_0026,stage_b_rcra,current_stage_b,44,translate_32_right,translation,32,right,32,0,1.0,604eb7ee24f2118ff6c850cf168ad3002cdf7d56ada427479ce73d0ea67d7a0e,1313,0.14208261668682098,0.45764976739883423,0.04818502813577652,0.14208261668682098,-1.0,-1.0,0.07476136088371277,0.3309469223022461,0.352157324552536,0.46366697549819946,-0.006017208099365234,0.012977435136284793
carnation_0025_0026,stage_b_rcra,current_stage_b,44,translate_32_up,translation,32,up,0,-32,1.0,604eb7ee24f2118ff6c850cf168ad3002cdf7d56ada427479ce73d0ea67d7a0e,1313,0.148058220744133,0.4770745635032654,0.05157751962542534,0.148058220744133,-1.0,-1.0,0.07556319236755371,0.33867889642715454,0.3613020181655884,0.46366697549819946,0.013407588005065918,-0.028916417846364353
fhl_0407_0408,historical_additive,historical_locked,40,identity,identity,0,identity,0,0,1.0,6ba15c08d2687aaf78457fcb14631ecbd793892b33dfec1f451c34a15090b105,1035,0.08999904245138168,0.24956393241882324,0.035110604017972946,0.08999904245138168,-1.0,-1.0,0.09732937812805176,0.26275965571403503,0.3262116611003876,0.24956393241882324,0.0,0.0
fhl_0407_0408,historical_additive,historical_locked,40,scale_090,scale,,,0,0,0.9,6ba15c08d2687aaf78457fcb14631ecbd793892b33dfec1f451c34a15090b105,1035,0.087774857878685,0.2701200842857361,0.02389024943113327,0.087774857878685,-1.0,-1.0,0.08813056349754333,0.2579624056816101,0.3192383646965027,0.24956393241882324,0.020556151866912842,-0.08236828001417726
fhl_0407_0408,historical_additive,historical_locked,40,scale_110,scale,,,0,0,1.1,6ba15c08d2687aaf78457fcb14631ecbd793892b33dfec1f451c34a15090b105,1035,0.08798589557409286,0.2269696146249771,0.04453353211283684,0.08798589557409286,-1.0,-1.0,0.10331355035305023,0.2755192816257477,0.33011868596076965,0.24956393241882324,-0.02259431779384613,0.09053518901893198
fhl_0407_0408,historical_additive,historical_locked,40,translate_08_down,translation,8,down,0,8,1.0,6ba15c08d2687aaf78457fcb14631ecbd793892b33dfec1f451c34a15090b105,1035,0.095560722053051,0.2701714038848877,0.03583735227584839,0.095560722053051,-1.0,-1.0,0.09683481603860855,0.2826904058456421,0.33916914463043213,0.24956393241882324,0.020607471466064453,-0.0825739170974457
fhl_0407_0408,historical_additive,historical_locked,40,translate_08_left,translation,8,left,-8,0,1.0,6ba15c08d2687aaf78457fcb14631ecbd793892b33dfec1f451c34a15090b105,1035,0.10152892768383026,0.25882476568222046,0.04123726114630699,0.10152892768383026,-1.0,-1.0,0.09530168026685715,0.2787339389324188,0.33808112144470215,0.24956393241882324,0.009260833263397217,-0.03710805954065309
fhl_0407_0408,historical_additive,historical_locked,40,translate_08_right,translation,8,right,8,0,1.0,6ba15c08d2687aaf78457fcb14631ecbd793892b33dfec1f451c34a15090b105,1035,0.09306630492210388,0.2498587816953659,0.03603626415133476,0.09306630492210388,-1.0,-1.0,0.09638971090316772,0.2733432352542877,0.33635014295578003,0.24956393241882324,0.0002948492765426636,-0.0011814578881047665
fhl_0407_0408,historical_additive,historical_locked,40,translate_08_up,translation,8,up,0,-8,1.0,6ba15c08d2687aaf78457fcb14631ecbd793892b33dfec1f451c34a15090b105,1035,0.0912434458732605,0.24317899346351624,0.04069605469703674,0.0912434458732605,-1.0,-1.0,0.10153313726186752,0.2695351243019104,0.3262116611003876,0.24956393241882324,-0.006384938955307007,0.025584381899351038
fhl_0407_0408,historical_additive,historical_locked,40,translate_16_down,translation,16,down,0,16,1.0,6ba15c08d2687aaf78457fcb14631ecbd793892b33dfec1f451c34a15090b105,1035,0.09765277057886124,0.30260512232780457,0.02533652074635029,0.09765277057886124,-1.0,-1.0,0.09391691535711288,0.2847180962562561,0.3385262191295624,0.24956393241882324,0.05304118990898132,-0.21253547896483105
fhl_0407_0408,historical_additive,historical_locked,40,translate_16_left,translation,16,left,-16,0,1.0,6ba15c08d2687aaf78457fcb14631ecbd793892b33dfec1f451c34a15090b105,1035,0.09275614470243454,0.24625924229621887,0.03738684952259064,0.09275614470243454,-1.0,-1.0,0.09856577962636948,0.28204748034477234,0.3366468846797943,0.24956393241882324,-0.00330469012260437,0.013241857870144362
fhl_0407_0408,historical_additive,historical_locked,40,translate_16_right,translation,16,right,16,0,1.0,6ba15c08d2687aaf78457fcb14631ecbd793892b33dfec1f451c34a15090b105,1035,0.08181096613407135,0.2373100370168686,0.027549872174859047,0.08181096613407135,-1.0,-1.0,0.09109792113304138,0.26142433285713196,0.3259149491786957,0.24956393241882324,-0.012253895401954651,0.049101227421717
fhl_0407_0408,historical_additive,historical_locked,40,translate_16_up,translation,16,up,0,-16,1.0,6ba15c08d2687aaf78457fcb14631ecbd793892b33dfec1f451c34a15090b105,1035,0.10342583805322647,0.25743499398231506,0.04757385328412056,0.10342583805322647,-1.0,-1.0,0.10736893862485886,0.27616220712661743,0.32932740449905396,0.24956393241882324,0.007871061563491821,-0.031539259247936706
fhl_0407_0408,historical_additive,historical_locked,40,translate_32_down,translation,32,down,0,32,1.0,6ba15c08d2687aaf78457fcb14631ecbd793892b33dfec1f451c34a15090b105,1035,0.107625812292099,0.2958599328994751,0.049048759043216705,0.107625812292099,-1.0,-1.0,0.10202769190073013,0.2945103943347931,0.34629079699516296,0.24956393241882324,0.046296000480651855,-0.18550757728467338
fhl_0407_0408,historical_additive,historical_locked,40,translate_32_left,translation,32,left,-32,0,1.0,6ba15c08d2687aaf78457fcb14631ecbd793892b33dfec1f451c34a15090b105,1035,0.08696448802947998,0.2310739904642105,0.038752708584070206,0.08696448802947998,-1.0,-1.0,0.10356082767248154,0.27398616075515747,0.3320474922657013,0.24956393241882324,-0.018489941954612732,0.07408899906090011
fhl_0407_0408,historical_additive,historical_locked,40,translate_32_right,translation,32,right,32,0,1.0,6ba15c08d2687aaf78457fcb14631ecbd793892b33dfec1f451c34a15090b105,1035,0.10019919276237488,0.2645934522151947,0.038178712129592896,0.10019919276237488,-1.0,-1.0,0.09985163062810898,0.2867457866668701,0.3402571678161621,0.24956393241882324,0.01502951979637146,-0.06022312459457729
fhl_0407_0408,historical_additive,historical_locked,40,translate_32_up,translation,32,up,0,-32,1.0,6ba15c08d2687aaf78457fcb14631ecbd793892b33dfec1f451c34a15090b105,1035,0.08903231471776962,0.2406323105096817,0.040869276970624924,0.08903231471776962,-1.0,-1.0,0.1077645868062973,0.26374876499176025,0.31241345405578613,0.24956393241882324,-0.00893162190914154,0.03578891317577218
fhl_0407_0408,historical_additive,historical_locked,41,identity,identity,0,identity,0,0,1.0,f77123085e68ed55bec4ee2c36ef23727e5823238a80f0b4190c351d9d22f4cf,1035,0.12211628258228302,0.3624364733695984,0.04124229773879051,0.12211628258228302,-1.0,-1.0,0.09678535908460617,0.30924826860427856,0.3855094015598297,0.3624364733695984,0.0,0.0
fhl_0407_0408,historical_additive,historical_locked,41,scale_090,scale,,,0,0,0.9,f77123085e68ed55bec4ee2c36ef23727e5823238a80f0b4190c351d9d22f4cf,1035,0.1237548291683197,0.37006130814552307,0.04222626984119415,0.1237548291683197,-1.0,-1.0,0.09831849485635757,0.3068249225616455,0.385806143283844,0.3624364733695984,0.007624834775924683,-0.021037713740662014
fhl_0407_0408,historical_additive,historical_locked,41,scale_110,scale,,,0,0,1.1,f77123085e68ed55bec4ee2c36ef23727e5823238a80f0b4190c351d9d22f4cf,1035,0.1301334649324417,0.3781300485134125,0.04970546066761017,0.1301334649324417,-1.0,-1.0,0.1051928773522377,0.32215628027915955,0.3935212790966034,0.3624364733695984,0.015693575143814087,-0.04330020926953011
fhl_0407_0408,historical_additive,historical_locked,41,translate_08_down,translation,8,down,0,8,1.0,f77123085e68ed55bec4ee2c36ef23727e5823238a80f0b4190c351d9d22f4cf,1035,0.12597733736038208,0.3769666254520416,0.04229064658284187,0.12597733736038208,-1.0,-1.0,0.1039070263504982,0.31389713287353516,0.39134520292282104,0.3624364733695984,0.014530152082443237,-0.040090203801387184
fhl_0407_0408,historical_additive,historical_locked,41,translate_08_left,translation,8,left,-8,0,1.0,f77123085e68ed55bec4ee2c36ef23727e5823238a80f0b4190c351d9d22f4cf,1035,0.12927350401878357,0.3692200183868408,0.048517901450395584,0.12927350401878357,-1.0,-1.0,0.09910979121923447,0.3137487769126892,0.38130563497543335,0.3624364733695984,0.006783545017242432,-0.018716507624564706
fhl_0407_0408,historical_additive,historical_locked,41,translate_08_right,translation,8,right,8,0,1.0,f77123085e68ed55bec4ee2c36ef23727e5823238a80f0b4190c351d9d22f4cf,1035,0.13218916952610016,0.3830983340740204,0.047538165003061295,0.13218916952610016,-1.0,-1.0,0.10583580285310745,0.3089020848274231,0.386745810508728,0.3624364733695984,0.020661860704421997,-0.05700822688270628
fhl_0407_0408,historical_additive,historical_locked,41,translate_08_up,translation,8,up,0,-8,1.0,f77123085e68ed55bec4ee2c36ef23727e5823238a80f0b4190c351d9d22f4cf,1035,0.12620298564434052,0.37316760420799255,0.04389534518122673,0.12620298564434052,-1.0,-1.0,0.09599406272172928,0.31078141927719116,0.38180020451545715,0.3624364733695984,0.010731130838394165,-0.029608308288142354
fhl_0407_0408,historical_additive,historical_locked,41,translate_16_down,translation,16,down,0,16,1.0,f77123085e68ed55bec4ee2c36ef23727e5823238a80f0b4190c351d9d22f4cf,1035,0.13617734611034393,0.39889806509017944,0.045376427471637726,0.13617734611034393,-1.0,-1.0,0.11083085834980011,0.32339268922805786,0.40084075927734375,0.3624364733695984,0.036461591720581055,-0.10060133126667681
fhl_0407_0408,historical_additive,historical_locked,41,translate_16_left,translation,16,left,-16,0,1.0,f77123085e68ed55bec4ee2c36ef23727e5823238a80f0b4190c351d9d22f4cf,1035,0.13299797475337982,0.37310364842414856,0.05426449328660965,0.13299797475337982,-1.0,-1.0,0.105440154671669,0.31241345405578613,0.38031652569770813,0.3624364733695984,0.010667175054550171,-0.029431847615601886
fhl_0407_0408,historical_additive,historical_locked,41,translate_16_right,translation,16,right,16,0,1.0,f77123085e68ed55bec4ee2c36ef23727e5823238a80f0b4190c351d9d22f4cf,1035,0.126566544175148,0.3773840367794037,0.04697295278310776,0.126566544175148,-1.0,-1.0,0.09995054453611374,0.3068743944168091,0.37670624256134033,0.3624364733695984,0.014947563409805298,-0.04124188515255296
fhl_0407_0408,historical_additive,historical_locked,41,translate_16_up,translation,16,up,0,-16,1.0,f77123085e68ed55bec4ee2c36ef23727e5823238a80f0b4190c351d9d22f4cf,1035,0.1344750076532364,0.3780234754085541,0.049107447266578674,0.1344750076532364,-1.0,-1.0,0.10336300730705261,0.3143422305583954,0.378041535615921,0.3624364733695984,0.015587002038955688,-0.043006162967104807
fhl_0407_0408,historical_additive,historical_locked,41,translate_32_down,translation,32,down,0,32,1.0,f77123085e68ed55bec4ee2c36ef23727e5823238a80f0b4190c351d9d22f4cf,1035,0.13628071546554565,0.398284912109375,0.05957784503698349,0.13628071546554565,-1.0,-1.0,0.1088031679391861,0.3266073167324066,0.3974282741546631,0.3624364733695984,0.03584843873977661,-0.09890957829517283
fhl_0407_0408,historical_additive,historical_locked,41,translate_32_left,translation,32,left,-32,0,1.0,f77123085e68ed55bec4ee2c36ef23727e5823238a80f0b4190c351d9d22f4cf,1035,0.13677069544792175,0.38630470633506775,0.05506383255124092,0.13677069544792175,-1.0,-1.0,0.1167655810713768,0.3117210566997528,0.3819485604763031,0.3624364733695984,0.02386823296546936,-0.06585494209113298
fhl_0407_0408,historical_additive,historical_locked,41,translate_32_right,translation,32,right,32,0,1.0,f77123085e68ed55bec4ee2c36ef23727e5823238a80f0b4190c351d9d22f4cf,1035,0.1348210722208023,0.3911752700805664,0.048924483358860016,0.1348210722208023,-1.0,-1.0,0.10499505698680878,0.3166172206401825,0.3849653899669647,0.3624364733695984,0.028738796710968018,-0.07929333503270607
fhl_0407_0408,historical_additive,historical_locked,41,translate_32_up,translation,32,up,0,-32,1.0,f77123085e68ed55bec4ee2c36ef23727e5823238a80f0b4190c351d9d22f4cf,1035,0.12508206069469452,0.3606814444065094,0.04711883142590523,0.12508206069469452,-1.0,-1.0,0.10168150067329407,0.2989119589328766,0.3698813021183014,0.3624364733695984,-0.0017550289630889893,0.004842307802998845
fhl_0407_0408,historical_additive,historical_locked,42,identity,identity,0,identity,0,0,1.0,4a944ee64cc1279f2f30124fb882a4bdad62e0f5ac4d73d318cadc9df1002dc7,1035,0.1020946353673935,0.321290522813797,0.03837740793824196,0.1020946353673935,-1.0,-1.0,0.10059347003698349,0.28125616908073425,0.3212166130542755,0.321290522813797,0.0,0.0
fhl_0407_0408,historical_additive,historical_locked,42,scale_090,scale,,,0,0,0.9,4a944ee64cc1279f2f30124fb882a4bdad62e0f5ac4d73d318cadc9df1002dc7,1035,0.09718074649572372,0.3143332898616791,0.03291686996817589,0.09718074649572372,-1.0,-1.0,0.09673590213060379,0.2729475796222687,0.32215628027915955,0.321290522813797,-0.00695723295211792,0.021654024809657908
fhl_0407_0408,historical_additive,historical_locked,42,scale_110,scale,,,0,0,1.1,4a944ee64cc1279f2f30124fb882a4bdad62e0f5ac4d73d318cadc9df1002dc7,1035,0.10821715742349625,0.3369777798652649,0.04091918468475342,0.10821715742349625,-1.0,-1.0,0.1088031679391861,0.2875370979309082,0.328239381313324,0.321290522813797,0.015687257051467896,-0.0488257696308067
fhl_0407_0408,historical_additive,historical_locked,42,translate_08_down,translation,8,down,0,8,1.0,4a944ee64cc1279f2f30124fb882a4bdad62e0f5ac4d73d318cadc9df1002dc7,1035,0.1013469323515892,0.31793898344039917,0.03296806663274765,0.1013469323515892,-1.0,-1.0,0.10450049489736557,0.27606329321861267,0.3212660849094391,0.321290522813797,-0.003351539373397827,0.010431491548663583
fhl_0407_0408,historical_additive,historical_locked,42,translate_08_left,translation,8,left,-8,0,1.0,4a944ee64cc1279f2f30124fb882a4bdad62e0f5ac4d73d318cadc9df1002dc7,1035,0.10499512404203415,0.33312490582466125,0.03192023187875748,0.10499512404203415,-1.0,-1.0,0.09965381026268005,0.28204748034477234,0.32240355014801025,0.321290522813797,0.011834383010864258,-0.036833900070319975
fhl_0407_0408,historical_additive,historical_locked,42,translate_08_right,translation,8,right,8,0,1.0,4a944ee64cc1279f2f30124fb882a4bdad62e0f5ac4d73d318cadc9df1002dc7,1035,0.10516887158155441,0.32695525884628296,0.033801186829805374,0.10516887158155441,-1.0,-1.0,0.1039070263504982,0.27398616075515747,0.32002967596054077,0.321290522813797,0.005664736032485962,-0.017631195538777046
fhl_0407_0408,historical_additive,historical_locked,42,translate_08_up,translation,8,up,0,-8,1.0,4a944ee64cc1279f2f30124fb882a4bdad62e0f5ac4d73d318cadc9df1002dc7,1035,0.10674949735403061,0.3273314833641052,0.04183866083621979,0.10674949735403061,-1.0,-1.0,0.09836795181035995,0.27868446707725525,0.32161226868629456,0.321290522813797,0.0060409605503082275,-0.018802174733953323
fhl_0407_0408,historical_additive,historical_locked,42,translate_16_down,translation,16,down,0,16,1.0,4a944ee64cc1279f2f30124fb882a4bdad62e0f5ac4d73d318cadc9df1002dc7,1035,0.10519054532051086,0.3349125385284424,0.03530808910727501,0.10519054532051086,-1.0,-1.0,0.1059841737151146,0.28511375188827515,0.3297725021839142,0.321290522813797,0.013622015714645386,-0.04239781365272323
fhl_0407_0408,historical_additive,historical_locked,42,translate_16_left,translation,16,left,-16,0,1.0,4a944ee64cc1279f2f30124fb882a4bdad62e0f5ac4d73d318cadc9df1002dc7,1035,0.11026802659034729,0.3273467421531677,0.036494508385658264,0.11026802659034729,-1.0,-1.0,0.10331355035305023,0.2877843677997589,0.3261622190475464,0.321290522813797,0.0060562193393707275,-0.018849666919309015
fhl_0407_0408,historical_additive,historical_locked,42,translate_16_right,translation,16,right,16,0,1.0,4a944ee64cc1279f2f30124fb882a4bdad62e0f5ac4d73d318cadc9df1002dc7,1035,0.1038585975766182,0.3358123302459717,0.030643001198768616,0.1038585975766182,-1.0,-1.0,0.09950543940067291,0.2702769637107849,0.3138476610183716,0.321290522813797,0.014521807432174683,-0.045198368457916686
fhl_0407_0408,historical_additive,historical_locked,42,translate_16_up,translation,16,up,0,-16,1.0,4a944ee64cc1279f2f30124fb882a4bdad62e0f5ac4d73d318cadc9df1002dc7,1035,0.11565114557743073,0.3506624102592468,0.046299923211336136,0.11565114557743073,-1.0,-1.0,0.10370919853448868,0.2893175184726715,0.3253709077835083,0.321290522813797,0.02937188744544983,-0.0914184682082024
fhl_0407_0408,historical_additive,historical_locked,42,translate_32_down,translation,32,down,0,32,1.0,4a944ee64cc1279f2f30124fb882a4bdad62e0f5ac4d73d318cadc9df1002dc7,1035,0.1133614256978035,0.35400113463401794,0.04204056039452553,0.1133614256978035,-1.0,-1.0,0.10341246426105499,0.2913452088832855,0.33036598563194275,0.321290522813797,0.03271061182022095,-0.10181007374182116
fhl_0407_0408,historical_additive,historical_locked,42,translate_32_left,translation,32,left,-32,0,1.0,4a944ee64cc1279f2f30124fb882a4bdad62e0f5ac4d73d318cadc9df1002dc7,1035,0.10487737506628036,0.33245301246643066,0.03415505960583687,0.10487737506628036,-1.0,-1.0,0.10168150067329407,0.2819485664367676,0.32319486141204834,0.321290522813797,0.011162489652633667,-0.03474266702570264
fhl_0407_0408,historical_additive,historical_locked,42,translate_32_right,translation,32,right,32,0,1.0,4a944ee64cc1279f2f30124fb882a4bdad62e0f5ac4d73d318cadc9df1002dc7,1035,0.10553772002458572,0.3390575349330902,0.02776920795440674,0.10553772002458572,-1.0,-1.0,0.10202769190073013,0.28283876180648804,0.32037585973739624,0.321290522813797,0.017767012119293213,-0.05529889883988279
fhl_0407_0408,historical_additive,historical_locked,42,translate_32_up,translation,32,up,0,-32,1.0,4a944ee64cc1279f2f30124fb882a4bdad62e0f5ac4d73d318cadc9df1002dc7,1035,0.10746625810861588,0.3379965126514435,0.03914162516593933,0.10746625810861588,-1.0,-1.0,0.09990108758211136,0.274728000164032,0.31186944246292114,0.321290522813797,0.016705989837646484,-0.05199652231052079
fhl_0407_0408,historical_additive,historical_locked,43,identity,identity,0,identity,0,0,1.0,65f83dbeab40096434b7d5a80a5af24bd681f6054ade4aa28ea1bd30ddc7f746,1035,0.15183402597904205,0.3847464323043823,0.09308810532093048,0.15183402597904205,-1.0,-1.0,0.12878338992595673,0.3229970335960388,0.39025717973709106,0.3847464323043823,0.0,0.0
fhl_0407_0408,historical_additive,historical_locked,43,scale_090,scale,,,0,0,0.9,65f83dbeab40096434b7d5a80a5af24bd681f6054ade4aa28ea1bd30ddc7f746,1035,0.1525043100118637,0.40105342864990234,0.09273242205381393,0.1525043100118637,-1.0,-1.0,0.1280909925699234,0.32082095742225647,0.3905044496059418,0.3847464323043823,0.01630699634552002,-0.042383749338107325
fhl_0407_0408,historical_additive,historical_locked,43,scale_110,scale,,,0,0,1.1,65f83dbeab40096434b7d5a80a5af24bd681f6054ade4aa28ea1bd30ddc7f746,1035,0.15509693324565887,0.3946271538734436,0.09893999248743057,0.15509693324565887,-1.0,-1.0,0.12848664820194244,0.3333333432674408,0.39643916487693787,0.3847464323043823,0.00988072156906128,-0.02568112590383788
fhl_0407_0408,historical_additive,historical_locked,43,translate_08_down,translation,8,down,0,8,1.0,65f83dbeab40096434b7d5a80a5af24bd681f6054ade4aa28ea1bd30ddc7f746,1035,0.15163470804691315,0.3916582763195038,0.09262359887361526,0.15163470804691315,-1.0,-1.0,0.12977249920368195,0.3166666626930237,0.38902077078819275,0.3847464323043823,0.00691184401512146,-0.01796467344407584
fhl_0407_0408,historical_additive,historical_locked,43,translate_08_left,translation,8,left,-8,0,1.0,65f83dbeab40096434b7d5a80a5af24bd681f6054ade4aa28ea1bd30ddc7f746,1035,0.16086836159229279,0.40150222182273865,0.1054387241601944,0.16086836159229279,-1.0,-1.0,0.12898120284080505,0.3269040584564209,0.39134520292282104,0.3847464323043823,0.016755789518356323,-0.04355021414493691
fhl_0407_0408,historical_additive,historical_locked,43,translate_08_right,translation,8,right,8,0,1.0,65f83dbeab40096434b7d5a80a5af24bd681f6054ade4aa28ea1bd30ddc7f746,1035,0.15701726078987122,0.3997476100921631,0.09994804859161377,0.15701726078987122,-1.0,-1.0,0.13259150087833405,0.3215133547782898,0.3909990191459656,0.3847464323043823,0.015001177787780762,-0.038989777495618105
fhl_0407_0408,historical_additive,historical_locked,43,translate_08_up,translation,8,up,0,-8,1.0,65f83dbeab40096434b7d5a80a5af24bd681f6054ade4aa28ea1bd30ddc7f746,1035,0.16076277196407318,0.39636847376823425,0.10298196971416473,0.16076277196407318,-1.0,-1.0,0.12700296938419342,0.33427301049232483,0.4000000059604645,0.3847464323043823,0.011622041463851929,-0.03020701555110834
fhl_0407_0408,historical_additive,historical_locked,43,translate_16_down,translation,16,down,0,16,1.0,65f83dbeab40096434b7d5a80a5af24bd681f6054ade4aa28ea1bd30ddc7f746,1035,0.1643664538860321,0.4106186032295227,0.1022564098238945,0.1643664538860321,-1.0,-1.0,0.13239367306232452,0.3266073167324066,0.40034618973731995,0.3847464323043823,0.02587217092514038,-0.06724473251170338
fhl_0407_0408,historical_additive,historical_locked,43,translate_16_left,translation,16,left,-16,0,1.0,65f83dbeab40096434b7d5a80a5af24bd681f6054ade4aa28ea1bd30ddc7f746,1035,0.16012166440486908,0.3912951946258545,0.10874347388744354,0.16012166440486908,-1.0,-1.0,0.1280909925699234,0.3286844789981842,0.387289822101593,0.3847464323043823,0.006548762321472168,-0.017020982578705973
fhl_0407_0408,historical_additive,historical_locked,43,translate_16_right,translation,16,right,16,0,1.0,65f83dbeab40096434b7d5a80a5af24bd681f6054ade4aa28ea1bd30ddc7f746,1035,0.15363167226314545,0.40809258818626404,0.09729602932929993,0.15363167226314545,-1.0,-1.0,0.1283382773399353,0.31112760305404663,0.38100889325141907,0.3847464323043823,0.023346155881881714,-0.06067933038924712
fhl_0407_0408,historical_additive,historical_locked,43,translate_16_up,translation,16,up,0,-16,1.0,65f83dbeab40096434b7d5a80a5af24bd681f6054ade4aa28ea1bd30ddc7f746,1035,0.17278467118740082,0.4172092080116272,0.11147958785295486,0.17278467118740082,-1.0,-1.0,0.12878338992595673,0.333778440952301,0.39831849932670593,0.3847464323043823,0.03246277570724487,-0.08437446843318036
fhl_0407_0408,historical_additive,historical_locked,43,translate_32_down,translation,32,down,0,32,1.0,65f83dbeab40096434b7d5a80a5af24bd681f6054ade4aa28ea1bd30ddc7f746,1035,0.18647083640098572,0.4321044683456421,0.1452108472585678,0.18647083640098572,-1.0,-1.0,0.13724035024642944,0.3427794277667999,0.41216617822647095,0.3847464323043823,0.047358036041259766,-0.12308895434745361
fhl_0407_0408,historical_additive,historical_locked,43,translate_32_left,translation,32,left,-32,0,1.0,65f83dbeab40096434b7d5a80a5af24bd681f6054ade4aa28ea1bd30ddc7f746,1035,0.16943849623203278,0.4111289978027344,0.12518548965454102,0.16943849623203278,-1.0,-1.0,0.13160237669944763,0.32551929354667664,0.38051435351371765,0.3847464323043823,0.02638256549835205,-0.0685713064065014
fhl_0407_0408,historical_additive,historical_locked,43,translate_32_right,translation,32,right,32,0,1.0,65f83dbeab40096434b7d5a80a5af24bd681f6054ade4aa28ea1bd30ddc7f746,1035,0.1627996414899826,0.4116485118865967,0.10809162259101868,0.1627996414899826,-1.0,-1.0,0.13051433861255646,0.319386750459671,0.38432246446609497,0.3847464323043823,0.026902079582214355,-0.06992158295292901
fhl_0407_0408,historical_additive,historical_locked,43,translate_32_up,translation,32,up,0,-32,1.0,65f83dbeab40096434b7d5a80a5af24bd681f6054ade4aa28ea1bd30ddc7f746,1035,0.15479744970798492,0.38837912678718567,0.09071046859025955,0.15479744970798492,-1.0,-1.0,0.12304648756980896,0.3227992057800293,0.3847180902957916,0.3847464323043823,0.0036326944828033447,-0.009441788611387126
fhl_0407_0408,historical_additive,historical_locked,44,identity,identity,0,identity,0,0,1.0,fd46e18899cadec44272723306848d742aba4715474cd3789c6951c8e6afef20,1035,0.05297234654426575,0.15828725695610046,0.018151694908738136,0.05297234654426575,-1.0,-1.0,0.059841740876436234,0.21463897824287415,0.26424333453178406,0.15828725695610046,0.0,0.0
fhl_0407_0408,historical_additive,historical_locked,44,scale_090,scale,,,0,0,0.9,fd46e18899cadec44272723306848d742aba4715474cd3789c6951c8e6afef20,1035,0.05088537558913231,0.15694692730903625,0.01532343402504921,0.05088537558913231,-1.0,-1.0,0.052868448197841644,0.2116716057062149,0.261819988489151,0.15828725695610046,-0.001340329647064209,0.008467704051728796
fhl_0407_0408,historical_additive,historical_locked,44,scale_110,scale,,,0,0,1.1,fd46e18899cadec44272723306848d742aba4715474cd3789c6951c8e6afef20,1035,0.05600576847791672,0.1708376407623291,0.020358702167868614,0.05600576847791672,-1.0,-1.0,0.060534123331308365,0.21444115042686462,0.2670128643512726,0.15828725695610046,0.012550383806228638,-0.0792886556225393
fhl_0407_0408,historical_additive,historical_locked,44,translate_08_down,translation,8,down,0,8,1.0,fd46e18899cadec44272723306848d742aba4715474cd3789c6951c8e6afef20,1035,0.051453638821840286,0.16114474833011627,0.015752386301755905,0.051453638821840286,-1.0,-1.0,0.055440157651901245,0.21468842029571533,0.26355093717575073,0.15828725695610046,0.002857491374015808,-0.01805256739529138
fhl_0407_0408,historical_additive,historical_locked,44,translate_08_left,translation,8,left,-8,0,1.0,fd46e18899cadec44272723306848d742aba4715474cd3789c6951c8e6afef20,1035,0.05693403631448746,0.17010168731212616,0.017993900924921036,0.05693403631448746,-1.0,-1.0,0.060633037239313126,0.20890207588672638,0.26305636763572693,0.15828725695610046,0.011814430356025696,-0.07463917552947627
fhl_0407_0408,historical_additive,historical_locked,44,translate_08_right,translation,8,right,8,0,1.0,fd46e18899cadec44272723306848d742aba4715474cd3789c6951c8e6afef20,1035,0.057205550372600555,0.16878221929073334,0.019140945747494698,0.057205550372600555,-1.0,-1.0,0.0614737868309021,0.21157270669937134,0.2670128643512726,0.15828725695610046,0.010494962334632874,-0.06630326746734613
fhl_0407_0408,historical_additive,historical_locked,44,translate_08_up,translation,8,up,0,-8,1.0,fd46e18899cadec44272723306848d742aba4715474cd3789c6951c8e6afef20,1035,0.05285938084125519,0.16412827372550964,0.015618972480297089,0.05285938084125519,-1.0,-1.0,0.05885262042284012,0.21028684079647064,0.2596933841705322,0.15828725695610046,0.00584101676940918,-0.036901370847743815
fhl_0407_0408,historical_additive,historical_locked,44,translate_16_down,translation,16,down,0,16,1.0,fd46e18899cadec44272723306848d742aba4715474cd3789c6951c8e6afef20,1035,0.055609166622161865,0.17973484098911285,0.013325856998562813,0.055609166622161865,-1.0,-1.0,0.05717111751437187,0.22433234751224518,0.2759643793106079,0.15828725695610046,0.02144758403301239,-0.13549785652650917
fhl_0407_0408,historical_additive,historical_locked,44,translate_16_left,translation,16,left,-16,0,1.0,fd46e18899cadec44272723306848d742aba4715474cd3789c6951c8e6afef20,1035,0.0577821247279644,0.1719072461128235,0.019513914361596107,0.0577821247279644,-1.0,-1.0,0.06261127442121506,0.21137487888336182,0.2610286772251129,0.15828725695610046,0.013619989156723022,-0.08604602428924776
fhl_0407_0408,historical_additive,historical_locked,44,translate_16_right,translation,16,right,16,0,1.0,fd46e18899cadec44272723306848d742aba4715474cd3789c6951c8e6afef20,1035,0.05718988552689552,0.18488068878650665,0.018778368830680847,0.05718988552689552,-1.0,-1.0,0.06008902192115784,0.21058358252048492,0.2620178163051605,0.15828725695610046,0.02659343183040619,-0.16800740844085532
fhl_0407_0408,historical_additive,historical_locked,44,translate_16_up,translation,16,up,0,-16,1.0,fd46e18899cadec44272723306848d742aba4715474cd3789c6951c8e6afef20,1035,0.05722210556268692,0.16820532083511353,0.01877312734723091,0.05722210556268692,-1.0,-1.0,0.062413450330495834,0.21661721169948578,0.2690899968147278,0.15828725695610046,0.009918063879013062,-0.06265863765498032
fhl_0407_0408,historical_additive,historical_locked,44,translate_32_down,translation,32,down,0,32,1.0,fd46e18899cadec44272723306848d742aba4715474cd3789c6951c8e6afef20,1035,0.05893435701727867,0.1835537552833557,0.01765822432935238,0.05893435701727867,-1.0,-1.0,0.06345202773809433,0.22843718528747559,0.28283876180648804,0.15828725695610046,0.02526649832725525,-0.15962433624244737
fhl_0407_0408,historical_additive,historical_locked,44,translate_32_left,translation,32,left,-32,0,1.0,fd46e18899cadec44272723306848d742aba4715474cd3789c6951c8e6afef20,1035,0.05627883970737457,0.16794227063655853,0.019341129809617996,0.05627883970737457,-1.0,-1.0,0.06701286137104034,0.2013847678899765,0.2561819851398468,0.15828725695610046,0.009655013680458069,-0.060996784366133774
fhl_0407_0408,historical_additive,historical_locked,44,translate_32_right,translation,32,right,32,0,1.0,fd46e18899cadec44272723306848d742aba4715474cd3789c6951c8e6afef20,1035,0.06735141575336456,0.19042155146598816,0.028932936489582062,0.06735141575336456,-1.0,-1.0,0.0679030641913414,0.2183481752872467,0.2596933841705322,0.15828725695610046,0.032134294509887695,-0.20301251741825213
fhl_0407_0408,historical_additive,historical_locked,44,translate_32_up,translation,32,up,0,-32,1.0,fd46e18899cadec44272723306848d742aba4715474cd3789c6951c8e6afef20,1035,0.0556175597012043,0.1698877066373825,0.018218301236629486,0.0556175597012043,-1.0,-1.0,0.06468842923641205,0.20588526129722595,0.25830861926078796,0.15828725695610046,0.011600449681282043,-0.0732873252361643
fhl_0407_0408,historical_fam,historical_locked,40,identity,identity,0,identity,0,0,1.0,c77d749c30ed5872c0c81a96c4d64f9ebf7912208b16c964c2f0405732dda13a,1035,0.19121405482292175,0.49615317583084106,0.10207483172416687,0.19121405482292175,-1.0,-1.0,0.13907022774219513,0.3529179096221924,0.41676557064056396,0.49615317583084106,0.0,0.0
fhl_0407_0408,historical_fam,historical_locked,40,scale_090,scale,,,0,0,0.9,c77d749c30ed5872c0c81a96c4d64f9ebf7912208b16c964c2f0405732dda13a,1035,0.1898760348558426,0.4947006106376648,0.10576970875263214,0.1898760348558426,-1.0,-1.0,0.1378832906484604,0.3557368814945221,0.4227991998195648,0.49615317583084106,-0.0014525651931762695,0.0029276547323190136
fhl_0407_0408,historical_fam,historical_locked,40,scale_110,scale,,,0,0,1.1,c77d749c30ed5872c0c81a96c4d64f9ebf7912208b16c964c2f0405732dda13a,1035,0.19443421065807343,0.49817904829978943,0.10953199118375778,0.19443421065807343,-1.0,-1.0,0.13976261019706726,0.361078143119812,0.4154302775859833,0.49615317583084106,0.0020258724689483643,-0.004083159329890226
fhl_0407_0408,historical_fam,historical_locked,40,translate_08_down,translation,8,down,0,8,1.0,c77d749c30ed5872c0c81a96c4d64f9ebf7912208b16c964c2f0405732dda13a,1035,0.19238542020320892,0.4975532293319702,0.09966804087162018,0.19238542020320892,-1.0,-1.0,0.14218595623970032,0.361078143119812,0.4241345226764679,0.49615317583084106,0.0014000535011291504,-0.002821817070473587
fhl_0407_0408,historical_fam,historical_locked,40,translate_08_left,translation,8,left,-8,0,1.0,c77d749c30ed5872c0c81a96c4d64f9ebf7912208b16c964c2f0405732dda13a,1035,0.20349997282028198,0.5046386122703552,0.12056658416986465,0.20349997282028198,-1.0,-1.0,0.14678536355495453,0.3611770570278168,0.41864490509033203,0.49615317583084106,0.00848543643951416,-0.017102453139203916
fhl_0407_0408,historical_fam,historical_locked,40,translate_08_right,translation,8,right,8,0,1.0,c77d749c30ed5872c0c81a96c4d64f9ebf7912208b16c964c2f0405732dda13a,1035,0.19395144283771515,0.4942924976348877,0.11107875406742096,0.19395144283771515,-1.0,-1.0,0.1422354131937027,0.3569238483905792,0.42116716504096985,0.49615317583084106,-0.0018606781959533691,0.003750209182552427
fhl_0407_0408,historical_fam,historical_locked,40,translate_08_up,translation,8,up,0,-8,1.0,c77d749c30ed5872c0c81a96c4d64f9ebf7912208b16c964c2f0405732dda13a,1035,0.19969239830970764,0.5017052888870239,0.1147657260298729,0.19969239830970764,-1.0,-1.0,0.14080119132995605,0.3592977225780487,0.4153313636779785,0.49615317583084106,0.005552113056182861,-0.011190320503109717
fhl_0407_0408,historical_fam,historical_locked,40,translate_16_down,translation,16,down,0,16,1.0,c77d749c30ed5872c0c81a96c4d64f9ebf7912208b16c964c2f0405732dda13a,1035,0.19733481109142303,0.5025023221969604,0.10835859924554825,0.19733481109142303,-1.0,-1.0,0.14411473274230957,0.3659248352050781,0.4285361170768738,0.49615317583084106,0.006349146366119385,-0.012796746398906593
fhl_0407_0408,historical_fam,historical_locked,40,translate_16_left,translation,16,left,-16,0,1.0,c77d749c30ed5872c0c81a96c4d64f9ebf7912208b16c964c2f0405732dda13a,1035,0.20711079239845276,0.509929895401001,0.12439727038145065,0.20711079239845276,-1.0,-1.0,0.14896142482757568,0.3682492673397064,0.4251731038093567,0.49615317583084106,0.013776719570159912,-0.027767069206177893
fhl_0407_0408,historical_fam,historical_locked,40,translate_16_right,translation,16,right,16,0,1.0,c77d749c30ed5872c0c81a96c4d64f9ebf7912208b16c964c2f0405732dda13a,1035,0.1937323957681656,0.48801255226135254,0.10772905498743057,0.1937323957681656,-1.0,-1.0,0.1388723999261856,0.35608309507369995,0.42091989517211914,0.49615317583084106,-0.008140623569488525,0.016407480524248418
fhl_0407_0408,historical_fam,historical_locked,40,translate_16_up,translation,16,up,0,-16,1.0,c77d749c30ed5872c0c81a96c4d64f9ebf7912208b16c964c2f0405732dda13a,1035,0.20148949325084686,0.5040909051895142,0.11414744704961777,0.20148949325084686,-1.0,-1.0,0.14386746287345886,0.36177051067352295,0.416073203086853,0.49615317583084106,0.007937729358673096,-0.015998545903451785
fhl_0407_0408,historical_fam,historical_locked,40,translate_32_down,translation,32,down,0,32,1.0,c77d749c30ed5872c0c81a96c4d64f9ebf7912208b16c964c2f0405732dda13a,1035,0.21382123231887817,0.5253238677978516,0.13467109203338623,0.21382123231887817,-1.0,-1.0,0.14925816655158997,0.3726508319377899,0.43090999126434326,0.49615317583084106,0.029170691967010498,-0.05879372215679615
fhl_0407_0408,historical_fam,historical_locked,40,translate_32_left,translation,32,left,-32,0,1.0,c77d749c30ed5872c0c81a96c4d64f9ebf7912208b16c964c2f0405732dda13a,1035,0.20087797939777374,0.4931482970714569,0.12424957752227783,0.20087797939777374,-1.0,-1.0,0.1458456963300705,0.36716121435165405,0.4239366948604584,0.49615317583084106,-0.0030048787593841553,0.006056352968722388
fhl_0407_0408,historical_fam,historical_locked,40,translate_32_right,translation,32,right,32,0,1.0,c77d749c30ed5872c0c81a96c4d64f9ebf7912208b16c964c2f0405732dda13a,1035,0.19511966407299042,0.4887862503528595,0.10544837266206741,0.19511966407299042,-1.0,-1.0,0.14183975756168365,0.3592977225780487,0.4218100905418396,0.49615317583084106,-0.007366925477981567,0.01484808691518535
fhl_0407_0408,historical_fam,historical_locked,40,translate_32_up,translation,32,up,0,-32,1.0,c77d749c30ed5872c0c81a96c4d64f9ebf7912208b16c964c2f0405732dda13a,1035,0.19094818830490112,0.47688353061676025,0.10634118318557739,0.19094818830490112,-1.0,-1.0,0.13867458701133728,0.3545994162559509,0.41107815504074097,0.49615317583084106,-0.01926964521408081,0.038838097089296114
fhl_0407_0408,historical_fam,historical_locked,41,identity,identity,0,identity,0,0,1.0,5fcafd3a5b197456a39bde55b1e1d5a5c1639b5cf4f67bf1ad57dd763e241640,1035,0.1549980491399765,0.4150056540966034,0.07702504098415375,0.1549980491399765,-1.0,-1.0,0.12670622766017914,0.345598429441452,0.39727991819381714,0.4150056540966034,0.0,0.0
fhl_0407_0408,historical_fam,historical_locked,41,scale_090,scale,,,0,0,0.9,5fcafd3a5b197456a39bde55b1e1d5a5c1639b5cf4f67bf1ad57dd763e241640,1035,0.15876410901546478,0.4337865114212036,0.07827913761138916,0.15876410901546478,-1.0,-1.0,0.1231948584318161,0.3488130569458008,0.402225524187088,0.4150056540966034,0.01878085732460022,-0.04525446132892562
fhl_0407_0408,historical_fam,historical_locked,41,scale_110,scale,,,0,0,1.1,5fcafd3a5b197456a39bde55b1e1d5a5c1639b5cf4f67bf1ad57dd763e241640,1035,0.15702515840530396,0.41824570298194885,0.07857214659452438,0.15702515840530396,-1.0,-1.0,0.12462908029556274,0.3469831943511963,0.39782392978668213,0.4150056540966034,0.003240048885345459,-0.007807240343263499
fhl_0407_0408,historical_fam,historical_locked,41,translate_08_down,translation,8,down,0,8,1.0,5fcafd3a5b197456a39bde55b1e1d5a5c1639b5cf4f67bf1ad57dd763e241640,1035,0.1595652550458908,0.4233451187610626,0.07915332913398743,0.1595652550458908,-1.0,-1.0,0.12977249920368195,0.35252225399017334,0.40469831228256226,0.4150056540966034,0.008339464664459229,-0.020094821798543498
fhl_0407_0408,historical_fam,historical_locked,41,translate_08_left,translation,8,left,-8,0,1.0,5fcafd3a5b197456a39bde55b1e1d5a5c1639b5cf4f67bf1ad57dd763e241640,1035,0.1616785079240799,0.42184457182884216,0.07911138236522675,0.1616785079240799,-1.0,-1.0,0.12848664820194244,0.3463897109031677,0.3945103883743286,0.4150056540966034,0.0068389177322387695,-0.01647909532010095
fhl_0407_0408,historical_fam,historical_locked,41,translate_08_right,translation,8,right,8,0,1.0,5fcafd3a5b197456a39bde55b1e1d5a5c1639b5cf4f67bf1ad57dd763e241640,1035,0.16111238300800323,0.4247315526008606,0.08198212087154388,0.16111238300800323,-1.0,-1.0,0.12868447601795197,0.3515825867652893,0.4063798189163208,0.4150056540966034,0.009725898504257202,-0.023435580716192474
fhl_0407_0408,historical_fam,historical_locked,41,translate_08_up,translation,8,up,0,-8,1.0,5fcafd3a5b197456a39bde55b1e1d5a5c1639b5cf4f67bf1ad57dd763e241640,1035,0.15570975840091705,0.41186773777008057,0.07937667518854141,0.15570975840091705,-1.0,-1.0,0.1280909925699234,0.3430761694908142,0.39772501587867737,0.4150056540966034,-0.003137916326522827,0.00756114114482015
fhl_0407_0408,historical_fam,historical_locked,41,translate_16_down,translation,16,down,0,16,1.0,5fcafd3a5b197456a39bde55b1e1d5a5c1639b5cf4f67bf1ad57dd763e241640,1035,0.1606573462486267,0.4226786196231842,0.08524107187986374,0.1606573462486267,-1.0,-1.0,0.12982195615768433,0.3539070188999176,0.40628090500831604,0.4150056540966034,0.0076729655265808105,-0.01848882166023388
fhl_0407_0408,historical_fam,historical_locked,41,translate_16_left,translation,16,left,-16,0,1.0,5fcafd3a5b197456a39bde55b1e1d5a5c1639b5cf4f67bf1ad57dd763e241640,1035,0.16105350852012634,0.40859150886535645,0.0890297070145607,0.16105350852012634,-1.0,-1.0,0.13155291974544525,0.3408011794090271,0.39060336351394653,0.4150056540966034,-0.006414145231246948,0.015455561069907468
fhl_0407_0408,historical_fam,historical_locked,41,translate_16_right,translation,16,right,16,0,1.0,5fcafd3a5b197456a39bde55b1e1d5a5c1639b5cf4f67bf1ad57dd763e241640,1035,0.1588691771030426,0.41987934708595276,0.07649479806423187,0.1588691771030426,-1.0,-1.0,0.12868447601795197,0.34396636486053467,0.3962908089160919,0.4150056540966034,0.004873692989349365,-0.011743678528810805
fhl_0407_0408,historical_fam,historical_locked,41,translate_16_up,translation,16,up,0,-16,1.0,5fcafd3a5b197456a39bde55b1e1d5a5c1639b5cf4f67bf1ad57dd763e241640,1035,0.16606438159942627,0.4308910071849823,0.0854242593050003,0.16606438159942627,-1.0,-1.0,0.1314540058374405,0.34713155031204224,0.3992086946964264,0.4150056540966034,0.015885353088378906,-0.03827743774469438
fhl_0407_0408,historical_fam,historical_locked,41,translate_32_down,translation,32,down,0,32,1.0,5fcafd3a5b197456a39bde55b1e1d5a5c1639b5cf4f67bf1ad57dd763e241640,1035,0.1710284948348999,0.4420989453792572,0.09250153601169586,0.1710284948348999,-1.0,-1.0,0.1332344263792038,0.3545994162559509,0.4036102890968323,0.4150056540966034,0.02709329128265381,-0.0652841497825645
fhl_0407_0408,historical_fam,historical_locked,41,translate_32_left,translation,32,left,-32,0,1.0,5fcafd3a5b197456a39bde55b1e1d5a5c1639b5cf4f67bf1ad57dd763e241640,1035,0.16567116975784302,0.42419517040252686,0.08720449358224869,0.16567116975784302,-1.0,-1.0,0.12932740151882172,0.34218594431877136,0.385806143283844,0.4150056540966034,0.009189516305923462,-0.022143111100323375
fhl_0407_0408,historical_fam,historical_locked,41,translate_32_right,translation,32,right,32,0,1.0,5fcafd3a5b197456a39bde55b1e1d5a5c1639b5cf4f67bf1ad57dd763e241640,1035,0.162567600607872,0.4294992983341217,0.08524033427238464,0.162567600607872,-1.0,-1.0,0.12922848761081696,0.3392680585384369,0.3899604380130768,0.4150056540966034,0.01449364423751831,-0.034923968130189706
fhl_0407_0408,historical_fam,historical_locked,41,translate_32_up,translation,32,up,0,-32,1.0,5fcafd3a5b197456a39bde55b1e1d5a5c1639b5cf4f67bf1ad57dd763e241640,1035,0.1645224243402481,0.42507022619247437,0.08480901271104813,0.1645224243402481,-1.0,-1.0,0.12645895779132843,0.33630070090293884,0.38565775752067566,0.4150056540966034,0.010064572095870972,-0.02425165054143619
fhl_0407_0408,historical_fam,historical_locked,42,identity,identity,0,identity,0,0,1.0,b96ef8496088911d50d03a6061fe625cec8e17b17a4f1245a49b5b43e3703497,1035,0.16503553092479706,0.44089651107788086,0.07297537475824356,0.16503553092479706,-1.0,-1.0,0.12517309188842773,0.35509395599365234,0.4230959415435791,0.44089651107788086,0.0,0.0
fhl_0407_0408,historical_fam,historical_locked,42,scale_090,scale,,,0,0,0.9,b96ef8496088911d50d03a6061fe625cec8e17b17a4f1245a49b5b43e3703497,1035,0.16656441986560822,0.4482807219028473,0.07168099284172058,0.16656441986560822,-1.0,-1.0,0.1293768584728241,0.3542037606239319,0.4194856584072113,0.44089651107788086,0.007384210824966431,-0.016748172506318763
fhl_0407_0408,historical_fam,historical_locked,42,scale_110,scale,,,0,0,1.1,b96ef8496088911d50d03a6061fe625cec8e17b17a4f1245a49b5b43e3703497,1035,0.16592302918434143,0.43212854862213135,0.0809151902794838,0.16592302918434143,-1.0,-1.0,0.12997032701969147,0.3577151298522949,0.41864490509033203,0.44089651107788086,-0.008767962455749512,0.019886667813074892
fhl_0407_0408,historical_fam,historical_locked,42,translate_08_down,translation,8,down,0,8,1.0,b96ef8496088911d50d03a6061fe625cec8e17b17a4f1245a49b5b43e3703497,1035,0.16511288285255432,0.4461049735546112,0.070180244743824,0.16511288285255432,-1.0,-1.0,0.1273491531610489,0.3562809228897095,0.42428287863731384,0.44089651107788086,0.005208462476730347,-0.011813344732524574
fhl_0407_0408,historical_fam,historical_locked,42,translate_08_left,translation,8,left,-8,0,1.0,b96ef8496088911d50d03a6061fe625cec8e17b17a4f1245a49b5b43e3703497,1035,0.16403603553771973,0.43895357847213745,0.06600435823202133,0.16403603553771973,-1.0,-1.0,0.1306627094745636,0.3559841811656952,0.4155786335468292,0.44089651107788086,-0.0019429326057434082,0.00440677700305096
fhl_0407_0408,historical_fam,historical_locked,42,translate_08_right,translation,8,right,8,0,1.0,b96ef8496088911d50d03a6061fe625cec8e17b17a4f1245a49b5b43e3703497,1035,0.16634900867938995,0.4403544068336487,0.07485910505056381,0.16634900867938995,-1.0,-1.0,0.12898120284080505,0.35667654871940613,0.4220079183578491,0.44089651107788086,-0.0005421042442321777,0.0012295498617280265
fhl_0407_0408,historical_fam,historical_locked,42,translate_08_up,translation,8,up,0,-8,1.0,b96ef8496088911d50d03a6061fe625cec8e17b17a4f1245a49b5b43e3703497,1035,0.16557082533836365,0.4351753890514374,0.07756096869707108,0.16557082533836365,-1.0,-1.0,0.12967358529567719,0.35356083512306213,0.4205242395401001,0.44089651107788086,-0.0057211220264434814,0.012976110907425373
fhl_0407_0408,historical_fam,historical_locked,42,translate_16_down,translation,16,down,0,16,1.0,b96ef8496088911d50d03a6061fe625cec8e17b17a4f1245a49b5b43e3703497,1035,0.16485297679901123,0.44567885994911194,0.07459230720996857,0.16485297679901123,-1.0,-1.0,0.12898120284080505,0.3534124493598938,0.4218100905418396,0.44089651107788086,0.004782348871231079,-0.010846873928622028
fhl_0407_0408,historical_fam,historical_locked,42,translate_16_left,translation,16,left,-16,0,1.0,b96ef8496088911d50d03a6061fe625cec8e17b17a4f1245a49b5b43e3703497,1035,0.16412201523780823,0.4392869472503662,0.06460978835821152,0.16412201523780823,-1.0,-1.0,0.13367952406406403,0.3544510304927826,0.4142927825450897,0.44089651107788086,-0.0016095638275146484,0.003650661293689239
fhl_0407_0408,historical_fam,historical_locked,42,translate_16_right,translation,16,right,16,0,1.0,b96ef8496088911d50d03a6061fe625cec8e17b17a4f1245a49b5b43e3703497,1035,0.16182617843151093,0.4352050721645355,0.0686073824763298,0.16182617843151093,-1.0,-1.0,0.13021761178970337,0.349258154630661,0.4163699448108673,0.44089651107788086,-0.005691438913345337,0.012908786462000353
fhl_0407_0408,historical_fam,historical_locked,42,translate_16_up,translation,16,up,0,-16,1.0,b96ef8496088911d50d03a6061fe625cec8e17b17a4f1245a49b5b43e3703497,1035,0.164737731218338,0.429488867521286,0.07704954594373703,0.164737731218338,-1.0,-1.0,0.13180020451545715,0.35301682353019714,0.42116716504096985,0.44089651107788086,-0.011407643556594849,0.02587374422334628
fhl_0407_0408,historical_fam,historical_locked,42,translate_32_down,translation,32,down,0,32,1.0,b96ef8496088911d50d03a6061fe625cec8e17b17a4f1245a49b5b43e3703497,1035,0.17090186476707458,0.4416370391845703,0.08104830980300903,0.17090186476707458,-1.0,-1.0,0.12690405547618866,0.3578140437602997,0.4197824001312256,0.44089651107788086,0.0007405281066894531,-0.0016795962047398572
fhl_0407_0408,historical_fam,historical_locked,42,translate_32_left,translation,32,left,-32,0,1.0,b96ef8496088911d50d03a6061fe625cec8e17b17a4f1245a49b5b43e3703497,1035,0.15958534181118011,0.42677369713783264,0.06482011824846268,0.15958534181118011,-1.0,-1.0,0.12977249920368195,0.35633036494255066,0.4148862659931183,0.44089651107788086,-0.014122813940048218,0.032032038324643346
fhl_0407_0408,historical_fam,historical_locked,42,translate_32_right,translation,32,right,32,0,1.0,b96ef8496088911d50d03a6061fe625cec8e17b17a4f1245a49b5b43e3703497,1035,0.16823653876781464,0.43907269835472107,0.07737324386835098,0.16823653876781464,-1.0,-1.0,0.13214638829231262,0.35613253712654114,0.4205736815929413,0.44089651107788086,-0.00182381272315979,0.004136600488629469
fhl_0407_0408,historical_fam,historical_locked,42,translate_32_up,translation,32,up,0,-32,1.0,b96ef8496088911d50d03a6061fe625cec8e17b17a4f1245a49b5b43e3703497,1035,0.1627238243818283,0.4298398494720459,0.07173587381839752,0.1627238243818283,-1.0,-1.0,0.13046488165855408,0.35178041458129883,0.4198318421840668,0.44089651107788086,-0.011056661605834961,0.025077679972572722
fhl_0407_0408,historical_fam,historical_locked,43,identity,identity,0,identity,0,0,1.0,f6407afe0d781eb5c227e46611243d67385f1fc06010d4704f51ac5e8d0ac536,1035,0.19673676788806915,0.4873034656047821,0.10802637040615082,0.19673676788806915,-1.0,-1.0,0.1411968320608139,0.3848170042037964,0.45049455761909485,0.4873034656047821,0.0,0.0
fhl_0407_0408,historical_fam,historical_locked,43,scale_090,scale,,,0,0,0.9,f6407afe0d781eb5c227e46611243d67385f1fc06010d4704f51ac5e8d0ac536,1035,0.19644670188426971,0.4861973822116852,0.10818804800510406,0.19644670188426971,-1.0,-1.0,0.13719089329242706,0.38130563497543335,0.45049455761909485,0.4873034656047821,-0.0011060833930969238,0.0022698040772687446
fhl_0407_0408,historical_fam,historical_locked,43,scale_110,scale,,,0,0,1.1,f6407afe0d781eb5c227e46611243d67385f1fc06010d4704f51ac5e8d0ac536,1035,0.19491028785705566,0.48232510685920715,0.10547974705696106,0.19491028785705566,-1.0,-1.0,0.14203758537769318,0.38338279724121094,0.45276954770088196,0.4873034656047821,-0.004978358745574951,0.010216136549319252
fhl_0407_0408,historical_fam,historical_locked,43,translate_08_down,translation,8,down,0,8,1.0,f6407afe0d781eb5c227e46611243d67385f1fc06010d4704f51ac5e8d0ac536,1035,0.19708536565303802,0.4912516474723816,0.10762199014425278,0.19708536565303802,-1.0,-1.0,0.14183975756168365,0.3832838833332062,0.4536597430706024,0.4873034656047821,0.003948181867599487,-0.008102100941760145
fhl_0407_0408,historical_fam,historical_locked,43,translate_08_left,translation,8,left,-8,0,1.0,f6407afe0d781eb5c227e46611243d67385f1fc06010d4704f51ac5e8d0ac536,1035,0.193990558385849,0.4827074706554413,0.10153144598007202,0.193990558385849,-1.0,-1.0,0.13882294297218323,0.3870919942855835,0.44995054602622986,0.4873034656047821,-0.00459599494934082,0.009431484226439529
fhl_0407_0408,historical_fam,historical_locked,43,translate_08_right,translation,8,right,8,0,1.0,f6407afe0d781eb5c227e46611243d67385f1fc06010d4704f51ac5e8d0ac536,1035,0.19593146443367004,0.4807540476322174,0.10472646355628967,0.19593146443367004,-1.0,-1.0,0.1414441168308258,0.38466864824295044,0.4498516321182251,0.4873034656047821,-0.006549417972564697,0.013440121884699409
fhl_0407_0408,historical_fam,historical_locked,43,translate_08_up,translation,8,up,0,-8,1.0,f6407afe0d781eb5c227e46611243d67385f1fc06010d4704f51ac5e8d0ac536,1035,0.19767948985099792,0.48716846108436584,0.10885195434093475,0.19767948985099792,-1.0,-1.0,0.14010880887508392,0.3830365836620331,0.44995054602622986,0.4873034656047821,-0.00013500452041625977,0.0002770440391773297
fhl_0407_0408,historical_fam,historical_locked,43,translate_16_down,translation,16,down,0,16,1.0,f6407afe0d781eb5c227e46611243d67385f1fc06010d4704f51ac5e8d0ac536,1035,0.19570587575435638,0.487190842628479,0.10185699164867401,0.19570587575435638,-1.0,-1.0,0.1411968320608139,0.3847675621509552,0.45875370502471924,0.4873034656047821,-0.00011262297630310059,0.00023111466314594453
fhl_0407_0408,historical_fam,historical_locked,43,translate_16_left,translation,16,left,-16,0,1.0,f6407afe0d781eb5c227e46611243d67385f1fc06010d4704f51ac5e8d0ac536,1035,0.19453126192092896,0.4824667274951935,0.10550685971975327,0.19453126192092896,-1.0,-1.0,0.13961423933506012,0.3858555853366852,0.45148366689682007,0.4873034656047821,-0.004836738109588623,0.009925515517493497
fhl_0407_0408,historical_fam,historical_locked,43,translate_16_right,translation,16,right,16,0,1.0,f6407afe0d781eb5c227e46611243d67385f1fc06010d4704f51ac5e8d0ac536,1035,0.1919725239276886,0.47497668862342834,0.10493774712085724,0.1919725239276886,-1.0,-1.0,0.13981206715106964,0.3829871416091919,0.4451533257961273,0.4873034656047821,-0.01232677698135376,0.02529589434800193
fhl_0407_0408,historical_fam,historical_locked,43,translate_16_up,translation,16,up,0,-16,1.0,f6407afe0d781eb5c227e46611243d67385f1fc06010d4704f51ac5e8d0ac536,1035,0.19604408740997314,0.4883618950843811,0.10351773351430893,0.19604408740997314,-1.0,-1.0,0.13778437674045563,0.38076162338256836,0.44940653443336487,0.4873034656047821,0.001058429479598999,-0.002172013035625356
fhl_0407_0408,historical_fam,historical_locked,43,translate_32_down,translation,32,down,0,32,1.0,f6407afe0d781eb5c227e46611243d67385f1fc06010d4704f51ac5e8d0ac536,1035,0.19507066905498505,0.4921426475048065,0.10382732003927231,0.19507066905498505,-1.0,-1.0,0.138921856880188,0.3847675621509552,0.45642927289009094,0.4873034656047821,0.004839181900024414,-0.009930530442705978
fhl_0407_0408,historical_fam,historical_locked,43,translate_32_left,translation,32,left,-32,0,1.0,f6407afe0d781eb5c227e46611243d67385f1fc06010d4704f51ac5e8d0ac536,1035,0.18608924746513367,0.4704119861125946,0.09850064665079117,0.18608924746513367,-1.0,-1.0,0.13590504229068756,0.37893176078796387,0.44787338376045227,0.4873034656047821,-0.0168914794921875,0.03466316306867188
fhl_0407_0408,historical_fam,historical_locked,43,translate_32_right,translation,32,right,32,0,1.0,f6407afe0d781eb5c227e46611243d67385f1fc06010d4704f51ac5e8d0ac536,1035,0.18783354759216309,0.46874070167541504,0.09567627310752869,0.18783354759216309,-1.0,-1.0,0.14208704233169556,0.37848663330078125,0.44451040029525757,0.4873034656047821,-0.018562763929367065,0.03809282149538832
fhl_0407_0408,historical_fam,historical_locked,43,translate_32_up,translation,32,up,0,-32,1.0,f6407afe0d781eb5c227e46611243d67385f1fc06010d4704f51ac5e8d0ac536,1035,0.19278940558433533,0.4793296158313751,0.10609816014766693,0.19278940558433533,-1.0,-1.0,0.13728980720043182,0.3827398717403412,0.45098912715911865,0.4873034656047821,-0.007973849773406982,0.016363211707330676
fhl_0407_0408,historical_fam,historical_locked,44,identity,identity,0,identity,0,0,1.0,2fec1971b28c88cfccb2356de81270c5a75a15082daee435a77eaf0694b98e3e,1035,0.1702612191438675,0.4140278398990631,0.09295658767223358,0.1702612191438675,-1.0,-1.0,0.13516320288181305,0.3585558831691742,0.41271018981933594,0.4140278398990631,0.0,0.0
fhl_0407_0408,historical_fam,historical_locked,44,scale_090,scale,,,0,0,0.9,2fec1971b28c88cfccb2356de81270c5a75a15082daee435a77eaf0694b98e3e,1035,0.16902129352092743,0.41644486784935,0.09161393344402313,0.16902129352092743,-1.0,-1.0,0.13293768465518951,0.3572700321674347,0.4107319414615631,0.4140278398990631,0.0024170279502868652,-0.005837839191867191
fhl_0407_0408,historical_fam,historical_locked,44,scale_110,scale,,,0,0,1.1,2fec1971b28c88cfccb2356de81270c5a75a15082daee435a77eaf0694b98e3e,1035,0.1652180552482605,0.4081100821495056,0.08493456244468689,0.1652180552482605,-1.0,-1.0,0.13521265983581543,0.35608309507369995,0.41043519973754883,0.4140278398990631,-0.005917757749557495,0.014293139685969427
fhl_0407_0408,historical_fam,historical_locked,44,translate_08_down,translation,8,down,0,8,1.0,2fec1971b28c88cfccb2356de81270c5a75a15082daee435a77eaf0694b98e3e,1035,0.16690172255039215,0.40787506103515625,0.09208423644304276,0.16690172255039215,-1.0,-1.0,0.1312067210674286,0.36048465967178345,0.41256183385849,0.4140278398990631,-0.00615277886390686,0.014860785365078014
fhl_0407_0408,historical_fam,historical_locked,44,translate_08_left,translation,8,left,-8,0,1.0,2fec1971b28c88cfccb2356de81270c5a75a15082daee435a77eaf0694b98e3e,1035,0.17627990245819092,0.43737736344337463,0.09524643421173096,0.17627990245819092,-1.0,-1.0,0.13857567310333252,0.3569732904434204,0.4099901020526886,0.4140278398990631,0.023349523544311523,-0.056396022909966544
fhl_0407_0408,historical_fam,historical_locked,44,translate_08_right,translation,8,right,8,0,1.0,2fec1971b28c88cfccb2356de81270c5a75a15082daee435a77eaf0694b98e3e,1035,0.16995392739772797,0.4184303283691406,0.09290701895952225,0.16995392739772797,-1.0,-1.0,0.13412462174892426,0.36092978715896606,0.41038575768470764,0.4140278398990631,0.004402488470077515,-0.010633315071640613
fhl_0407_0408,historical_fam,historical_locked,44,translate_08_up,translation,8,up,0,-8,1.0,2fec1971b28c88cfccb2356de81270c5a75a15082daee435a77eaf0694b98e3e,1035,0.16807280480861664,0.41547083854675293,0.0897333174943924,0.16807280480861664,-1.0,-1.0,0.13793273270130157,0.35435211658477783,0.40801188349723816,0.4140278398990631,0.0014429986476898193,-0.003485269609023421
fhl_0407_0408,historical_fam,historical_locked,44,translate_16_down,translation,16,down,0,16,1.0,2fec1971b28c88cfccb2356de81270c5a75a15082daee435a77eaf0694b98e3e,1035,0.16847459971904755,0.41281214356422424,0.09457709640264511,0.16847459971904755,-1.0,-1.0,0.13046488165855408,0.3611275851726532,0.41755688190460205,0.4140278398990631,-0.0012156963348388672,0.0029362671242959045
fhl_0407_0408,historical_fam,historical_locked,44,translate_16_left,translation,16,left,-16,0,1.0,2fec1971b28c88cfccb2356de81270c5a75a15082daee435a77eaf0694b98e3e,1035,0.17273546755313873,0.4384050667285919,0.08711490035057068,0.17273546755313873,-1.0,-1.0,0.13902077078819275,0.3534619212150574,0.4048961400985718,0.4140278398990631,0.02437722682952881,-0.058878231076131965
fhl_0407_0408,historical_fam,historical_locked,44,translate_16_right,translation,16,right,16,0,1.0,2fec1971b28c88cfccb2356de81270c5a75a15082daee435a77eaf0694b98e3e,1035,0.17518027126789093,0.42731231451034546,0.09126807749271393,0.17518027126789093,-1.0,-1.0,0.1350642889738083,0.35919880867004395,0.41013848781585693,0.4140278398990631,0.013284474611282349,-0.032085945270059625
fhl_0407_0408,historical_fam,historical_locked,44,translate_16_up,translation,16,up,0,-16,1.0,2fec1971b28c88cfccb2356de81270c5a75a15082daee435a77eaf0694b98e3e,1035,0.16774362325668335,0.41779473423957825,0.0856906920671463,0.16774362325668335,-1.0,-1.0,0.13773491978645325,0.3495054543018341,0.40499505400657654,0.4140278398990631,0.0037668943405151367,-0.009098166783744487
fhl_0407_0408,historical_fam,historical_locked,44,translate_32_down,translation,32,down,0,32,1.0,2fec1971b28c88cfccb2356de81270c5a75a15082daee435a77eaf0694b98e3e,1035,0.18078093230724335,0.43876829743385315,0.10493705421686172,0.18078093230724335,-1.0,-1.0,0.1378832906484604,0.3683481812477112,0.4204747676849365,0.4140278398990631,0.02474045753479004,-0.059755540933724594
fhl_0407_0408,historical_fam,historical_locked,44,translate_32_left,translation,32,left,-32,0,1.0,2fec1971b28c88cfccb2356de81270c5a75a15082daee435a77eaf0694b98e3e,1035,0.17211505770683289,0.42439934611320496,0.09477438777685165,0.17211505770683289,-1.0,-1.0,0.13689416646957397,0.35301682353019714,0.40346193313598633,0.4140278398990631,0.010371506214141846,-0.025050262843847267
fhl_0407_0408,historical_fam,historical_locked,44,translate_32_right,translation,32,right,32,0,1.0,2fec1971b28c88cfccb2356de81270c5a75a15082daee435a77eaf0694b98e3e,1035,0.16210603713989258,0.40926262736320496,0.07311252504587173,0.16210603713989258,-1.0,-1.0,0.12838773429393768,0.34732937812805176,0.40321463346481323,0.4140278398990631,-0.004765212535858154,0.011509401244659967
fhl_0407_0408,historical_fam,historical_locked,44,translate_32_up,translation,32,up,0,-32,1.0,2fec1971b28c88cfccb2356de81270c5a75a15082daee435a77eaf0694b98e3e,1035,0.17024151980876923,0.42709094285964966,0.08333506435155869,0.17024151980876923,-1.0,-1.0,0.14000989496707916,0.349802166223526,0.40286844968795776,0.4140278398990631,0.013063102960586548,-0.031551267092983976
fhl_0407_0408,stage_b_fam,current_stage_b,40,identity,identity,0,identity,0,0,1.0,66217fac6c64144c444230bcdec4368b7b87e3fde2ebe983330b986452901c8d,1035,0.21368911862373352,0.5351213216781616,0.122423455119133,0.21368911862373352,-1.0,-1.0,0.15415430068969727,0.37893176078796387,0.41449061036109924,0.5351213216781616,0.0,0.0
fhl_0407_0408,stage_b_fam,current_stage_b,40,scale_090,scale,,,0,0,0.9,66217fac6c64144c444230bcdec4368b7b87e3fde2ebe983330b986452901c8d,1035,0.21163347363471985,0.5275415778160095,0.12580105662345886,0.21163347363471985,-1.0,-1.0,0.15133531391620636,0.37690404057502747,0.413105845451355,0.5351213216781616,-0.0075797438621521,0.01416453345267896
fhl_0407_0408,stage_b_fam,current_stage_b,40,scale_110,scale,,,0,0,1.1,66217fac6c64144c444230bcdec4368b7b87e3fde2ebe983330b986452901c8d,1035,0.21401013433933258,0.5358185172080994,0.12302091717720032,0.21401013433933258,-1.0,-1.0,0.15504451096057892,0.3791790306568146,0.41364985704421997,0.5351213216781616,0.0006971955299377441,-0.0013028737628157133
fhl_0407_0408,stage_b_fam,current_stage_b,40,translate_08_down,translation,8,down,0,8,1.0,66217fac6c64144c444230bcdec4368b7b87e3fde2ebe983330b986452901c8d,1035,0.2088044136762619,0.5269414782524109,0.11992954462766647,0.2088044136762619,-1.0,-1.0,0.15128585696220398,0.37878337502479553,0.41444113850593567,0.5351213216781616,-0.008179843425750732,0.015285960574507516
fhl_0407_0408,stage_b_fam,current_stage_b,40,translate_08_left,translation,8,left,-8,0,1.0,66217fac6c64144c444230bcdec4368b7b87e3fde2ebe983330b986452901c8d,1035,0.21948954463005066,0.5349765419960022,0.13051025569438934,0.21948954463005066,-1.0,-1.0,0.15633036196231842,0.38239365816116333,0.4133036732673645,0.5351213216781616,-0.00014477968215942383,0.0002705548747438974
fhl_0407_0408,stage_b_fam,current_stage_b,40,translate_08_right,translation,8,right,8,0,1.0,66217fac6c64144c444230bcdec4368b7b87e3fde2ebe983330b986452901c8d,1035,0.2173548936843872,0.5416436195373535,0.12870387732982635,0.2173548936843872,-1.0,-1.0,0.15647873282432556,0.3839762508869171,0.41523244976997375,0.5351213216781616,0.0065222978591918945,-0.012188446983831088
fhl_0407_0408,stage_b_fam,current_stage_b,40,translate_08_up,translation,8,up,0,-8,1.0,66217fac6c64144c444230bcdec4368b7b87e3fde2ebe983330b986452901c8d,1035,0.21554045379161835,0.5361801385879517,0.12184567004442215,0.21554045379161835,-1.0,-1.0,0.15212661027908325,0.37769535183906555,0.4093966484069824,0.5351213216781616,0.001058816909790039,-0.001978648330568379
fhl_0407_0408,stage_b_fam,current_stage_b,40,translate_16_down,translation,16,down,0,16,1.0,66217fac6c64144c444230bcdec4368b7b87e3fde2ebe983330b986452901c8d,1035,0.20867373049259186,0.5291357636451721,0.12430015206336975,0.20867373049259186,-1.0,-1.0,0.15118694305419922,0.3821958601474762,0.41503462195396423,0.5351213216781616,-0.005985558032989502,0.0111854224276068
fhl_0407_0408,stage_b_fam,current_stage_b,40,translate_16_left,translation,16,left,-16,0,1.0,66217fac6c64144c444230bcdec4368b7b87e3fde2ebe983330b986452901c8d,1035,0.21728770434856415,0.5312904715538025,0.13612911105155945,0.21728770434856415,-1.0,-1.0,0.16112759709358215,0.3808605372905731,0.41221562027931213,0.5351213216781616,-0.003830850124359131,0.007158844114724177
fhl_0407_0408,stage_b_fam,current_stage_b,40,translate_16_right,translation,16,right,16,0,1.0,66217fac6c64144c444230bcdec4368b7b87e3fde2ebe983330b986452901c8d,1035,0.2155727744102478,0.5331485271453857,0.12650418281555176,0.2155727744102478,-1.0,-1.0,0.1540553867816925,0.38160237669944763,0.41241344809532166,0.5351213216781616,-0.001972794532775879,0.003686630401100665
fhl_0407_0408,stage_b_fam,current_stage_b,40,translate_16_up,translation,16,up,0,-16,1.0,66217fac6c64144c444230bcdec4368b7b87e3fde2ebe983330b986452901c8d,1035,0.2190377414226532,0.5385057330131531,0.12780745327472687,0.2190377414226532,-1.0,-1.0,0.15544015169143677,0.37868446111679077,0.40959444642066956,0.5351213216781616,0.003384411334991455,-0.0063245682761767135
fhl_0407_0408,stage_b_fam,current_stage_b,40,translate_32_down,translation,32,down,0,32,1.0,66217fac6c64144c444230bcdec4368b7b87e3fde2ebe983330b986452901c8d,1035,0.21071013808250427,0.5299040675163269,0.13275311887264252,0.21071013808250427,-1.0,-1.0,0.15291790664196014,0.3827893137931824,0.4140949547290802,0.5351213216781616,-0.005217254161834717,0.009749666011201351
fhl_0407_0408,stage_b_fam,current_stage_b,40,translate_32_left,translation,32,left,-32,0,1.0,66217fac6c64144c444230bcdec4368b7b87e3fde2ebe983330b986452901c8d,1035,0.20965826511383057,0.5117595195770264,0.12209636718034744,0.20965826511383057,-1.0,-1.0,0.1553412526845932,0.3760633170604706,0.4104846715927124,0.5351213216781616,-0.023361802101135254,0.0436570197350233
fhl_0407_0408,stage_b_fam,current_stage_b,40,translate_32_right,translation,32,right,32,0,1.0,66217fac6c64144c444230bcdec4368b7b87e3fde2ebe983330b986452901c8d,1035,0.22128571569919586,0.5382302403450012,0.13182976841926575,0.22128571569919586,-1.0,-1.0,0.15939663350582123,0.38521265983581543,0.4130563735961914,0.5351213216781616,0.0031089186668395996,-0.005809745455647156
fhl_0407_0408,stage_b_fam,current_stage_b,40,translate_32_up,translation,32,up,0,-32,1.0,66217fac6c64144c444230bcdec4368b7b87e3fde2ebe983330b986452901c8d,1035,0.21677705645561218,0.5326877236366272,0.11652448028326035,0.21677705645561218,-1.0,-1.0,0.15361028909683228,0.37205737829208374,0.40370920300483704,0.5351213216781616,-0.002433598041534424,0.004547750095067347
fhl_0407_0408,stage_b_fam,current_stage_b,41,identity,identity,0,identity,0,0,1.0,4689cc606e8f91627c0867355739f90d2bc4a4932cecc78533f7b4dee6a09a81,1035,0.1704154908657074,0.4543400704860687,0.07889197766780853,0.1704154908657074,-1.0,-1.0,0.13328388333320618,0.34480711817741394,0.4220573604106903,0.4543400704860687,0.0,0.0
fhl_0407_0408,stage_b_fam,current_stage_b,41,scale_090,scale,,,0,0,0.9,4689cc606e8f91627c0867355739f90d2bc4a4932cecc78533f7b4dee6a09a81,1035,0.16815374791622162,0.4550589621067047,0.0801987498998642,0.16815374791622162,-1.0,-1.0,0.1319485604763031,0.3454006016254425,0.4238377809524536,0.4543400704860687,0.0007188916206359863,-0.0015822765090186548
fhl_0407_0408,stage_b_fam,current_stage_b,41,scale_110,scale,,,0,0,1.1,4689cc606e8f91627c0867355739f90d2bc4a4932cecc78533f7b4dee6a09a81,1035,0.17469662427902222,0.463392049074173,0.07802356779575348,0.17469662427902222,-1.0,-1.0,0.1386251300573349,0.3482195734977722,0.42482689023017883,0.4543400704860687,0.009051978588104248,-0.019923355160860298
fhl_0407_0408,stage_b_fam,current_stage_b,41,translate_08_down,translation,8,down,0,8,1.0,4689cc606e8f91627c0867355739f90d2bc4a4932cecc78533f7b4dee6a09a81,1035,0.17206472158432007,0.45997974276542664,0.08171229064464569,0.17206472158432007,-1.0,-1.0,0.13902077078819275,0.34965381026268005,0.4246290922164917,0.4543400704860687,0.00563967227935791,-0.012412887714976128
fhl_0407_0408,stage_b_fam,current_stage_b,41,translate_08_left,translation,8,left,-8,0,1.0,4689cc606e8f91627c0867355739f90d2bc4a4932cecc78533f7b4dee6a09a81,1035,0.16975773870944977,0.44204363226890564,0.08309684693813324,0.16975773870944977,-1.0,-1.0,0.13125617802143097,0.3469831943511963,0.4169139564037323,0.4543400704860687,-0.012296438217163086,0.02706439298653084
fhl_0407_0408,stage_b_fam,current_stage_b,41,translate_08_right,translation,8,right,8,0,1.0,4689cc606e8f91627c0867355739f90d2bc4a4932cecc78533f7b4dee6a09a81,1035,0.17406430840492249,0.4590666890144348,0.07484780997037888,0.17406430840492249,-1.0,-1.0,0.1340257227420807,0.34500494599342346,0.4164688289165497,0.4543400704860687,0.004726618528366089,-0.010403261423341748
fhl_0407_0408,stage_b_fam,current_stage_b,41,translate_08_up,translation,8,up,0,-8,1.0,4689cc606e8f91627c0867355739f90d2bc4a4932cecc78533f7b4dee6a09a81,1035,0.1684756875038147,0.4540026783943176,0.07653222978115082,0.1684756875038147,-1.0,-1.0,0.13135509192943573,0.34248268604278564,0.4238872528076172,0.4543400704860687,-0.00033739209175109863,0.0007425981410579633
fhl_0407_0408,stage_b_fam,current_stage_b,41,translate_16_down,translation,16,down,0,16,1.0,4689cc606e8f91627c0867355739f90d2bc4a4932cecc78533f7b4dee6a09a81,1035,0.18230003118515015,0.4968498945236206,0.08801359683275223,0.18230003118515015,-1.0,-1.0,0.14193867146968842,0.3572205603122711,0.43071216344833374,0.4543400704860687,0.04250982403755188,-0.09356388925166428
fhl_0407_0408,stage_b_fam,current_stage_b,41,translate_16_left,translation,16,left,-16,0,1.0,4689cc606e8f91627c0867355739f90d2bc4a4932cecc78533f7b4dee6a09a81,1035,0.16758814454078674,0.43412333726882935,0.08189038932323456,0.16758814454078674,-1.0,-1.0,0.12917903065681458,0.35168150067329407,0.41676557064056396,0.4543400704860687,-0.02021673321723938,0.044496918785109175
fhl_0407_0408,stage_b_fam,current_stage_b,41,translate_16_right,translation,16,right,16,0,1.0,4689cc606e8f91627c0867355739f90d2bc4a4932cecc78533f7b4dee6a09a81,1035,0.1718166023492813,0.46715205907821655,0.08235808461904526,0.1718166023492813,-1.0,-1.0,0.1285855621099472,0.34317508339881897,0.4117705225944519,0.4543400704860687,0.012811988592147827,-0.028199116530578338
fhl_0407_0408,stage_b_fam,current_stage_b,41,translate_16_up,translation,16,up,0,-16,1.0,4689cc606e8f91627c0867355739f90d2bc4a4932cecc78533f7b4dee6a09a81,1035,0.1746836006641388,0.4580313265323639,0.07937005162239075,0.1746836006641388,-1.0,-1.0,0.1345202773809433,0.3451533019542694,0.4231454133987427,0.4543400704860687,0.003691256046295166,-0.008124434286296018
fhl_0407_0408,stage_b_fam,current_stage_b,41,translate_32_down,translation,32,down,0,32,1.0,4689cc606e8f91627c0867355739f90d2bc4a4932cecc78533f7b4dee6a09a81,1035,0.1955888271331787,0.5196016430854797,0.10200458765029907,0.1955888271331787,-1.0,-1.0,0.13961423933506012,0.3641444146633148,0.42893174290657043,0.4543400704860687,0.06526157259941101,-0.14364036288851195
fhl_0407_0408,stage_b_fam,current_stage_b,41,translate_32_left,translation,32,left,-32,0,1.0,4689cc606e8f91627c0867355739f90d2bc4a4932cecc78533f7b4dee6a09a81,1035,0.1676328331232071,0.4548082649707794,0.08078697323799133,0.1676328331232071,-1.0,-1.0,0.1314045488834381,0.35217607021331787,0.4149357080459595,0.4543400704860687,0.00046819448471069336,-0.001030493489622878
fhl_0407_0408,stage_b_fam,current_stage_b,41,translate_32_right,translation,32,right,32,0,1.0,4689cc606e8f91627c0867355739f90d2bc4a4932cecc78533f7b4dee6a09a81,1035,0.1754787415266037,0.4805264472961426,0.07824409753084183,0.1754787415266037,-1.0,-1.0,0.1319485604763031,0.349258154630661,0.4163699448108673,0.4543400704860687,0.026186376810073853,-0.05763607154891436
fhl_0407_0408,stage_b_fam,current_stage_b,41,translate_32_up,translation,32,up,0,-32,1.0,4689cc606e8f91627c0867355739f90d2bc4a4932cecc78533f7b4dee6a09a81,1035,0.17962169647216797,0.47060534358024597,0.08547095209360123,0.17962169647216797,-1.0,-1.0,0.13570721447467804,0.344114750623703,0.4146389663219452,0.4543400704860687,0.016265273094177246,-0.03579977675483497
fhl_0407_0408,stage_b_fam,current_stage_b,42,identity,identity,0,identity,0,0,1.0,c305e9d97b98e586351246127e43b49e9fc5a73f59508d6d314f4f0f1a6ad9a3,1035,0.07055126875638962,0.22954361140727997,0.021095572039484978,0.07055126875638962,-1.0,-1.0,0.07987141609191895,0.20098911225795746,0.26988130807876587,0.22954361140727997,0.0,0.0
fhl_0407_0408,stage_b_fam,current_stage_b,42,scale_090,scale,,,0,0,0.9,c305e9d97b98e586351246127e43b49e9fc5a73f59508d6d314f4f0f1a6ad9a3,1035,0.07309447973966599,0.23883682489395142,0.020983858034014702,0.07309447973966599,-1.0,-1.0,0.07749752700328827,0.20489613711833954,0.2743817865848541,0.22954361140727997,0.009293213486671448,-0.0404856115563263
fhl_0407_0408,stage_b_fam,current_stage_b,42,scale_110,scale,,,0,0,1.1,c305e9d97b98e586351246127e43b49e9fc5a73f59508d6d314f4f0f1a6ad9a3,1035,0.07002376765012741,0.2213495820760727,0.020445533096790314,0.07002376765012741,-1.0,-1.0,0.07858555763959885,0.20173096656799316,0.2793768644332886,0.22954361140727997,-0.008194029331207275,0.03569704807278902
fhl_0407_0408,stage_b_fam,current_stage_b,42,translate_08_down,translation,8,down,0,8,1.0,c305e9d97b98e586351246127e43b49e9fc5a73f59508d6d314f4f0f1a6ad9a3,1035,0.07711850851774216,0.24482305347919464,0.023576242849230766,0.07711850851774216,-1.0,-1.0,0.08387734740972519,0.20969337224960327,0.275667667388916,0.22954361140727997,0.015279442071914673,-0.06656444053589586
fhl_0407_0408,stage_b_fam,current_stage_b,42,translate_08_left,translation,8,left,-8,0,1.0,c305e9d97b98e586351246127e43b49e9fc5a73f59508d6d314f4f0f1a6ad9a3,1035,0.06648758798837662,0.21611249446868896,0.020698508247733116,0.06648758798837662,-1.0,-1.0,0.0753709226846695,0.19792285561561584,0.2689911127090454,0.22954361140727997,-0.013431116938591003,0.05851226638915308
fhl_0407_0408,stage_b_fam,current_stage_b,42,translate_08_right,translation,8,right,8,0,1.0,c305e9d97b98e586351246127e43b49e9fc5a73f59508d6d314f4f0f1a6ad9a3,1035,0.07524597644805908,0.24073448777198792,0.0212561022490263,0.07524597644805908,-1.0,-1.0,0.08278931677341461,0.20657764375209808,0.27769535779953003,0.22954361140727997,0.011190876364707947,-0.04875272413856005
fhl_0407_0408,stage_b_fam,current_stage_b,42,translate_08_up,translation,8,up,0,-8,1.0,c305e9d97b98e586351246127e43b49e9fc5a73f59508d6d314f4f0f1a6ad9a3,1035,0.06662990897893906,0.2208421230316162,0.018161049112677574,0.06662990897893906,-1.0,-1.0,0.07314539700746536,0.1936696320772171,0.2685459852218628,0.22954361140727997,-0.008701488375663757,0.03790777849279664
fhl_0407_0408,stage_b_fam,current_stage_b,42,translate_16_down,translation,16,down,0,16,1.0,c305e9d97b98e586351246127e43b49e9fc5a73f59508d6d314f4f0f1a6ad9a3,1035,0.0846756100654602,0.26287558674812317,0.027668742462992668,0.0846756100654602,-1.0,-1.0,0.08911968022584915,0.2173095941543579,0.28328388929367065,0.22954361140727997,0.0333319753408432,-0.1452097714089815
fhl_0407_0408,stage_b_fam,current_stage_b,42,translate_16_left,translation,16,left,-16,0,1.0,c305e9d97b98e586351246127e43b49e9fc5a73f59508d6d314f4f0f1a6ad9a3,1035,0.06508687138557434,0.21595549583435059,0.021614108234643936,0.06508687138557434,-1.0,-1.0,0.07453016936779022,0.19535113871097565,0.26552918553352356,0.22954361140727997,-0.013588115572929382,0.05919622632764083
fhl_0407_0408,stage_b_fam,current_stage_b,42,translate_16_right,translation,16,right,16,0,1.0,c305e9d97b98e586351246127e43b49e9fc5a73f59508d6d314f4f0f1a6ad9a3,1035,0.07610561698675156,0.23470082879066467,0.0229642391204834,0.07610561698675156,-1.0,-1.0,0.08145400881767273,0.20727002620697021,0.2816023826599121,0.22954361140727997,0.005157217383384705,-0.02246726603178791
fhl_0407_0408,stage_b_fam,current_stage_b,42,translate_16_up,translation,16,up,0,-16,1.0,c305e9d97b98e586351246127e43b49e9fc5a73f59508d6d314f4f0f1a6ad9a3,1035,0.06764858961105347,0.22612400352954865,0.01802668534219265,0.06764858961105347,-1.0,-1.0,0.07235410809516907,0.19376854598522186,0.27047479152679443,0.22954361140727997,-0.0034196078777313232,0.014897421264597524
fhl_0407_0408,stage_b_fam,current_stage_b,42,translate_32_down,translation,32,down,0,32,1.0,c305e9d97b98e586351246127e43b49e9fc5a73f59508d6d314f4f0f1a6ad9a3,1035,0.08925152570009232,0.26785337924957275,0.03244279697537422,0.08925152570009232,-1.0,-1.0,0.09545005112886429,0.2245796173810959,0.2862512469291687,0.22954361140727997,0.038309767842292786,-0.16689537821342212
fhl_0407_0408,stage_b_fam,current_stage_b,42,translate_32_left,translation,32,left,-32,0,1.0,c305e9d97b98e586351246127e43b49e9fc5a73f59508d6d314f4f0f1a6ad9a3,1035,0.07069802284240723,0.22568155825138092,0.02320214733481407,0.07069802284240723,-1.0,-1.0,0.07729970663785934,0.19742828607559204,0.27022749185562134,0.22954361140727997,-0.003862053155899048,0.016824921121618996
fhl_0407_0408,stage_b_fam,current_stage_b,42,translate_32_right,translation,32,right,32,0,1.0,c305e9d97b98e586351246127e43b49e9fc5a73f59508d6d314f4f0f1a6ad9a3,1035,0.07647484540939331,0.22897237539291382,0.0235592033714056,0.07647484540939331,-1.0,-1.0,0.08555885404348373,0.21488624811172485,0.28076162934303284,0.22954361140727997,-0.0005712360143661499,0.002488572915900517
fhl_0407_0408,stage_b_fam,current_stage_b,42,translate_32_up,translation,32,up,0,-32,1.0,c305e9d97b98e586351246127e43b49e9fc5a73f59508d6d314f4f0f1a6ad9a3,1035,0.06803963333368301,0.21380437910556793,0.022428128868341446,0.06803963333368301,-1.0,-1.0,0.07383778691291809,0.20356082916259766,0.2744807004928589,0.22954361140727997,-0.015739232301712036,0.06856750316516483
fhl_0407_0408,stage_b_fam,current_stage_b,43,identity,identity,0,identity,0,0,1.0,6b643ad11b2c693d07bd46b19f2a2acfdabb619a693dc67bc09027a66e436a65,1035,0.16019661724567413,0.38838112354278564,0.1007460281252861,0.16019661724567413,-1.0,-1.0,0.12403561174869537,0.32492581009864807,0.3700791299343109,0.38838112354278564,0.0,0.0
fhl_0407_0408,stage_b_fam,current_stage_b,43,scale_090,scale,,,0,0,0.9,6b643ad11b2c693d07bd46b19f2a2acfdabb619a693dc67bc09027a66e436a65,1035,0.16442154347896576,0.4025653600692749,0.10083819180727005,0.16442154347896576,-1.0,-1.0,0.1275469809770584,0.32289811968803406,0.3726508319377899,0.38838112354278564,0.014184236526489258,-0.036521436461951697
fhl_0407_0408,stage_b_fam,current_stage_b,43,scale_110,scale,,,0,0,1.1,6b643ad11b2c693d07bd46b19f2a2acfdabb619a693dc67bc09027a66e436a65,1035,0.16474750638008118,0.39719900488853455,0.10271681845188141,0.16474750638008118,-1.0,-1.0,0.1355588585138321,0.3283877372741699,0.37106823921203613,0.38838112354278564,0.008817881345748901,-0.022704196499852516
fhl_0407_0408,stage_b_fam,current_stage_b,43,translate_08_down,translation,8,down,0,8,1.0,6b643ad11b2c693d07bd46b19f2a2acfdabb619a693dc67bc09027a66e436a65,1035,0.16282479465007782,0.4025934636592865,0.09686195850372314,0.16282479465007782,-1.0,-1.0,0.12457962334156036,0.32363995909690857,0.37126606702804565,0.38838112354278564,0.014212340116500854,-0.03659379731655564
fhl_0407_0408,stage_b_fam,current_stage_b,43,translate_08_left,translation,8,left,-8,0,1.0,6b643ad11b2c693d07bd46b19f2a2acfdabb619a693dc67bc09027a66e436a65,1035,0.16388167440891266,0.40609198808670044,0.09594276547431946,0.16388167440891266,-1.0,-1.0,0.13056379556655884,0.32759642601013184,0.3706726133823395,0.38838112354278564,0.017710864543914795,-0.04560176453056605
fhl_0407_0408,stage_b_fam,current_stage_b,43,translate_08_right,translation,8,right,8,0,1.0,6b643ad11b2c693d07bd46b19f2a2acfdabb619a693dc67bc09027a66e436a65,1035,0.1593749076128006,0.38643938302993774,0.100420743227005,0.1593749076128006,-1.0,-1.0,0.12799209356307983,0.3226013779640198,0.3672601282596588,0.38838112354278564,-0.0019417405128479004,0.004999574889571043
fhl_0407_0408,stage_b_fam,current_stage_b,43,translate_08_up,translation,8,up,0,-8,1.0,6b643ad11b2c693d07bd46b19f2a2acfdabb619a693dc67bc09027a66e436a65,1035,0.16041199862957,0.38273191452026367,0.10410327464342117,0.16041199862957,-1.0,-1.0,0.1265084147453308,0.3246290683746338,0.3711671531200409,0.38838112354278564,-0.005649209022521973,0.014545529326941227
fhl_0407_0408,stage_b_fam,current_stage_b,43,translate_16_down,translation,16,down,0,16,1.0,6b643ad11b2c693d07bd46b19f2a2acfdabb619a693dc67bc09027a66e436a65,1035,0.1600864827632904,0.4004390835762024,0.08964172005653381,0.1600864827632904,-1.0,-1.0,0.12002967298030853,0.32304647564888,0.3685459792613983,0.38838112354278564,0.012057960033416748,-0.031046720096550712
fhl_0407_0408,stage_b_fam,current_stage_b,43,translate_16_left,translation,16,left,-16,0,1.0,6b643ad11b2c693d07bd46b19f2a2acfdabb619a693dc67bc09027a66e436a65,1035,0.16639405488967896,0.4129233658313751,0.09551282227039337,0.16639405488967896,-1.0,-1.0,0.13026706874370575,0.32626113295555115,0.3740355968475342,0.38838112354278564,0.024542242288589478,-0.0631911305696756
fhl_0407_0408,stage_b_fam,current_stage_b,43,translate_16_right,translation,16,right,16,0,1.0,6b643ad11b2c693d07bd46b19f2a2acfdabb619a693dc67bc09027a66e436a65,1035,0.160207137465477,0.38900917768478394,0.09766614437103271,0.160207137465477,-1.0,-1.0,0.12843719124794006,0.3160732090473175,0.3644411563873291,0.38838112354278564,0.000628054141998291,-0.0016171077941925312
fhl_0407_0408,stage_b_fam,current_stage_b,43,translate_16_up,translation,16,up,0,-16,1.0,6b643ad11b2c693d07bd46b19f2a2acfdabb619a693dc67bc09027a66e436a65,1035,0.16346417367458344,0.3934766352176666,0.10604117810726166,0.16346417367458344,-1.0,-1.0,0.1278437227010727,0.3220079243183136,0.36948564648628235,0.38838112354278564,0.0050955116748809814,-0.013119874695248002
fhl_0407_0408,stage_b_fam,current_stage_b,43,translate_32_down,translation,32,down,0,32,1.0,6b643ad11b2c693d07bd46b19f2a2acfdabb619a693dc67bc09027a66e436a65,1035,0.16227003931999207,0.4049330949783325,0.09825152903795242,0.16227003931999207,-1.0,-1.0,0.12265083938837051,0.32037585973739624,0.3649356961250305,0.38838112354278564,0.016551971435546875,-0.04261785764601776
fhl_0407_0408,stage_b_fam,current_stage_b,43,translate_32_left,translation,32,left,-32,0,1.0,6b643ad11b2c693d07bd46b19f2a2acfdabb619a693dc67bc09027a66e436a65,1035,0.15735949575901031,0.38568514585494995,0.09389544278383255,0.15735949575901031,-1.0,-1.0,0.12878338992595673,0.32982194423675537,0.38180020451545715,0.38838112354278564,-0.0026959776878356934,0.006941577549503879
fhl_0407_0408,stage_b_fam,current_stage_b,43,translate_32_right,translation,32,right,32,0,1.0,6b643ad11b2c693d07bd46b19f2a2acfdabb619a693dc67bc09027a66e436a65,1035,0.158442884683609,0.3873787820339203,0.09837570786476135,0.158442884683609,-1.0,-1.0,0.1311572641134262,0.32393670082092285,0.3665182888507843,0.38838112354278564,-0.0010023415088653564,0.0025808193243844263
fhl_0407_0408,stage_b_fam,current_stage_b,43,translate_32_up,translation,32,up,0,-32,1.0,6b643ad11b2c693d07bd46b19f2a2acfdabb619a693dc67bc09027a66e436a65,1035,0.1657361090183258,0.40917322039604187,0.09684918075799942,0.1657361090183258,-1.0,-1.0,0.13358061015605927,0.3168644905090332,0.3647378981113434,0.38838112354278564,0.020792096853256226,-0.053535291992546294
fhl_0407_0408,stage_b_fam,current_stage_b,44,identity,identity,0,identity,0,0,1.0,0e89d6568c75de2c55149b178718ff8789cd8f2a1e43456974fa257750ce9b85,1035,0.1052635982632637,0.2966063320636749,0.05871140584349632,0.1052635982632637,-1.0,-1.0,0.10178041458129883,0.30598416924476624,0.37720078229904175,0.2966063320636749,0.0,0.0
fhl_0407_0408,stage_b_fam,current_stage_b,44,scale_090,scale,,,0,0,0.9,0e89d6568c75de2c55149b178718ff8789cd8f2a1e43456974fa257750ce9b85,1035,0.09815347194671631,0.2790599465370178,0.053158581256866455,0.09815347194671631,-1.0,-1.0,0.09866468608379364,0.3027695417404175,0.37665677070617676,0.2966063320636749,-0.017546385526657104,0.059157150842249304
fhl_0407_0408,stage_b_fam,current_stage_b,44,scale_110,scale,,,0,0,1.1,0e89d6568c75de2c55149b178718ff8789cd8f2a1e43456974fa257750ce9b85,1035,0.10038977116346359,0.28338608145713806,0.05403933674097061,0.10038977116346359,-1.0,-1.0,0.09540059417486191,0.3030168116092682,0.3708704113960266,0.2966063320636749,-0.013220250606536865,0.0445717072678636
fhl_0407_0408,stage_b_fam,current_stage_b,44,translate_08_down,translation,8,down,0,8,1.0,0e89d6568c75de2c55149b178718ff8789cd8f2a1e43456974fa257750ce9b85,1035,0.1046031266450882,0.29718682169914246,0.05903948098421097,0.1046031266450882,-1.0,-1.0,0.09846686571836472,0.30850642919540405,0.38100889325141907,0.2966063320636749,0.0005804896354675293,-0.0019571046626978643
fhl_0407_0408,stage_b_fam,current_stage_b,44,translate_08_left,translation,8,left,-8,0,1.0,0e89d6568c75de2c55149b178718ff8789cd8f2a1e43456974fa257750ce9b85,1035,0.1051158756017685,0.2998572587966919,0.05808065086603165,0.1051158756017685,-1.0,-1.0,0.09990108758211136,0.31241345405578613,0.3830365836620331,0.2966063320636749,0.0032509267330169678,-0.010960409072855075
fhl_0407_0408,stage_b_fam,current_stage_b,44,translate_08_right,translation,8,right,8,0,1.0,0e89d6568c75de2c55149b178718ff8789cd8f2a1e43456974fa257750ce9b85,1035,0.11229923367500305,0.29473358392715454,0.07162126153707504,0.11229923367500305,-1.0,-1.0,0.10375865548849106,0.3122156262397766,0.3775469958782196,0.2966063320636749,-0.0018727481365203857,0.006313918261591082
fhl_0407_0408,stage_b_fam,current_stage_b,44,translate_08_up,translation,8,up,0,-8,1.0,0e89d6568c75de2c55149b178718ff8789cd8f2a1e43456974fa257750ce9b85,1035,0.10616276413202286,0.29916563630104065,0.05944723263382912,0.10616276413202286,-1.0,-1.0,0.09648862481117249,0.3055885136127472,0.3757171034812927,0.2966063320636749,0.0025593042373657227,-0.008628623062626645
fhl_0407_0408,stage_b_fam,current_stage_b,44,translate_16_down,translation,16,down,0,16,1.0,0e89d6568c75de2c55149b178718ff8789cd8f2a1e43456974fa257750ce9b85,1035,0.11239443719387054,0.3134523630142212,0.06183261424303055,0.11239443719387054,-1.0,-1.0,0.10301681607961655,0.3189416527748108,0.3867952525615692,0.2966063320636749,0.016846030950546265,-0.05679592486558847
fhl_0407_0408,stage_b_fam,current_stage_b,44,translate_16_left,translation,16,left,-16,0,1.0,0e89d6568c75de2c55149b178718ff8789cd8f2a1e43456974fa257750ce9b85,1035,0.10578344017267227,0.3029564619064331,0.05313946306705475,0.10578344017267227,-1.0,-1.0,0.09935706853866577,0.31646883487701416,0.38051435351371765,0.2966063320636749,0.006350129842758179,-0.02140928616923439
fhl_0407_0408,stage_b_fam,current_stage_b,44,translate_16_right,translation,16,right,16,0,1.0,0e89d6568c75de2c55149b178718ff8789cd8f2a1e43456974fa257750ce9b85,1035,0.10718890279531479,0.3025612235069275,0.05822889134287834,0.10718890279531479,-1.0,-1.0,0.09965381026268005,0.3099406659603119,0.3759644031524658,0.2966063320636749,0.0059548914432525635,-0.020076750896788603
fhl_0407_0408,stage_b_fam,current_stage_b,44,translate_16_up,translation,16,up,0,-16,1.0,0e89d6568c75de2c55149b178718ff8789cd8f2a1e43456974fa257750ce9b85,1035,0.10813345015048981,0.3007127642631531,0.057978663593530655,0.10813345015048981,-1.0,-1.0,0.09688427299261093,0.30727002024650574,0.37151336669921875,0.2966063320636749,0.004106432199478149,-0.01384472196162214
fhl_0407_0408,stage_b_fam,current_stage_b,44,translate_32_down,translation,32,down,0,32,1.0,0e89d6568c75de2c55149b178718ff8789cd8f2a1e43456974fa257750ce9b85,1035,0.12318029999732971,0.3380824625492096,0.07099323719739914,0.12318029999732971,-1.0,-1.0,0.10405538976192474,0.3323442041873932,0.38897132873535156,0.2966063320636749,0.04147613048553467,-0.13983562049049797
fhl_0407_0408,stage_b_fam,current_stage_b,44,translate_32_left,translation,32,left,-32,0,1.0,0e89d6568c75de2c55149b178718ff8789cd8f2a1e43456974fa257750ce9b85,1035,0.1009056344628334,0.2963704466819763,0.052054498344659805,0.1009056344628334,-1.0,-1.0,0.09693372994661331,0.31132543087005615,0.37205737829208374,0.2966063320636749,-0.0002358853816986084,0.0007952810044795974
fhl_0407_0408,stage_b_fam,current_stage_b,44,translate_32_right,translation,32,right,32,0,1.0,0e89d6568c75de2c55149b178718ff8789cd8f2a1e43456974fa257750ce9b85,1035,0.1058448776602745,0.29459917545318604,0.06053321063518524,0.1058448776602745,-1.0,-1.0,0.09841740876436234,0.31824925541877747,0.3744312524795532,0.2966063320636749,-0.0020071566104888916,0.006767072693707694
fhl_0407_0408,stage_b_fam,current_stage_b,44,translate_32_up,translation,32,up,0,-32,1.0,0e89d6568c75de2c55149b178718ff8789cd8f2a1e43456974fa257750ce9b85,1035,0.10178881883621216,0.29872065782546997,0.05130210146307945,0.10178881883621216,-1.0,-1.0,0.0918397605419159,0.291691392660141,0.35939663648605347,0.2966063320636749,0.002114325761795044,-0.00712839050698737
fhl_0407_0408,stage_b_rcra,current_stage_b,40,identity,identity,0,identity,0,0,1.0,304bb429c36adc87fa4f3512f8eca588fe657792455b8254e2bb1fea0002e2fd,1035,0.24120786786079407,0.5408174395561218,0.17956674098968506,0.24120786786079407,-1.0,-1.0,0.17418397963047028,0.4147873520851135,0.4583580493927002,0.5408174395561218,0.0,0.0
fhl_0407_0408,stage_b_rcra,current_stage_b,40,scale_090,scale,,,0,0,0.9,304bb429c36adc87fa4f3512f8eca588fe657792455b8254e2bb1fea0002e2fd,1035,0.24261295795440674,0.5457335710525513,0.169831782579422,0.24261295795440674,-1.0,-1.0,0.16953511536121368,0.4137982130050659,0.4554896056652069,0.5408174395561218,0.004916131496429443,-0.009090186700459177
fhl_0407_0408,stage_b_rcra,current_stage_b,40,scale_110,scale,,,0,0,1.1,304bb429c36adc87fa4f3512f8eca588fe657792455b8254e2bb1fea0002e2fd,1035,0.2387426346540451,0.5352910757064819,0.17122098803520203,0.2387426346540451,-1.0,-1.0,0.17586548626422882,0.4154302775859833,0.4541543126106262,0.5408174395561218,-0.005526363849639893,0.010218538540797942
fhl_0407_0408,stage_b_rcra,current_stage_b,40,translate_08_down,translation,8,down,0,8,1.0,304bb429c36adc87fa4f3512f8eca588fe657792455b8254e2bb1fea0002e2fd,1035,0.23880639672279358,0.5413705110549927,0.17030325531959534,0.23880639672279358,-1.0,-1.0,0.1674579679965973,0.417161226272583,0.4581107795238495,0.5408174395561218,0.0005530714988708496,-0.001022658402666869
fhl_0407_0408,stage_b_rcra,current_stage_b,40,translate_08_left,translation,8,left,-8,0,1.0,304bb429c36adc87fa4f3512f8eca588fe657792455b8254e2bb1fea0002e2fd,1035,0.24231192469596863,0.54572594165802,0.1731584221124649,0.24231192469596863,-1.0,-1.0,0.17457962036132812,0.41656774282455444,0.4529673457145691,0.5408174395561218,0.004908502101898193,-0.009076079547151563
fhl_0407_0408,stage_b_rcra,current_stage_b,40,translate_08_right,translation,8,right,8,0,1.0,304bb429c36adc87fa4f3512f8eca588fe657792455b8254e2bb1fea0002e2fd,1035,0.2468523383140564,0.543106734752655,0.1860135793685913,0.2468523383140564,-1.0,-1.0,0.1751236468553543,0.41473788022994995,0.4600890278816223,0.5408174395561218,0.002289295196533203,-0.0042330276893662155
fhl_0407_0408,stage_b_rcra,current_stage_b,40,translate_08_up,translation,8,up,0,-8,1.0,304bb429c36adc87fa4f3512f8eca588fe657792455b8254e2bb1fea0002e2fd,1035,0.2418309897184372,0.5347000360488892,0.17746025323867798,0.2418309897184372,-1.0,-1.0,0.17700296640396118,0.4128091037273407,0.45158258080482483,0.5408174395561218,-0.006117403507232666,0.01131140207359724
fhl_0407_0408,stage_b_rcra,current_stage_b,40,translate_16_down,translation,16,down,0,16,1.0,304bb429c36adc87fa4f3512f8eca588fe657792455b8254e2bb1fea0002e2fd,1035,0.23481442034244537,0.5444850325584412,0.15633311867713928,0.23481442034244537,-1.0,-1.0,0.16419386863708496,0.41369929909706116,0.4532146453857422,0.5408174395561218,0.003667593002319336,-0.006781573104095031
fhl_0407_0408,stage_b_rcra,current_stage_b,40,translate_16_left,translation,16,left,-16,0,1.0,304bb429c36adc87fa4f3512f8eca588fe657792455b8254e2bb1fea0002e2fd,1035,0.2404789924621582,0.5352831482887268,0.17479099333286285,0.2404789924621582,-1.0,-1.0,0.17828881740570068,0.415677547454834,0.4505934715270996,0.5408174395561218,-0.0055342912673950195,0.010233196754781636
fhl_0407_0408,stage_b_rcra,current_stage_b,40,translate_16_right,translation,16,right,16,0,1.0,304bb429c36adc87fa4f3512f8eca588fe657792455b8254e2bb1fea0002e2fd,1035,0.24288654327392578,0.5490065217018127,0.16777954995632172,0.24288654327392578,-1.0,-1.0,0.17072205245494843,0.4028189778327942,0.44940653443336487,0.5408174395561218,0.008189082145690918,-0.01514204525729078
fhl_0407_0408,stage_b_rcra,current_stage_b,40,translate_16_up,translation,16,up,0,-16,1.0,304bb429c36adc87fa4f3512f8eca588fe657792455b8254e2bb1fea0002e2fd,1035,0.2458859086036682,0.5450930595397949,0.17948515713214874,0.2458859086036682,-1.0,-1.0,0.1792779415845871,0.40905043482780457,0.4518793225288391,0.5408174395561218,0.004275619983673096,-0.007905847095430815
fhl_0407_0408,stage_b_rcra,current_stage_b,40,translate_32_down,translation,32,down,0,32,1.0,304bb429c36adc87fa4f3512f8eca588fe657792455b8254e2bb1fea0002e2fd,1035,0.2351689636707306,0.5370347499847412,0.15520784258842468,0.2351689636707306,-1.0,-1.0,0.16884273290634155,0.41186943650245667,0.4498021900653839,0.5408174395561218,-0.0037826895713806152,0.006994392737196629
fhl_0407_0408,stage_b_rcra,current_stage_b,40,translate_32_left,translation,32,left,-32,0,1.0,304bb429c36adc87fa4f3512f8eca588fe657792455b8254e2bb1fea0002e2fd,1035,0.22980694472789764,0.5163271427154541,0.15449687838554382,0.22980694472789764,-1.0,-1.0,0.16805143654346466,0.41320475935935974,0.4416419267654419,0.5408174395561218,-0.024490296840667725,0.04528385190530882
fhl_0407_0408,stage_b_rcra,current_stage_b,40,translate_32_right,translation,32,right,32,0,1.0,304bb429c36adc87fa4f3512f8eca588fe657792455b8254e2bb1fea0002e2fd,1035,0.2293313443660736,0.5325166583061218,0.1465836465358734,0.2293313443660736,-1.0,-1.0,0.16651830077171326,0.39515331387519836,0.4374876320362091,0.5408174395561218,-0.00830078125,0.015348582798685081
fhl_0407_0408,stage_b_rcra,current_stage_b,40,translate_32_up,translation,32,up,0,-32,1.0,304bb429c36adc87fa4f3512f8eca588fe657792455b8254e2bb1fea0002e2fd,1035,0.24347342550754547,0.5356963872909546,0.17388001084327698,0.24347342550754547,-1.0,-1.0,0.17660732567310333,0.40697330236434937,0.4486152231693268,0.5408174395561218,-0.005121052265167236,0.009469096021330897
fhl_0407_0408,stage_b_rcra,current_stage_b,41,identity,identity,0,identity,0,0,1.0,e3f8e8af6223862f8ffe6ea0015591efd716c019300c7670040f67fad6ba3519,1035,0.15845033526420593,0.40917766094207764,0.0705583393573761,0.15845033526420593,-1.0,-1.0,0.13951532542705536,0.33165183663368225,0.3834817111492157,0.40917766094207764,0.0,0.0
fhl_0407_0408,stage_b_rcra,current_stage_b,41,scale_090,scale,,,0,0,0.9,e3f8e8af6223862f8ffe6ea0015591efd716c019300c7670040f67fad6ba3519,1035,0.16320893168449402,0.42958739399909973,0.0668441653251648,0.16320893168449402,-1.0,-1.0,0.13600395619869232,0.3327893316745758,0.38461917638778687,0.40917766094207764,0.020409733057022095,-0.04987988105223382
fhl_0407_0408,stage_b_rcra,current_stage_b,41,scale_110,scale,,,0,0,1.1,e3f8e8af6223862f8ffe6ea0015591efd716c019300c7670040f67fad6ba3519,1035,0.15599451959133148,0.3992219567298889,0.07084933668375015,0.15599451959133148,-1.0,-1.0,0.13625124096870422,0.3335311710834503,0.38466864824295044,0.40917766094207764,-0.00995570421218872,0.02433100621687661
fhl_0407_0408,stage_b_rcra,current_stage_b,41,translate_08_down,translation,8,down,0,8,1.0,e3f8e8af6223862f8ffe6ea0015591efd716c019300c7670040f67fad6ba3519,1035,0.16422364115715027,0.4197225868701935,0.06716977059841156,0.16422364115715027,-1.0,-1.0,0.14213649928569794,0.33837783336639404,0.386350154876709,0.40917766094207764,0.010544925928115845,-0.025771020597355053
fhl_0407_0408,stage_b_rcra,current_stage_b,41,translate_08_left,translation,8,left,-8,0,1.0,e3f8e8af6223862f8ffe6ea0015591efd716c019300c7670040f67fad6ba3519,1035,0.15913917124271393,0.4126744270324707,0.06617039442062378,0.15913917124271393,-1.0,-1.0,0.13753709197044373,0.33145400881767273,0.3812067210674286,0.40917766094207764,0.0034967660903930664,-0.008545838212042718
fhl_0407_0408,stage_b_rcra,current_stage_b,41,translate_08_right,translation,8,right,8,0,1.0,e3f8e8af6223862f8ffe6ea0015591efd716c019300c7670040f67fad6ba3519,1035,0.15685108304023743,0.4088497757911682,0.06985896080732346,0.15685108304023743,-1.0,-1.0,0.13808110356330872,0.32883283495903015,0.3827893137931824,0.40917766094207764,-0.00032788515090942383,0.0008013271060656427
fhl_0407_0408,stage_b_rcra,current_stage_b,41,translate_08_up,translation,8,up,0,-8,1.0,e3f8e8af6223862f8ffe6ea0015591efd716c019300c7670040f67fad6ba3519,1035,0.1595696061849594,0.4097544252872467,0.07363144308328629,0.1595696061849594,-1.0,-1.0,0.13585558533668518,0.3335806131362915,0.3871414363384247,0.40917766094207764,0.0005767643451690674,-0.0014095694858833289
fhl_0407_0408,stage_b_rcra,current_stage_b,41,translate_16_down,translation,16,down,0,16,1.0,e3f8e8af6223862f8ffe6ea0015591efd716c019300c7670040f67fad6ba3519,1035,0.16840548813343048,0.43429669737815857,0.07243118435144424,0.16840548813343048,-1.0,-1.0,0.14233432710170746,0.3409990072250366,0.3904550075531006,0.40917766094207764,0.025119036436080933,-0.061389070894651634
fhl_0407_0408,stage_b_rcra,current_stage_b,41,translate_16_left,translation,16,left,-16,0,1.0,e3f8e8af6223862f8ffe6ea0015591efd716c019300c7670040f67fad6ba3519,1035,0.16134724020957947,0.4194316864013672,0.06297221034765244,0.16134724020957947,-1.0,-1.0,0.14154303073883057,0.33402571082115173,0.38699308037757874,0.40917766094207764,0.01025402545928955,-0.02506008132428591
fhl_0407_0408,stage_b_rcra,current_stage_b,41,translate_16_right,translation,16,right,16,0,1.0,e3f8e8af6223862f8ffe6ea0015591efd716c019300c7670040f67fad6ba3519,1035,0.15534503757953644,0.40641072392463684,0.062413159757852554,0.15534503757953644,-1.0,-1.0,0.13165183365345,0.3235410451889038,0.37640950083732605,0.40917766094207764,-0.002766937017440796,0.006762189829890244
fhl_0407_0408,stage_b_rcra,current_stage_b,41,translate_16_up,translation,16,up,0,-16,1.0,e3f8e8af6223862f8ffe6ea0015591efd716c019300c7670040f67fad6ba3519,1035,0.16162420809268951,0.4222789704799652,0.06950031220912933,0.16162420809268951,-1.0,-1.0,0.13590504229068756,0.3292779326438904,0.3845697343349457,0.40917766094207764,0.013101309537887573,-0.03201863344084702
fhl_0407_0408,stage_b_rcra,current_stage_b,41,translate_32_down,translation,32,down,0,32,1.0,e3f8e8af6223862f8ffe6ea0015591efd716c019300c7670040f67fad6ba3519,1035,0.1716172844171524,0.4428539276123047,0.07723665237426758,0.1716172844171524,-1.0,-1.0,0.14371909201145172,0.33966371417045593,0.38822948932647705,0.40917766094207764,0.03367626667022705,-0.08230230993718446
fhl_0407_0408,stage_b_rcra,current_stage_b,41,translate_32_left,translation,32,left,-32,0,1.0,e3f8e8af6223862f8ffe6ea0015591efd716c019300c7670040f67fad6ba3519,1035,0.14789575338363647,0.3864734172821045,0.058687541633844376,0.14789575338363647,-1.0,-1.0,0.13209693133831024,0.3304648995399475,0.3822453022003174,0.40917766094207764,-0.022704243659973145,0.05548749559714383
fhl_0407_0408,stage_b_rcra,current_stage_b,41,translate_32_right,translation,32,right,32,0,1.0,e3f8e8af6223862f8ffe6ea0015591efd716c019300c7670040f67fad6ba3519,1035,0.15682220458984375,0.40692612528800964,0.06363575160503387,0.15682220458984375,-1.0,-1.0,0.1350642889738083,0.3269535005092621,0.37660732865333557,0.40917766094207764,-0.002251535654067993,0.005502586942024472
fhl_0407_0408,stage_b_rcra,current_stage_b,41,translate_32_up,translation,32,up,0,-32,1.0,e3f8e8af6223862f8ffe6ea0015591efd716c019300c7670040f67fad6ba3519,1035,0.16052883863449097,0.4239456355571747,0.06193610653281212,0.16052883863449097,-1.0,-1.0,0.1376360058784485,0.32754698395729065,0.3770029544830322,0.40917766094207764,0.014767974615097046,-0.03609183986509853
fhl_0407_0408,stage_b_rcra,current_stage_b,42,identity,identity,0,identity,0,0,1.0,177bf17ec9f3d77aa90c200e4e2bea899141d3eaa61df63662f3777760258101,1035,0.14858396351337433,0.3942091763019562,0.08274157345294952,0.14858396351337433,-1.0,-1.0,0.12116716057062149,0.34609296917915344,0.40727004408836365,0.3942091763019562,0.0,0.0
fhl_0407_0408,stage_b_rcra,current_stage_b,42,scale_090,scale,,,0,0,0.9,177bf17ec9f3d77aa90c200e4e2bea899141d3eaa61df63662f3777760258101,1035,0.15334156155586243,0.40972432494163513,0.08250290900468826,0.15334156155586243,-1.0,-1.0,0.12181008607149124,0.34223541617393494,0.4071216583251953,0.3942091763019562,0.015515148639678955,-0.03935765469800903
fhl_0407_0408,stage_b_rcra,current_stage_b,42,scale_110,scale,,,0,0,1.1,177bf17ec9f3d77aa90c200e4e2bea899141d3eaa61df63662f3777760258101,1035,0.15298759937286377,0.40243443846702576,0.08168493211269379,0.15298759937286377,-1.0,-1.0,0.12002967298030853,0.3507913053035736,0.40702274441719055,0.3942091763019562,0.00822526216506958,-0.020865222474601142
fhl_0407_0408,stage_b_rcra,current_stage_b,42,translate_08_down,translation,8,down,0,8,1.0,177bf17ec9f3d77aa90c200e4e2bea899141d3eaa61df63662f3777760258101,1035,0.14940425753593445,0.40722939372062683,0.08113453537225723,0.14940425753593445,-1.0,-1.0,0.11948566138744354,0.34995055198669434,0.4060830771923065,0.3942091763019562,0.013020217418670654,-0.03302870202264757
fhl_0407_0408,stage_b_rcra,current_stage_b,42,translate_08_left,translation,8,left,-8,0,1.0,177bf17ec9f3d77aa90c200e4e2bea899141d3eaa61df63662f3777760258101,1035,0.15727008879184723,0.4105035066604614,0.08711514621973038,0.15727008879184723,-1.0,-1.0,0.12368941307067871,0.35089021921157837,0.4102374017238617,0.3942091763019562,0.01629433035850525,-0.04133422390458036
fhl_0407_0408,stage_b_rcra,current_stage_b,42,translate_08_right,translation,8,right,8,0,1.0,177bf17ec9f3d77aa90c200e4e2bea899141d3eaa61df63662f3777760258101,1035,0.15431508421897888,0.40088778734207153,0.08867908269166946,0.15431508421897888,-1.0,-1.0,0.12349159270524979,0.3496043384075165,0.405341237783432,0.3942091763019562,0.0066786110401153564,-0.01694179496978446
fhl_0407_0408,stage_b_rcra,current_stage_b,42,translate_08_up,translation,8,up,0,-8,1.0,177bf17ec9f3d77aa90c200e4e2bea899141d3eaa61df63662f3777760258101,1035,0.1532706767320633,0.39871835708618164,0.08256526291370392,0.1532706767320633,-1.0,-1.0,0.12497527152299881,0.3456973433494568,0.4091493487358093,0.3942091763019562,0.004509180784225464,-0.011438548504947849
fhl_0407_0408,stage_b_rcra,current_stage_b,42,translate_16_down,translation,16,down,0,16,1.0,177bf17ec9f3d77aa90c200e4e2bea899141d3eaa61df63662f3777760258101,1035,0.1488887220621109,0.40923622250556946,0.08048568665981293,0.1488887220621109,-1.0,-1.0,0.12057369202375412,0.34841740131378174,0.41058358550071716,0.3942091763019562,0.015027046203613281,-0.03811947338359996
fhl_0407_0408,stage_b_rcra,current_stage_b,42,translate_16_left,translation,16,left,-16,0,1.0,177bf17ec9f3d77aa90c200e4e2bea899141d3eaa61df63662f3777760258101,1035,0.16078288853168488,0.4130887985229492,0.08634543418884277,0.16078288853168488,-1.0,-1.0,0.12334322184324265,0.35613253712654114,0.4120177924633026,0.3942091763019562,0.018879622220993042,-0.04789239661567806
fhl_0407_0408,stage_b_rcra,current_stage_b,42,translate_16_right,translation,16,right,16,0,1.0,177bf17ec9f3d77aa90c200e4e2bea899141d3eaa61df63662f3777760258101,1035,0.14648230373859406,0.38478511571884155,0.08088800311088562,0.14648230373859406,-1.0,-1.0,0.11904055625200272,0.344658762216568,0.4040553867816925,0.3942091763019562,-0.009424060583114624,0.023906243562164028
fhl_0407_0408,stage_b_rcra,current_stage_b,42,translate_16_up,translation,16,up,0,-16,1.0,177bf17ec9f3d77aa90c200e4e2bea899141d3eaa61df63662f3777760258101,1035,0.1581304520368576,0.4140641987323761,0.0789569690823555,0.1581304520368576,-1.0,-1.0,0.12225519120693207,0.3476755619049072,0.4072205722332001,0.3942091763019562,0.019855022430419922,-0.05036671803705396
fhl_0407_0408,stage_b_rcra,current_stage_b,42,translate_32_down,translation,32,down,0,32,1.0,177bf17ec9f3d77aa90c200e4e2bea899141d3eaa61df63662f3777760258101,1035,0.16333679854869843,0.42865175008773804,0.0897364392876625,0.16333679854869843,-1.0,-1.0,0.12477745115756989,0.3600890338420868,0.40756675601005554,0.3942091763019562,0.03444257378578186,-0.08737131415581141
fhl_0407_0408,stage_b_rcra,current_stage_b,42,translate_32_left,translation,32,left,-32,0,1.0,177bf17ec9f3d77aa90c200e4e2bea899141d3eaa61df63662f3777760258101,1035,0.16877250373363495,0.42778077721595764,0.09693066030740738,0.16877250373363495,-1.0,-1.0,0.1277942657470703,0.35741838812828064,0.4100395739078522,0.3942091763019562,0.033571600914001465,-0.08516189610027318
fhl_0407_0408,stage_b_rcra,current_stage_b,42,translate_32_right,translation,32,right,32,0,1.0,177bf17ec9f3d77aa90c200e4e2bea899141d3eaa61df63662f3777760258101,1035,0.14835071563720703,0.38727882504463196,0.07701229304075241,0.14835071563720703,-1.0,-1.0,0.11750742048025131,0.33941641449928284,0.3989119827747345,0.3942091763019562,-0.006930351257324219,0.017580390498103757
fhl_0407_0408,stage_b_rcra,current_stage_b,42,translate_32_up,translation,32,up,0,-32,1.0,177bf17ec9f3d77aa90c200e4e2bea899141d3eaa61df63662f3777760258101,1035,0.16392360627651215,0.4284828007221222,0.08542189747095108,0.16392360627651215,-1.0,-1.0,0.12388724088668823,0.34757664799690247,0.40603363513946533,0.3942091763019562,0.034273624420166016,-0.08694273619321616
fhl_0407_0408,stage_b_rcra,current_stage_b,43,identity,identity,0,identity,0,0,1.0,bff3756eca0f76f3df37a5a8b90e5d62dc8ea408e30cb597e5944da40b234a41,1035,0.09231598675251007,0.28768178820610046,0.029060957953333855,0.09231598675251007,-1.0,-1.0,0.09114737808704376,0.28051432967185974,0.35667654871940613,0.28768178820610046,0.0,0.0
fhl_0407_0408,stage_b_rcra,current_stage_b,43,scale_090,scale,,,0,0,0.9,bff3756eca0f76f3df37a5a8b90e5d62dc8ea408e30cb597e5944da40b234a41,1035,0.09882508218288422,0.3010419011116028,0.03903746232390404,0.09882508218288422,-1.0,-1.0,0.0936201810836792,0.28531157970428467,0.36102867126464844,0.28768178820610046,0.01336011290550232,-0.04644059322910942
fhl_0407_0408,stage_b_rcra,current_stage_b,43,scale_110,scale,,,0,0,1.1,bff3756eca0f76f3df37a5a8b90e5d62dc8ea408e30cb597e5944da40b234a41,1035,0.09253115206956863,0.2843773663043976,0.0328027606010437,0.09253115206956863,-1.0,-1.0,0.0990108773112297,0.29149356484413147,0.3608308732509613,0.28768178820610046,-0.003304421901702881,0.011486378481961927
fhl_0407_0408,stage_b_rcra,current_stage_b,43,translate_08_down,translation,8,down,0,8,1.0,bff3756eca0f76f3df37a5a8b90e5d62dc8ea408e30cb597e5944da40b234a41,1035,0.10463631898164749,0.315214067697525,0.03523006662726402,0.10463631898164749,-1.0,-1.0,0.09935706853866577,0.2947082221508026,0.36844709515571594,0.28768178820610046,0.02753227949142456,-0.09570393615497111
fhl_0407_0408,stage_b_rcra,current_stage_b,43,translate_08_left,translation,8,left,-8,0,1.0,bff3756eca0f76f3df37a5a8b90e5d62dc8ea408e30cb597e5944da40b234a41,1035,0.09134890139102936,0.28050312399864197,0.030515829101204872,0.09134890139102936,-1.0,-1.0,0.09584569931030273,0.27457961440086365,0.35093966126441956,0.28768178820610046,-0.007178664207458496,0.024953488547963178
fhl_0407_0408,stage_b_rcra,current_stage_b,43,translate_08_right,translation,8,right,8,0,1.0,bff3756eca0f76f3df37a5a8b90e5d62dc8ea408e30cb597e5944da40b234a41,1035,0.1022142767906189,0.2984778881072998,0.04352281987667084,0.1022142767906189,-1.0,-1.0,0.10173095762729645,0.2954995036125183,0.36562809348106384,0.28768178820610046,0.01079609990119934,-0.03752792266942118
fhl_0407_0408,stage_b_rcra,current_stage_b,43,translate_08_up,translation,8,up,0,-8,1.0,bff3756eca0f76f3df37a5a8b90e5d62dc8ea408e30cb597e5944da40b234a41,1035,0.0934206172823906,0.2837678790092468,0.031811848282814026,0.0934206172823906,-1.0,-1.0,0.0936201810836792,0.2816518247127533,0.3534619212150574,0.28768178820610046,-0.003913909196853638,0.01360499467574792
fhl_0407_0408,stage_b_rcra,current_stage_b,43,translate_16_down,translation,16,down,0,16,1.0,bff3756eca0f76f3df37a5a8b90e5d62dc8ea408e30cb597e5944da40b234a41,1035,0.11231421679258347,0.3170894682407379,0.04589695483446121,0.11231421679258347,-1.0,-1.0,0.09846686571836472,0.30929771065711975,0.38100889325141907,0.28768178820610046,0.02940768003463745,-0.10222294646461685
fhl_0407_0408,stage_b_rcra,current_stage_b,43,translate_16_left,translation,16,left,-16,0,1.0,bff3756eca0f76f3df37a5a8b90e5d62dc8ea408e30cb597e5944da40b234a41,1035,0.0944375991821289,0.29452377557754517,0.0319860577583313,0.0944375991821289,-1.0,-1.0,0.10123640298843384,0.2765578627586365,0.3472799062728882,0.28768178820610046,0.006841987371444702,-0.023783178678460446
fhl_0407_0408,stage_b_rcra,current_stage_b,43,translate_16_right,translation,16,right,16,0,1.0,bff3756eca0f76f3df37a5a8b90e5d62dc8ea408e30cb597e5944da40b234a41,1035,0.09935431182384491,0.29534026980400085,0.044094838201999664,0.09935431182384491,-1.0,-1.0,0.10034619271755219,0.29465875029563904,0.3628585636615753,0.28768178820610046,0.007658481597900391,-0.02662136399268248
fhl_0407_0408,stage_b_rcra,current_stage_b,43,translate_16_up,translation,16,up,0,-16,1.0,bff3756eca0f76f3df37a5a8b90e5d62dc8ea408e30cb597e5944da40b234a41,1035,0.09504718333482742,0.2923392653465271,0.033260829746723175,0.09504718333482742,-1.0,-1.0,0.09114737808704376,0.28046488761901855,0.3525717258453369,0.28768178820610046,0.004657477140426636,-0.016189683641322245
fhl_0407_0408,stage_b_rcra,current_stage_b,43,translate_32_down,translation,32,down,0,32,1.0,bff3756eca0f76f3df37a5a8b90e5d62dc8ea408e30cb597e5944da40b234a41,1035,0.11963702738285065,0.3185453712940216,0.05438108369708061,0.11963702738285065,-1.0,-1.0,0.10252225399017334,0.3116716146469116,0.37408506870269775,0.28768178820610046,0.030863583087921143,-0.10728375709973657
fhl_0407_0408,stage_b_rcra,current_stage_b,43,translate_32_left,translation,32,left,-32,0,1.0,bff3756eca0f76f3df37a5a8b90e5d62dc8ea408e30cb597e5944da40b234a41,1035,0.09662996977567673,0.2851186990737915,0.040575429797172546,0.09662996977567673,-1.0,-1.0,0.10687438398599625,0.28298714756965637,0.3559841811656952,0.28768178820610046,-0.00256308913230896,0.008909459122496542
fhl_0407_0408,stage_b_rcra,current_stage_b,43,translate_32_right,translation,32,right,32,0,1.0,bff3756eca0f76f3df37a5a8b90e5d62dc8ea408e30cb597e5944da40b234a41,1035,0.10297850519418716,0.30408912897109985,0.04038563370704651,0.10297850519418716,-1.0,-1.0,0.10375865548849106,0.2936696410179138,0.3600395619869232,0.28768178820610046,0.01640734076499939,-0.05703294903480255
fhl_0407_0408,stage_b_rcra,current_stage_b,43,translate_32_up,translation,32,up,0,-32,1.0,bff3756eca0f76f3df37a5a8b90e5d62dc8ea408e30cb597e5944da40b234a41,1035,0.09980557858943939,0.29627856612205505,0.040463969111442566,0.09980557858943939,-1.0,-1.0,0.09614243358373642,0.2803165316581726,0.3487636148929596,0.28768178820610046,0.00859677791595459,-0.029882941042467734
fhl_0407_0408,stage_b_rcra,current_stage_b,44,identity,identity,0,identity,0,0,1.0,604eb7ee24f2118ff6c850cf168ad3002cdf7d56ada427479ce73d0ea67d7a0e,1035,0.19221259653568268,0.4550074636936188,0.12255201488733292,0.19221259653568268,-1.0,-1.0,0.14698319137096405,0.3711671531200409,0.405341237783432,0.4550074636936188,0.0,0.0
fhl_0407_0408,stage_b_rcra,current_stage_b,44,scale_090,scale,,,0,0,0.9,604eb7ee24f2118ff6c850cf168ad3002cdf7d56ada427479ce73d0ea67d7a0e,1035,0.18457145988941193,0.4460425078868866,0.10782727599143982,0.18457145988941193,-1.0,-1.0,0.14441147446632385,0.36409494280815125,0.40187934041023254,0.4550074636936188,-0.008964955806732178,0.019702876374724194
fhl_0407_0408,stage_b_rcra,current_stage_b,44,scale_110,scale,,,0,0,1.1,604eb7ee24f2118ff6c850cf168ad3002cdf7d56ada427479ce73d0ea67d7a0e,1035,0.1919124871492386,0.4536574184894562,0.12057311832904816,0.1919124871492386,-1.0,-1.0,0.15296736359596252,0.37126606702804565,0.40702274441719055,0.4550074636936188,-0.0013500452041625977,0.002967083645624891
fhl_0407_0408,stage_b_rcra,current_stage_b,44,translate_08_down,translation,8,down,0,8,1.0,604eb7ee24f2118ff6c850cf168ad3002cdf7d56ada427479ce73d0ea67d7a0e,1035,0.18680886924266815,0.45039480924606323,0.12295235693454742,0.18680886924266815,-1.0,-1.0,0.1455489546060562,0.3741839826107025,0.4076162278652191,0.4550074636936188,-0.004612654447555542,0.010137535789218378
fhl_0407_0408,stage_b_rcra,current_stage_b,44,translate_08_left,translation,8,left,-8,0,1.0,604eb7ee24f2118ff6c850cf168ad3002cdf7d56ada427479ce73d0ea67d7a0e,1035,0.19178101420402527,0.458389014005661,0.11809394508600235,0.19178101420402527,-1.0,-1.0,0.15158259868621826,0.3680514395236969,0.40682491660118103,0.4550074636936188,0.0033815503120422363,-0.007431856797670505
fhl_0407_0408,stage_b_rcra,current_stage_b,44,translate_08_right,translation,8,right,8,0,1.0,604eb7ee24f2118ff6c850cf168ad3002cdf7d56ada427479ce73d0ea67d7a0e,1035,0.19754616916179657,0.4546615481376648,0.1306823492050171,0.19754616916179657,-1.0,-1.0,0.15108802914619446,0.374530166387558,0.40860533714294434,0.4550074636936188,-0.0003459155559539795,0.0007602414983392519
fhl_0407_0408,stage_b_rcra,current_stage_b,44,translate_08_up,translation,8,up,0,-8,1.0,604eb7ee24f2118ff6c850cf168ad3002cdf7d56ada427479ce73d0ea67d7a0e,1035,0.19179870188236237,0.45188450813293457,0.11732038855552673,0.19179870188236237,-1.0,-1.0,0.14881305396556854,0.36691394448280334,0.40321463346481323,0.4550074636936188,-0.003122955560684204,0.006863526007536131
fhl_0407_0408,stage_b_rcra,current_stage_b,44,translate_16_down,translation,16,down,0,16,1.0,604eb7ee24f2118ff6c850cf168ad3002cdf7d56ada427479ce73d0ea67d7a0e,1035,0.18330611288547516,0.44530317187309265,0.12333586812019348,0.18330611288547516,-1.0,-1.0,0.14268051087856293,0.3750247359275818,0.41266071796417236,0.4550074636936188,-0.009704291820526123,0.021327764036548968
fhl_0407_0408,stage_b_rcra,current_stage_b,44,translate_16_left,translation,16,left,-16,0,1.0,604eb7ee24f2118ff6c850cf168ad3002cdf7d56ada427479ce73d0ea67d7a0e,1035,0.19291532039642334,0.4547741413116455,0.11264688521623611,0.19291532039642334,-1.0,-1.0,0.15375865995883942,0.3693372905254364,0.4045499563217163,0.4550074636936188,-0.0002333223819732666,0.0005127880322648405
fhl_0407_0408,stage_b_rcra,current_stage_b,44,translate_16_right,translation,16,right,16,0,1.0,604eb7ee24f2118ff6c850cf168ad3002cdf7d56ada427479ce73d0ea67d7a0e,1035,0.1955941617488861,0.4594261646270752,0.12290500849485397,0.1955941617488861,-1.0,-1.0,0.15504451096057892,0.37304648756980896,0.40593472123146057,0.4550074636936188,0.004418700933456421,-0.00971127132198379
fhl_0407_0408,stage_b_rcra,current_stage_b,44,translate_16_up,translation,16,up,0,-16,1.0,604eb7ee24f2118ff6c850cf168ad3002cdf7d56ada427479ce73d0ea67d7a0e,1035,0.19411560893058777,0.457435667514801,0.11726389825344086,0.19411560893058777,-1.0,-1.0,0.15212661027908325,0.3644905984401703,0.404797226190567,0.4550074636936188,0.002428203821182251,-0.005336624154405723
fhl_0407_0408,stage_b_rcra,current_stage_b,44,translate_32_down,translation,32,down,0,32,1.0,604eb7ee24f2118ff6c850cf168ad3002cdf7d56ada427479ce73d0ea67d7a0e,1035,0.19528985023498535,0.4533252716064453,0.13219404220581055,0.19528985023498535,-1.0,-1.0,0.1458456963300705,0.37408506870269775,0.40781405568122864,0.4550074636936188,-0.001682192087173462,0.0036970648206908823
fhl_0407_0408,stage_b_rcra,current_stage_b,44,translate_32_left,translation,32,left,-32,0,1.0,604eb7ee24f2118ff6c850cf168ad3002cdf7d56ada427479ce73d0ea67d7a0e,1035,0.19099834561347961,0.44942015409469604,0.11894312500953674,0.19099834561347961,-1.0,-1.0,0.15336300432682037,0.3716617226600647,0.4056379795074463,0.4550074636936188,-0.0055873095989227295,0.012279599885167969
fhl_0407_0408,stage_b_rcra,current_stage_b,44,translate_32_right,translation,32,right,32,0,1.0,604eb7ee24f2118ff6c850cf168ad3002cdf7d56ada427479ce73d0ea67d7a0e,1035,0.19800592958927155,0.45643851161003113,0.11791747808456421,0.19800592958927155,-1.0,-1.0,0.15469831228256226,0.37334322929382324,0.40628090500831604,0.4550074636936188,0.0014310479164123535,-0.0031451086643623847
fhl_0407_0408,stage_b_rcra,current_stage_b,44,translate_32_up,translation,32,up,0,-32,1.0,604eb7ee24f2118ff6c850cf168ad3002cdf7d56ada427479ce73d0ea67d7a0e,1035,0.19884242117404938,0.4701865613460541,0.11122986674308777,0.19884242117404938,-1.0,-1.0,0.15306627750396729,0.36587536334991455,0.40192878246307373,0.4550074636936188,0.015179097652435303,-0.0333601069512482
